=== cost_to debug log ===
=== cost_to(172,100)->(171,110) boat=1 sh=40 tr=40 mn=40 arm=40 budget=16000 src_terrain=10 dst_terrain=2 ===
  expand #1: (172,100) boat=1 g=0.00 terrain=10 f_top=10.41
    neigh(172,99) d=0 terrain=10 cost=2.00
    neigh(173,99) d=1 terrain=10 cost=2.00
    neigh(173,100) d=2 terrain=10 cost=2.00
    neigh(173,101) d=3 terrain=10 cost=3.00
    neigh(172,101) d=4 terrain=10 cost=3.10
    neigh(171,101) d=5 terrain=10 cost=3.20
    neigh(171,100) d=6 terrain=10 cost=2.60
    neigh(171,99) d=7 terrain=10 cost=2.00
  expand #2: (172,101) boat=1 g=3.10 terrain=10 f_top=12.51
    neigh(172,100) d=0 terrain=10 cost=2.00
    neigh(173,100) d=1 terrain=10 cost=2.00
    neigh(173,101) d=2 terrain=10 cost=3.00
    neigh(173,102) d=3 terrain=1 cost=3.60
    neigh(172,102) d=4 terrain=1 cost=3.70
    neigh(171,102) d=5 terrain=1 cost=3.70
    neigh(171,101) d=6 terrain=10 cost=3.20
    neigh(171,100) d=7 terrain=10 cost=2.60
  expand #3: (171,100) boat=1 g=2.60 terrain=10 f_top=12.60
    neigh(171,99) d=0 terrain=10 cost=2.00
    neigh(172,99) d=1 terrain=10 cost=2.00
    neigh(172,100) d=2 terrain=10 cost=2.00
    neigh(172,101) d=3 terrain=10 cost=3.10
    neigh(171,101) d=4 terrain=10 cost=3.20
    neigh(170,101) d=5 terrain=10 cost=3.10
    neigh(170,100) d=6 terrain=10 cost=2.00
    neigh(170,99) d=7 terrain=10 cost=2.00
  expand #4: (173,100) boat=1 g=2.00 terrain=10 f_top=12.82
    neigh(173,99) d=0 terrain=10 cost=2.00
    neigh(174,99) d=1 terrain=10 cost=2.00
    neigh(174,100) d=2 terrain=10 cost=2.00
    neigh(174,101) d=3 terrain=10 cost=2.50
    neigh(173,101) d=4 terrain=10 cost=3.00
    neigh(172,101) d=5 terrain=10 cost=3.10
    neigh(172,100) d=6 terrain=10 cost=2.00
    neigh(172,99) d=7 terrain=10 cost=2.00
  expand #5: (172,99) boat=1 g=2.00 terrain=10 f_top=13.41
    neigh(172,98) d=0 terrain=10 cost=2.00
    neigh(173,98) d=1 terrain=10 cost=2.00
    neigh(173,99) d=2 terrain=10 cost=2.00
    neigh(173,100) d=3 terrain=10 cost=2.00
    neigh(172,100) d=4 terrain=10 cost=2.00
    neigh(171,100) d=5 terrain=10 cost=2.60
    neigh(171,99) d=6 terrain=10 cost=2.00
    neigh(171,98) d=7 terrain=10 cost=2.00
  expand #6: (171,101) boat=1 g=4.51 terrain=10 f_top=13.51
    neigh(171,100) d=0 terrain=10 cost=2.60
    neigh(172,100) d=1 terrain=10 cost=2.00
    neigh(172,101) d=2 terrain=10 cost=3.10
    neigh(172,102) d=3 terrain=1 cost=3.70
    neigh(171,102) d=4 terrain=1 cost=3.70
    neigh(170,102) d=5 terrain=1 cost=3.70
    neigh(170,101) d=6 terrain=10 cost=3.10
    neigh(170,100) d=7 terrain=10 cost=2.00
  expand #7: (171,99) boat=1 g=2.82 terrain=10 f_top=13.82
    neigh(171,98) d=0 terrain=10 cost=2.00
    neigh(172,98) d=1 terrain=10 cost=2.00
    neigh(172,99) d=2 terrain=10 cost=2.00
    neigh(172,100) d=3 terrain=10 cost=2.00
    neigh(171,100) d=4 terrain=10 cost=2.60
    neigh(170,100) d=5 terrain=10 cost=2.00
    neigh(170,99) d=6 terrain=10 cost=2.00
    neigh(170,98) d=7 terrain=10 cost=2.00
  expand #8: (173,101) boat=1 g=4.23 terrain=10 f_top=14.05
    neigh(173,100) d=0 terrain=10 cost=2.00
    neigh(174,100) d=1 terrain=10 cost=2.00
    neigh(174,101) d=2 terrain=10 cost=2.50
    neigh(174,102) d=3 terrain=1 cost=2.90
    neigh(173,102) d=4 terrain=1 cost=3.60
    neigh(172,102) d=5 terrain=1 cost=3.70
    neigh(172,101) d=6 terrain=10 cost=3.10
    neigh(172,100) d=7 terrain=10 cost=2.00
  expand #9: (173,99) boat=1 g=2.82 terrain=10 f_top=14.64
    neigh(173,98) d=0 terrain=10 cost=2.00
    neigh(174,98) d=1 terrain=10 cost=2.00
    neigh(174,99) d=2 terrain=10 cost=2.00
    neigh(174,100) d=3 terrain=10 cost=2.00
    neigh(173,100) d=4 terrain=10 cost=2.00
    neigh(172,100) d=5 terrain=10 cost=2.00
    neigh(172,99) d=6 terrain=10 cost=2.00
    neigh(172,98) d=7 terrain=10 cost=2.00
  expand #10: (170,100) boat=1 g=4.60 terrain=10 f_top=15.01
    neigh(170,99) d=0 terrain=10 cost=2.00
    neigh(171,99) d=1 terrain=10 cost=2.00
    neigh(171,100) d=2 terrain=10 cost=2.60
    neigh(171,101) d=3 terrain=10 cost=3.20
    neigh(170,101) d=4 terrain=10 cost=3.10
    neigh(169,101) d=5 terrain=10 cost=3.00
    neigh(169,100) d=6 terrain=10 cost=2.00
    neigh(169,99) d=7 terrain=10 cost=2.00
  expand #11: (172,102) boat=1 g=6.80 terrain=1 f_top=15.21
    neigh(172,101) d=0 terrain=10 cost=3.10
    neigh(173,101) d=1 terrain=10 cost=3.00
    neigh(173,102) d=2 terrain=1 cost=3.60
    neigh(172,103) d=4 terrain=2 cost=20.27
    neigh(171,102) d=6 terrain=1 cost=3.70
    neigh(171,101) d=7 terrain=10 cost=3.20
  expand #12: (174,100) boat=1 g=4.00 terrain=10 f_top=15.23
    neigh(174,99) d=0 terrain=10 cost=2.00
    neigh(175,99) d=1 terrain=10 cost=2.00
    neigh(175,100) d=2 terrain=10 cost=2.00
    neigh(175,101) d=3 terrain=10 cost=2.40
    neigh(174,101) d=4 terrain=10 cost=2.50
    neigh(173,101) d=5 terrain=10 cost=3.00
    neigh(173,100) d=6 terrain=10 cost=2.00
    neigh(173,99) d=7 terrain=10 cost=2.00
  expand #13: (172,98) boat=1 g=4.00 terrain=10 f_top=16.41
    neigh(172,97) d=0 terrain=10 cost=2.00
    neigh(173,97) d=1 terrain=10 cost=2.00
    neigh(173,98) d=2 terrain=10 cost=2.00
    neigh(173,99) d=3 terrain=10 cost=2.00
    neigh(172,99) d=4 terrain=10 cost=2.00
    neigh(171,99) d=5 terrain=10 cost=2.00
    neigh(171,98) d=6 terrain=10 cost=2.00
    neigh(171,97) d=7 terrain=10 cost=2.00
  expand #14: (169,100) boat=1 g=6.60 terrain=10 f_top=17.42
    neigh(169,99) d=0 terrain=10 cost=2.00
    neigh(170,99) d=1 terrain=10 cost=2.00
    neigh(170,100) d=2 terrain=10 cost=2.00
    neigh(170,101) d=3 terrain=10 cost=3.10
    neigh(169,101) d=4 terrain=10 cost=3.00
    neigh(168,101) d=5 terrain=10 cost=2.90
    neigh(168,100) d=6 terrain=10 cost=2.00
    neigh(168,99) d=7 terrain=10 cost=2.00
  expand #15: (174,102) boat=1 g=8.32 terrain=1 f_top=17.55
    neigh(174,101) d=0 terrain=10 cost=2.50
    neigh(175,101) d=1 terrain=10 cost=2.40
    neigh(175,102) d=2 terrain=1 cost=2.70
    neigh(174,103) d=4 terrain=2 cost=14.40
    neigh(173,102) d=6 terrain=1 cost=3.60
    neigh(173,101) d=7 terrain=10 cost=3.00
  expand #16: (175,100) boat=1 g=6.00 terrain=10 f_top=17.64
    neigh(175,99) d=0 terrain=10 cost=2.00
    neigh(176,99) d=1 terrain=10 cost=2.00
    neigh(176,100) d=2 terrain=10 cost=2.00
    neigh(176,101) d=3 terrain=10 cost=2.00
    neigh(175,101) d=4 terrain=10 cost=2.40
    neigh(174,101) d=5 terrain=10 cost=2.50
    neigh(174,100) d=6 terrain=10 cost=2.00
    neigh(174,99) d=7 terrain=10 cost=2.00
  expand #17: (170,98) boat=1 g=5.64 terrain=10 f_top=18.05
    neigh(170,97) d=0 terrain=10 cost=2.00
    neigh(171,97) d=1 terrain=10 cost=2.00
    neigh(171,98) d=2 terrain=10 cost=2.00
    neigh(171,99) d=3 terrain=10 cost=2.00
    neigh(170,99) d=4 terrain=10 cost=2.00
    neigh(169,99) d=5 terrain=10 cost=2.00
    neigh(169,98) d=6 terrain=10 cost=2.00
    neigh(169,97) d=7 terrain=10 cost=2.00
  expand #18: (170,102) boat=1 g=9.73 terrain=1 f_top=18.14
    neigh(170,101) d=0 terrain=10 cost=3.10
    neigh(171,101) d=1 terrain=10 cost=3.20
    neigh(171,102) d=2 terrain=1 cost=3.70
    neigh(170,103) d=4 terrain=2 cost=20.27
    neigh(169,102) d=6 terrain=1 cost=3.60
    neigh(169,101) d=7 terrain=10 cost=3.00
  expand #19: (171,102) boat=1 g=10.21 terrain=1 f_top=18.21
    neigh(171,101) d=0 terrain=10 cost=3.20
    neigh(172,101) d=1 terrain=10 cost=3.10
    neigh(172,102) d=2 terrain=1 cost=3.70
    neigh(171,103) d=4 terrain=2 cost=20.27
    neigh(170,102) d=6 terrain=1 cost=3.70
    neigh(170,101) d=7 terrain=10 cost=3.10
  expand #20: (170,99) boat=1 g=6.82 terrain=10 f_top=18.23
    neigh(170,98) d=0 terrain=10 cost=2.00
    neigh(171,98) d=1 terrain=10 cost=2.00
    neigh(171,99) d=2 terrain=10 cost=2.00
    neigh(171,100) d=3 terrain=10 cost=2.60
    neigh(170,100) d=4 terrain=10 cost=2.00
    neigh(169,100) d=5 terrain=10 cost=2.00
    neigh(169,99) d=6 terrain=10 cost=2.00
    neigh(169,98) d=7 terrain=10 cost=2.00
  FOUND dest at expand #9065, cost=185.34
  result=185.34 expanded=9065 open_remaining=1290 term=FOUND
  timing: init=35.1us search=2584.3us total=2619.4us  per-expand=0.29us
  heap: pushes=16113 pops=14823 stale_pops=5758 peak_open=1291
  neigh: total=72512 oob=0 diag_blocked=759 cost_inf=55 already_closed=34833 worse_g=20753 relaxed=16112

=== cost_to(172,100)->(166,115) boat=1 sh=40 tr=40 mn=40 arm=40 budget=16000 src_terrain=10 dst_terrain=7 ===
  expand #1: (172,100) boat=1 g=0.00 terrain=10 f_top=17.46
    neigh(172,99) d=0 terrain=10 cost=2.00
    neigh(173,99) d=1 terrain=10 cost=2.00
    neigh(173,100) d=2 terrain=10 cost=2.00
    neigh(173,101) d=3 terrain=10 cost=3.00
    neigh(172,101) d=4 terrain=10 cost=3.10
    neigh(171,101) d=5 terrain=10 cost=3.20
    neigh(171,100) d=6 terrain=10 cost=2.60
    neigh(171,99) d=7 terrain=10 cost=2.00
  expand #2: (172,101) boat=1 g=3.10 terrain=10 f_top=19.56
    neigh(172,100) d=0 terrain=10 cost=2.00
    neigh(173,100) d=1 terrain=10 cost=2.00
    neigh(173,101) d=2 terrain=10 cost=3.00
    neigh(173,102) d=3 terrain=1 cost=3.60
    neigh(172,102) d=4 terrain=1 cost=3.70
    neigh(171,102) d=5 terrain=1 cost=3.70
    neigh(171,101) d=6 terrain=10 cost=3.20
    neigh(171,100) d=7 terrain=10 cost=2.60
  expand #3: (171,100) boat=1 g=2.60 terrain=10 f_top=19.65
    neigh(171,99) d=0 terrain=10 cost=2.00
    neigh(172,99) d=1 terrain=10 cost=2.00
    neigh(172,100) d=2 terrain=10 cost=2.00
    neigh(172,101) d=3 terrain=10 cost=3.10
    neigh(171,101) d=4 terrain=10 cost=3.20
    neigh(170,101) d=5 terrain=10 cost=3.10
    neigh(170,100) d=6 terrain=10 cost=2.00
    neigh(170,99) d=7 terrain=10 cost=2.00
  expand #4: (173,100) boat=1 g=2.00 terrain=10 f_top=19.87
    neigh(173,99) d=0 terrain=10 cost=2.00
    neigh(174,99) d=1 terrain=10 cost=2.00
    neigh(174,100) d=2 terrain=10 cost=2.00
    neigh(174,101) d=3 terrain=10 cost=2.50
    neigh(173,101) d=4 terrain=10 cost=3.00
    neigh(172,101) d=5 terrain=10 cost=3.10
    neigh(172,100) d=6 terrain=10 cost=2.00
    neigh(172,99) d=7 terrain=10 cost=2.00
  expand #5: (172,99) boat=1 g=2.00 terrain=10 f_top=20.46
    neigh(172,98) d=0 terrain=10 cost=2.00
    neigh(173,98) d=1 terrain=10 cost=2.00
    neigh(173,99) d=2 terrain=10 cost=2.00
    neigh(173,100) d=3 terrain=10 cost=2.00
    neigh(172,100) d=4 terrain=10 cost=2.00
    neigh(171,100) d=5 terrain=10 cost=2.60
    neigh(171,99) d=6 terrain=10 cost=2.00
    neigh(171,98) d=7 terrain=10 cost=2.00
  expand #6: (171,101) boat=1 g=4.51 terrain=10 f_top=20.56
    neigh(171,100) d=0 terrain=10 cost=2.60
    neigh(172,100) d=1 terrain=10 cost=2.00
    neigh(172,101) d=2 terrain=10 cost=3.10
    neigh(172,102) d=3 terrain=1 cost=3.70
    neigh(171,102) d=4 terrain=1 cost=3.70
    neigh(170,102) d=5 terrain=1 cost=3.70
    neigh(170,101) d=6 terrain=10 cost=3.10
    neigh(170,100) d=7 terrain=10 cost=2.00
  expand #7: (171,99) boat=1 g=2.82 terrain=10 f_top=20.87
    neigh(171,98) d=0 terrain=10 cost=2.00
    neigh(172,98) d=1 terrain=10 cost=2.00
    neigh(172,99) d=2 terrain=10 cost=2.00
    neigh(172,100) d=3 terrain=10 cost=2.00
    neigh(171,100) d=4 terrain=10 cost=2.60
    neigh(170,100) d=5 terrain=10 cost=2.00
    neigh(170,99) d=6 terrain=10 cost=2.00
    neigh(170,98) d=7 terrain=10 cost=2.00
  expand #8: (173,101) boat=1 g=4.23 terrain=10 f_top=21.10
    neigh(173,100) d=0 terrain=10 cost=2.00
    neigh(174,100) d=1 terrain=10 cost=2.00
    neigh(174,101) d=2 terrain=10 cost=2.50
    neigh(174,102) d=3 terrain=1 cost=2.90
    neigh(173,102) d=4 terrain=1 cost=3.60
    neigh(172,102) d=5 terrain=1 cost=3.70
    neigh(172,101) d=6 terrain=10 cost=3.10
    neigh(172,100) d=7 terrain=10 cost=2.00
  expand #9: (170,100) boat=1 g=4.60 terrain=10 f_top=21.24
    neigh(170,99) d=0 terrain=10 cost=2.00
    neigh(171,99) d=1 terrain=10 cost=2.00
    neigh(171,100) d=2 terrain=10 cost=2.60
    neigh(171,101) d=3 terrain=10 cost=3.20
    neigh(170,101) d=4 terrain=10 cost=3.10
    neigh(169,101) d=5 terrain=10 cost=3.00
    neigh(169,100) d=6 terrain=10 cost=2.00
    neigh(169,99) d=7 terrain=10 cost=2.00
  expand #10: (173,99) boat=1 g=2.82 terrain=10 f_top=21.69
    neigh(173,98) d=0 terrain=10 cost=2.00
    neigh(174,98) d=1 terrain=10 cost=2.00
    neigh(174,99) d=2 terrain=10 cost=2.00
    neigh(174,100) d=3 terrain=10 cost=2.00
    neigh(173,100) d=4 terrain=10 cost=2.00
    neigh(172,100) d=5 terrain=10 cost=2.00
    neigh(172,99) d=6 terrain=10 cost=2.00
    neigh(172,98) d=7 terrain=10 cost=2.00
  expand #11: (172,102) boat=1 g=6.80 terrain=1 f_top=22.26
    neigh(172,101) d=0 terrain=10 cost=3.10
    neigh(173,101) d=1 terrain=10 cost=3.00
    neigh(173,102) d=2 terrain=1 cost=3.60
    neigh(172,103) d=4 terrain=2 cost=20.27
    neigh(171,102) d=6 terrain=1 cost=3.70
    neigh(171,101) d=7 terrain=10 cost=3.20
  expand #12: (174,100) boat=1 g=4.00 terrain=10 f_top=22.28
    neigh(174,99) d=0 terrain=10 cost=2.00
    neigh(175,99) d=1 terrain=10 cost=2.00
    neigh(175,100) d=2 terrain=10 cost=2.00
    neigh(175,101) d=3 terrain=10 cost=2.40
    neigh(174,101) d=4 terrain=10 cost=2.50
    neigh(173,101) d=5 terrain=10 cost=3.00
    neigh(173,100) d=6 terrain=10 cost=2.00
    neigh(173,99) d=7 terrain=10 cost=2.00
  expand #13: (169,100) boat=1 g=6.60 terrain=10 f_top=22.83
    neigh(169,99) d=0 terrain=10 cost=2.00
    neigh(170,99) d=1 terrain=10 cost=2.00
    neigh(170,100) d=2 terrain=10 cost=2.00
    neigh(170,101) d=3 terrain=10 cost=3.10
    neigh(169,101) d=4 terrain=10 cost=3.00
    neigh(168,101) d=5 terrain=10 cost=2.90
    neigh(168,100) d=6 terrain=10 cost=2.00
    neigh(168,99) d=7 terrain=10 cost=2.00
  expand #14: (172,98) boat=1 g=4.00 terrain=10 f_top=23.46
    neigh(172,97) d=0 terrain=10 cost=2.00
    neigh(173,97) d=1 terrain=10 cost=2.00
    neigh(173,98) d=2 terrain=10 cost=2.00
    neigh(173,99) d=3 terrain=10 cost=2.00
    neigh(172,99) d=4 terrain=10 cost=2.00
    neigh(171,99) d=5 terrain=10 cost=2.00
    neigh(171,98) d=6 terrain=10 cost=2.00
    neigh(171,97) d=7 terrain=10 cost=2.00
  expand #15: (170,98) boat=1 g=5.64 terrain=10 f_top=24.28
    neigh(170,97) d=0 terrain=10 cost=2.00
    neigh(171,97) d=1 terrain=10 cost=2.00
    neigh(171,98) d=2 terrain=10 cost=2.00
    neigh(171,99) d=3 terrain=10 cost=2.00
    neigh(170,99) d=4 terrain=10 cost=2.00
    neigh(169,99) d=5 terrain=10 cost=2.00
    neigh(169,98) d=6 terrain=10 cost=2.00
    neigh(169,97) d=7 terrain=10 cost=2.00
  expand #16: (170,102) boat=1 g=9.73 terrain=1 f_top=24.37
    neigh(170,101) d=0 terrain=10 cost=3.10
    neigh(171,101) d=1 terrain=10 cost=3.20
    neigh(171,102) d=2 terrain=1 cost=3.70
    neigh(170,103) d=4 terrain=2 cost=20.27
    neigh(169,102) d=6 terrain=1 cost=3.60
    neigh(169,101) d=7 terrain=10 cost=3.00
  expand #17: (168,100) boat=1 g=8.60 terrain=10 f_top=24.42
    neigh(168,99) d=0 terrain=10 cost=2.00
    neigh(169,99) d=1 terrain=10 cost=2.00
    neigh(169,100) d=2 terrain=10 cost=2.00
    neigh(169,101) d=3 terrain=10 cost=3.00
    neigh(168,101) d=4 terrain=10 cost=2.90
    neigh(167,101) d=5 terrain=10 cost=2.70
    neigh(167,100) d=6 terrain=10 cost=2.00
    neigh(167,99) d=7 terrain=10 cost=2.00
  expand #18: (170,99) boat=1 g=6.82 terrain=10 f_top=24.46
    neigh(170,98) d=0 terrain=10 cost=2.00
    neigh(171,98) d=1 terrain=10 cost=2.00
    neigh(171,99) d=2 terrain=10 cost=2.00
    neigh(171,100) d=3 terrain=10 cost=2.60
    neigh(170,100) d=4 terrain=10 cost=2.00
    neigh(169,100) d=5 terrain=10 cost=2.00
    neigh(169,99) d=6 terrain=10 cost=2.00
    neigh(169,98) d=7 terrain=10 cost=2.00
  expand #19: (174,102) boat=1 g=8.32 terrain=1 f_top=24.60
    neigh(174,101) d=0 terrain=10 cost=2.50
    neigh(175,101) d=1 terrain=10 cost=2.40
    neigh(175,102) d=2 terrain=1 cost=2.70
    neigh(174,103) d=4 terrain=2 cost=14.40
    neigh(173,102) d=6 terrain=1 cost=3.60
    neigh(173,101) d=7 terrain=10 cost=3.00
  expand #20: (175,100) boat=1 g=6.00 terrain=10 f_top=24.69
    neigh(175,99) d=0 terrain=10 cost=2.00
    neigh(176,99) d=1 terrain=10 cost=2.00
    neigh(176,100) d=2 terrain=10 cost=2.00
    neigh(176,101) d=3 terrain=10 cost=2.00
    neigh(175,101) d=4 terrain=10 cost=2.40
    neigh(174,101) d=5 terrain=10 cost=2.50
    neigh(174,100) d=6 terrain=10 cost=2.00
    neigh(174,99) d=7 terrain=10 cost=2.00
  FOUND dest at expand #1573, cost=89.49
  result=89.49 expanded=1573 open_remaining=574 term=FOUND
  timing: init=34.3us search=845.2us total=879.5us  per-expand=0.54us
  heap: pushes=3033 pops=2459 stale_pops=886 peak_open=576
  neigh: total=12576 oob=0 diag_blocked=270 cost_inf=19 already_closed=5700 worse_g=3555 relaxed=3032

=== cost_to(172,100)->(169,125) boat=1 sh=40 tr=40 mn=40 arm=40 budget=16000 src_terrain=10 dst_terrain=7 ===
  expand #1: (172,100) boat=1 g=0.00 terrain=10 f_top=26.23
    neigh(172,99) d=0 terrain=10 cost=2.00
    neigh(173,99) d=1 terrain=10 cost=2.00
    neigh(173,100) d=2 terrain=10 cost=2.00
    neigh(173,101) d=3 terrain=10 cost=3.00
    neigh(172,101) d=4 terrain=10 cost=3.10
    neigh(171,101) d=5 terrain=10 cost=3.20
    neigh(171,100) d=6 terrain=10 cost=2.60
    neigh(171,99) d=7 terrain=10 cost=2.00
  expand #2: (172,101) boat=1 g=3.10 terrain=10 f_top=28.33
    neigh(172,100) d=0 terrain=10 cost=2.00
    neigh(173,100) d=1 terrain=10 cost=2.00
    neigh(173,101) d=2 terrain=10 cost=3.00
    neigh(173,102) d=3 terrain=1 cost=3.60
    neigh(172,102) d=4 terrain=1 cost=3.70
    neigh(171,102) d=5 terrain=1 cost=3.70
    neigh(171,101) d=6 terrain=10 cost=3.20
    neigh(171,100) d=7 terrain=10 cost=2.60
  expand #3: (171,100) boat=1 g=2.60 terrain=10 f_top=28.42
    neigh(171,99) d=0 terrain=10 cost=2.00
    neigh(172,99) d=1 terrain=10 cost=2.00
    neigh(172,100) d=2 terrain=10 cost=2.00
    neigh(172,101) d=3 terrain=10 cost=3.10
    neigh(171,101) d=4 terrain=10 cost=3.20
    neigh(170,101) d=5 terrain=10 cost=3.10
    neigh(170,100) d=6 terrain=10 cost=2.00
    neigh(170,99) d=7 terrain=10 cost=2.00
  expand #4: (173,100) boat=1 g=2.00 terrain=10 f_top=28.64
    neigh(173,99) d=0 terrain=10 cost=2.00
    neigh(174,99) d=1 terrain=10 cost=2.00
    neigh(174,100) d=2 terrain=10 cost=2.00
    neigh(174,101) d=3 terrain=10 cost=2.50
    neigh(173,101) d=4 terrain=10 cost=3.00
    neigh(172,101) d=5 terrain=10 cost=3.10
    neigh(172,100) d=6 terrain=10 cost=2.00
    neigh(172,99) d=7 terrain=10 cost=2.00
  expand #5: (172,99) boat=1 g=2.00 terrain=10 f_top=29.23
    neigh(172,98) d=0 terrain=10 cost=2.00
    neigh(173,98) d=1 terrain=10 cost=2.00
    neigh(173,99) d=2 terrain=10 cost=2.00
    neigh(173,100) d=3 terrain=10 cost=2.00
    neigh(172,100) d=4 terrain=10 cost=2.00
    neigh(171,100) d=5 terrain=10 cost=2.60
    neigh(171,99) d=6 terrain=10 cost=2.00
    neigh(171,98) d=7 terrain=10 cost=2.00
  expand #6: (171,101) boat=1 g=4.51 terrain=10 f_top=29.33
    neigh(171,100) d=0 terrain=10 cost=2.60
    neigh(172,100) d=1 terrain=10 cost=2.00
    neigh(172,101) d=2 terrain=10 cost=3.10
    neigh(172,102) d=3 terrain=1 cost=3.70
    neigh(171,102) d=4 terrain=1 cost=3.70
    neigh(170,102) d=5 terrain=1 cost=3.70
    neigh(170,101) d=6 terrain=10 cost=3.10
    neigh(170,100) d=7 terrain=10 cost=2.00
  expand #7: (171,99) boat=1 g=2.82 terrain=10 f_top=29.64
    neigh(171,98) d=0 terrain=10 cost=2.00
    neigh(172,98) d=1 terrain=10 cost=2.00
    neigh(172,99) d=2 terrain=10 cost=2.00
    neigh(172,100) d=3 terrain=10 cost=2.00
    neigh(171,100) d=4 terrain=10 cost=2.60
    neigh(170,100) d=5 terrain=10 cost=2.00
    neigh(170,99) d=6 terrain=10 cost=2.00
    neigh(170,98) d=7 terrain=10 cost=2.00
  expand #8: (173,101) boat=1 g=4.23 terrain=10 f_top=29.87
    neigh(173,100) d=0 terrain=10 cost=2.00
    neigh(174,100) d=1 terrain=10 cost=2.00
    neigh(174,101) d=2 terrain=10 cost=2.50
    neigh(174,102) d=3 terrain=1 cost=2.90
    neigh(173,102) d=4 terrain=1 cost=3.60
    neigh(172,102) d=5 terrain=1 cost=3.70
    neigh(172,101) d=6 terrain=10 cost=3.10
    neigh(172,100) d=7 terrain=10 cost=2.00
  expand #9: (170,100) boat=1 g=4.60 terrain=10 f_top=30.01
    neigh(170,99) d=0 terrain=10 cost=2.00
    neigh(171,99) d=1 terrain=10 cost=2.00
    neigh(171,100) d=2 terrain=10 cost=2.60
    neigh(171,101) d=3 terrain=10 cost=3.20
    neigh(170,101) d=4 terrain=10 cost=3.10
    neigh(169,101) d=5 terrain=10 cost=3.00
    neigh(169,100) d=6 terrain=10 cost=2.00
    neigh(169,99) d=7 terrain=10 cost=2.00
  expand #10: (173,99) boat=1 g=2.82 terrain=10 f_top=30.46
    neigh(173,98) d=0 terrain=10 cost=2.00
    neigh(174,98) d=1 terrain=10 cost=2.00
    neigh(174,99) d=2 terrain=10 cost=2.00
    neigh(174,100) d=3 terrain=10 cost=2.00
    neigh(173,100) d=4 terrain=10 cost=2.00
    neigh(172,100) d=5 terrain=10 cost=2.00
    neigh(172,99) d=6 terrain=10 cost=2.00
    neigh(172,98) d=7 terrain=10 cost=2.00
  expand #11: (172,102) boat=1 g=6.80 terrain=1 f_top=31.03
    neigh(172,101) d=0 terrain=10 cost=3.10
    neigh(173,101) d=1 terrain=10 cost=3.00
    neigh(173,102) d=2 terrain=1 cost=3.60
    neigh(172,103) d=4 terrain=2 cost=20.27
    neigh(171,102) d=6 terrain=1 cost=3.70
    neigh(171,101) d=7 terrain=10 cost=3.20
  expand #12: (174,100) boat=1 g=4.00 terrain=10 f_top=31.05
    neigh(174,99) d=0 terrain=10 cost=2.00
    neigh(175,99) d=1 terrain=10 cost=2.00
    neigh(175,100) d=2 terrain=10 cost=2.00
    neigh(175,101) d=3 terrain=10 cost=2.40
    neigh(174,101) d=4 terrain=10 cost=2.50
    neigh(173,101) d=5 terrain=10 cost=3.00
    neigh(173,100) d=6 terrain=10 cost=2.00
    neigh(173,99) d=7 terrain=10 cost=2.00
  expand #13: (169,100) boat=1 g=6.60 terrain=10 f_top=31.60
    neigh(169,99) d=0 terrain=10 cost=2.00
    neigh(170,99) d=1 terrain=10 cost=2.00
    neigh(170,100) d=2 terrain=10 cost=2.00
    neigh(170,101) d=3 terrain=10 cost=3.10
    neigh(169,101) d=4 terrain=10 cost=3.00
    neigh(168,101) d=5 terrain=10 cost=2.90
    neigh(168,100) d=6 terrain=10 cost=2.00
    neigh(168,99) d=7 terrain=10 cost=2.00
  expand #14: (172,98) boat=1 g=4.00 terrain=10 f_top=32.23
    neigh(172,97) d=0 terrain=10 cost=2.00
    neigh(173,97) d=1 terrain=10 cost=2.00
    neigh(173,98) d=2 terrain=10 cost=2.00
    neigh(173,99) d=3 terrain=10 cost=2.00
    neigh(172,99) d=4 terrain=10 cost=2.00
    neigh(171,99) d=5 terrain=10 cost=2.00
    neigh(171,98) d=6 terrain=10 cost=2.00
    neigh(171,97) d=7 terrain=10 cost=2.00
  expand #15: (170,98) boat=1 g=5.64 terrain=10 f_top=33.05
    neigh(170,97) d=0 terrain=10 cost=2.00
    neigh(171,97) d=1 terrain=10 cost=2.00
    neigh(171,98) d=2 terrain=10 cost=2.00
    neigh(171,99) d=3 terrain=10 cost=2.00
    neigh(170,99) d=4 terrain=10 cost=2.00
    neigh(169,99) d=5 terrain=10 cost=2.00
    neigh(169,98) d=6 terrain=10 cost=2.00
    neigh(169,97) d=7 terrain=10 cost=2.00
  expand #16: (170,102) boat=1 g=9.73 terrain=1 f_top=33.14
    neigh(170,101) d=0 terrain=10 cost=3.10
    neigh(171,101) d=1 terrain=10 cost=3.20
    neigh(171,102) d=2 terrain=1 cost=3.70
    neigh(170,103) d=4 terrain=2 cost=20.27
    neigh(169,102) d=6 terrain=1 cost=3.60
    neigh(169,101) d=7 terrain=10 cost=3.00
  expand #17: (170,99) boat=1 g=6.82 terrain=10 f_top=33.23
    neigh(170,98) d=0 terrain=10 cost=2.00
=== cost_to(156,156)->(168,132) boat=1 sh=40 tr=40 mn=40 arm=40 budget=16000 src_terrain=10 dst_terrain=7 ===
    neigh(171,98) d=1 terrain=10 cost=2.00
    neigh(171,99) d=2 terrain=10 cost=2.00
    neigh(171,100) d=3 terrain=10 cost=2.60
    neigh(170,100) d=4 terrain=10 cost=2.00
    neigh(169,100) d=5 terrain=10 cost=2.00
    neigh(169,99) d=6 terrain=10 cost=2.00
    neigh(169,98) d=7 terrain=10 cost=2.00
  expand #18: (174,102) boat=1 g=8.32 terrain=1 f_top=33.37
    neigh(174,101) d=0 terrain=10 cost=2.50
    neigh(175,101) d=1 terrain=10 cost=2.40
  expand #1: (156,156) boat=1 g=0.00 terrain=10 f_top=28.92
    neigh(175,102) d=2 terrain=1 cost=2.70
    neigh(156,155) d=0 terrain=10 cost=3.00
    neigh(174,103) d=4 terrain=2 cost=14.40
    neigh(173,102) d=6 terrain=1 cost=3.60
    neigh(157,155) d=1 terrain=10 cost=2.90
    neigh(173,101) d=7 terrain=10 cost=3.00
  expand #19: (175,100) boat=1 g=6.00 terrain=10 f_top=33.46
    neigh(175,99) d=0 terrain=10 cost=2.00
    neigh(157,156) d=2 terrain=10 cost=2.00
    neigh(176,99) d=1 terrain=10 cost=2.00
    neigh(176,100) d=2 terrain=10 cost=2.00
    neigh(176,101) d=3 terrain=10 cost=2.00
    neigh(175,101) d=4 terrain=10 cost=2.40
    neigh(174,101) d=5 terrain=10 cost=2.50
    neigh(157,157) d=3 terrain=10 cost=2.00
    neigh(174,100) d=6 terrain=10 cost=2.00
    neigh(174,99) d=7 terrain=10 cost=2.00
  expand #20: (168,100) boat=1 g=8.60 terrain=10 f_top=34.01
    neigh(168,99) d=0 terrain=10 cost=2.00
    neigh(169,99) d=1 terrain=10 cost=2.00
    neigh(169,100) d=2 terrain=10 cost=2.00
    neigh(169,101) d=3 terrain=10 cost=3.00
    neigh(168,101) d=4 terrain=10 cost=2.90
    neigh(167,101) d=5 terrain=10 cost=2.70
    neigh(167,100) d=6 terrain=10 cost=2.00
    neigh(167,99) d=7 terrain=10 cost=2.00
    neigh(156,157) d=4 terrain=10 cost=2.00
    neigh(155,157) d=5 terrain=10 cost=2.00
    neigh(155,156) d=6 terrain=10 cost=2.00
    neigh(155,155) d=7 terrain=10 cost=3.10
  expand #2: (157,156) boat=1 g=2.00 terrain=10 f_top=30.51
    neigh(157,155) d=0 terrain=10 cost=2.90
    neigh(158,155) d=1 terrain=10 cost=2.70
    neigh(158,156) d=2 terrain=10 cost=2.00
    neigh(158,157) d=3 terrain=10 cost=2.00
    neigh(157,157) d=4 terrain=10 cost=2.00
    neigh(156,157) d=5 terrain=10 cost=2.00
    neigh(156,156) d=6 terrain=10 cost=2.00
    neigh(156,155) d=7 terrain=10 cost=3.00
  expand #3: (156,155) boat=1 g=3.00 terrain=10 f_top=30.92
    neigh(156,154) d=0 terrain=10 cost=3.60
    neigh(157,154) d=1 terrain=10 cost=3.40
    neigh(157,155) d=2 terrain=10 cost=2.90
    neigh(157,156) d=3 terrain=10 cost=2.00
    neigh(156,156) d=4 terrain=10 cost=2.00
    neigh(155,156) d=5 terrain=10 cost=2.00
    neigh(155,155) d=6 terrain=10 cost=3.10
    neigh(155,154) d=7 terrain=10 cost=3.70
  expand #4: (155,156) boat=1 g=2.00 terrain=10 f_top=31.33
    neigh(155,155) d=0 terrain=10 cost=3.10
    neigh(156,155) d=1 terrain=10 cost=3.00
    neigh(156,156) d=2 terrain=10 cost=2.00
    neigh(156,157) d=3 terrain=10 cost=2.00
    neigh(155,157) d=4 terrain=10 cost=2.00
    neigh(154,157) d=5 terrain=10 cost=2.00
    neigh(154,156) d=6 terrain=10 cost=2.60
    neigh(154,155) d=7 terrain=10 cost=3.20
  expand #5: (157,155) boat=1 g=4.09 terrain=10 f_top=31.60
    neigh(157,154) d=0 terrain=10 cost=3.40
    neigh(158,154) d=1 terrain=10 cost=3.20
    neigh(158,155) d=2 terrain=10 cost=2.70
    neigh(158,156) d=3 terrain=10 cost=2.00
    neigh(157,156) d=4 terrain=10 cost=2.00
    neigh(156,156) d=5 terrain=10 cost=2.00
    neigh(156,155) d=6 terrain=10 cost=3.00
    neigh(156,154) d=7 terrain=10 cost=3.60
  expand #6: (156,157) boat=1 g=2.00 terrain=10 f_top=31.92
    neigh(156,156) d=0 terrain=10 cost=2.00
    neigh(157,156) d=1 terrain=10 cost=2.00
    neigh(157,157) d=2 terrain=10 cost=2.00
    neigh(157,158) d=3 terrain=10 cost=2.00
    neigh(156,158) d=4 terrain=10 cost=2.00
    neigh(155,158) d=5 terrain=10 cost=2.00
    neigh(155,157) d=6 terrain=10 cost=2.00
    neigh(155,156) d=7 terrain=10 cost=2.00
  expand #7: (158,156) boat=1 g=4.00 terrain=10 f_top=32.10
    neigh(158,155) d=0 terrain=10 cost=2.70
    neigh(159,155) d=1 terrain=10 cost=2.00
    neigh(159,156) d=2 terrain=10 cost=2.00
    neigh(159,157) d=3 terrain=10 cost=2.00
    neigh(158,157) d=4 terrain=10 cost=2.00
    neigh(157,157) d=5 terrain=10 cost=2.00
    neigh(157,156) d=6 terrain=10 cost=2.00
    neigh(157,155) d=7 terrain=10 cost=2.90
  expand #8: (157,157) boat=1 g=2.82 terrain=10 f_top=32.33
    neigh(157,156) d=0 terrain=10 cost=2.00
    neigh(158,156) d=1 terrain=10 cost=2.00
    neigh(158,157) d=2 terrain=10 cost=2.00
    neigh(158,158) d=3 terrain=10 cost=2.00
    neigh(157,158) d=4 terrain=10 cost=2.00
    neigh(156,158) d=5 terrain=10 cost=2.00
    neigh(156,157) d=6 terrain=10 cost=2.00
    neigh(156,156) d=7 terrain=10 cost=2.00
  expand #9: (155,155) boat=1 g=4.37 terrain=10 f_top=32.70
    neigh(155,154) d=0 terrain=10 cost=3.70
    neigh(156,154) d=1 terrain=10 cost=3.60
    neigh(156,155) d=2 terrain=10 cost=3.00
    neigh(156,156) d=3 terrain=10 cost=2.00
    neigh(155,156) d=4 terrain=10 cost=2.00
    neigh(154,156) d=5 terrain=10 cost=2.60
    neigh(154,155) d=6 terrain=10 cost=3.20
    neigh(154,154) d=7 terrain=10 cost=3.70
  expand #10: (155,157) boat=1 g=2.82 terrain=10 f_top=33.15
    neigh(155,156) d=0 terrain=10 cost=2.00
    neigh(156,156) d=1 terrain=10 cost=2.00
    neigh(156,157) d=2 terrain=10 cost=2.00
    neigh(156,158) d=3 terrain=10 cost=2.00
    neigh(155,158) d=4 terrain=10 cost=2.00
    neigh(154,158) d=5 terrain=10 cost=2.00
    neigh(154,157) d=6 terrain=10 cost=2.00
    neigh(154,156) d=7 terrain=10 cost=2.60
  expand #11: (156,154) boat=1 g=6.60 terrain=10 f_top=33.52
    neigh(156,153) d=0 terrain=1 cost=4.20
    neigh(157,153) d=1 terrain=1 cost=4.00
    neigh(157,154) d=2 terrain=10 cost=3.40
    neigh(157,155) d=3 terrain=10 cost=2.90
    neigh(156,155) d=4 terrain=10 cost=3.00
    neigh(155,155) d=5 terrain=10 cost=3.10
    neigh(155,154) d=6 terrain=10 cost=3.70
    neigh(155,153) d=7 terrain=1 cost=4.30
  expand #12: (159,156) boat=1 g=6.00 terrain=10 f_top=33.69
    neigh(159,155) d=0 terrain=10 cost=2.00
    neigh(160,155) d=1 terrain=10 cost=2.00
    neigh(160,156) d=2 terrain=10 cost=2.00
    neigh(160,157) d=3 terrain=10 cost=2.00
    neigh(159,157) d=4 terrain=10 cost=2.00
    neigh(158,157) d=5 terrain=10 cost=2.00
    neigh(158,156) d=6 terrain=10 cost=2.00
    neigh(158,155) d=7 terrain=10 cost=2.70
  expand #13: (154,156) boat=1 g=4.60 terrain=10 f_top=34.34
    neigh(154,155) d=0 terrain=10 cost=3.20
    neigh(155,155) d=1 terrain=10 cost=3.10
    neigh(155,156) d=2 terrain=10 cost=2.00
    neigh(155,157) d=3 terrain=10 cost=2.00
    neigh(154,157) d=4 terrain=10 cost=2.00
    neigh(153,157) d=5 terrain=10 cost=2.00
    neigh(153,156) d=6 terrain=10 cost=2.00
    neigh(153,155) d=7 terrain=10 cost=3.10
  expand #14: (158,154) boat=1 g=8.60 terrain=10 f_top=34.70
    neigh(158,153) d=0 terrain=1 cost=3.70
    neigh(159,153) d=1 terrain=1 cost=3.40
    neigh(159,154) d=2 terrain=10 cost=2.90
    neigh(159,155) d=3 terrain=10 cost=2.00
    neigh(158,155) d=4 terrain=10 cost=2.70
    neigh(157,155) d=5 terrain=10 cost=2.90
    neigh(157,154) d=6 terrain=10 cost=3.40
    neigh(157,153) d=7 terrain=1 cost=4.00
  expand #15: (156,158) boat=1 g=4.00 terrain=10 f_top=34.92
    neigh(156,157) d=0 terrain=10 cost=2.00
    neigh(157,157) d=1 terrain=10 cost=2.00
    neigh(157,158) d=2 terrain=10 cost=2.00
    neigh(157,159) d=3 terrain=10 cost=2.00
    neigh(156,159) d=4 terrain=10 cost=2.00
    neigh(155,159) d=5 terrain=10 cost=2.00
    neigh(155,158) d=6 terrain=10 cost=2.00
    neigh(155,157) d=7 terrain=10 cost=2.00
  expand #16: (160,156) boat=1 g=8.00 terrain=10 f_top=35.28
    neigh(160,155) d=0 terrain=10 cost=2.00
    neigh(161,155) d=1 terrain=10 cost=2.00
    neigh(161,156) d=2 terrain=10 cost=2.00
    neigh(161,157) d=3 terrain=10 cost=2.00
    neigh(160,157) d=4 terrain=10 cost=2.00
    neigh(159,157) d=5 terrain=10 cost=2.00
    neigh(159,156) d=6 terrain=10 cost=2.00
    neigh(159,155) d=7 terrain=10 cost=2.00
  expand #17: (158,155) boat=1 g=8.63 terrain=10 f_top=35.73
    neigh(158,154) d=0 terrain=10 cost=3.20
    neigh(159,154) d=1 terrain=10 cost=2.90
    neigh(159,155) d=2 terrain=10 cost=2.00
    neigh(159,156) d=3 terrain=10 cost=2.00
    neigh(158,156) d=4 terrain=10 cost=2.00
    neigh(157,156) d=5 terrain=10 cost=2.00
    neigh(157,155) d=6 terrain=10 cost=2.90
    neigh(157,154) d=7 terrain=10 cost=3.40
  expand #18: (158,158) boat=1 g=5.64 terrain=10 f_top=35.74
    neigh(158,157) d=0 terrain=10 cost=2.00
    neigh(159,157) d=1 terrain=10 cost=2.00
    neigh(159,158) d=2 terrain=10 cost=2.00
    neigh(159,159) d=3 terrain=10 cost=2.00
    neigh(158,159) d=4 terrain=10 cost=2.00
    neigh(157,159) d=5 terrain=10 cost=2.00
    neigh(157,158) d=6 terrain=10 cost=2.00
    neigh(157,157) d=7 terrain=10 cost=2.00
  expand #19: (158,157) boat=1 g=6.82 terrain=10 f_top=35.92
    neigh(158,156) d=0 terrain=10 cost=2.00
    neigh(159,156) d=1 terrain=10 cost=2.00
    neigh(159,157) d=2 terrain=10 cost=2.00
    neigh(159,158) d=3 terrain=10 cost=2.00
    neigh(158,158) d=4 terrain=10 cost=2.00
    neigh(157,158) d=5 terrain=10 cost=2.00
    neigh(157,157) d=6 terrain=10 cost=2.00
    neigh(157,156) d=7 terrain=10 cost=2.00
  expand #20: (157,154) boat=1 g=9.49 terrain=10 f_top=36.00
    neigh(157,153) d=0 terrain=1 cost=4.00
    neigh(158,153) d=1 terrain=1 cost=3.70
    neigh(158,154) d=2 terrain=10 cost=3.20
    neigh(158,155) d=3 terrain=10 cost=2.70
    neigh(157,155) d=4 terrain=10 cost=2.90
    neigh(156,155) d=5 terrain=10 cost=3.00
    neigh(156,154) d=6 terrain=10 cost=3.60
    neigh(156,153) d=7 terrain=1 cost=4.20
  FOUND dest at expand #3230, cost=120.63
  result=120.63 expanded=3230 open_remaining=838 term=FOUND
  timing: init=33.6us search=1405.5us total=1439.1us  per-expand=0.44us
  heap: pushes=5981 pops=5143 stale_pops=1913 peak_open=844
  neigh: total=25832 oob=0 diag_blocked=470 cost_inf=41 already_closed=11939 worse_g=7402 relaxed=5980

  FOUND dest at expand #2591, cost=112.34
  result=112.34 expanded=2591 open_remaining=879 term=FOUND
  timing: init=35.6us search=1333.1us total=1368.7us  per-expand=0.51us
  heap: pushes=5053 pops=4174 stale_pops=1583 peak_open=882
  neigh: total=20720 oob=0 diag_blocked=390 cost_inf=31 already_closed=9476 worse_g=5771 relaxed=5052

=== cost_to(172,100)->(174,122) boat=1 sh=40 tr=40 mn=40 arm=40 budget=16000 src_terrain=10 dst_terrain=7 ===
  expand #1: (172,100) boat=1 g=0.00 terrain=10 f_top=22.82
    neigh(172,99) d=0 terrain=10 cost=2.00
    neigh(173,99) d=1 terrain=10 cost=2.00
    neigh(173,100) d=2 terrain=10 cost=2.00
    neigh(173,101) d=3 terrain=10 cost=12.00
    neigh(172,101) d=4 terrain=10 cost=13.00
    neigh(171,101) d=5 terrain=10 cost=14.00
    neigh(171,100) d=6 terrain=10 cost=8.00
    neigh(171,99) d=7 terrain=10 cost=2.00
  expand #2: (173,100) boat=1 g=2.00 terrain=10 f_top=24.41
    neigh(173,99) d=0 terrain=10 cost=2.00
    neigh(174,99) d=1 terrain=10 cost=2.00
    neigh(174,100) d=2 terrain=10 cost=2.00
    neigh(174,101) d=3 terrain=10 cost=7.00
    neigh(173,101) d=4 terrain=10 cost=12.00
    neigh(172,101) d=5 terrain=10 cost=13.00
    neigh(172,100) d=6 terrain=10 cost=2.00
    neigh(172,99) d=7 terrain=10 cost=2.00
  expand #3: (172,99) boat=1 g=2.00 terrain=10 f_top=25.82
    neigh(172,98) d=0 terrain=10 cost=2.00
    neigh(173,98) d=1 terrain=10 cost=2.00
    neigh(173,99) d=2 terrain=10 cost=2.00
    neigh(173,100) d=3 terrain=10 cost=2.00
    neigh(172,100) d=4 terrain=10 cost=2.00
    neigh(171,100) d=5 terrain=10 cost=8.00
    neigh(171,99) d=6 terrain=10 cost=2.00
    neigh(171,98) d=7 terrain=10 cost=2.00
  expand #4: (174,100) boat=1 g=4.00 terrain=10 f_top=26.00
    neigh(174,99) d=0 terrain=10 cost=2.00
    neigh(175,99) d=1 terrain=10 cost=2.00
    neigh(175,100) d=2 terrain=10 cost=2.00
    neigh(175,101) d=3 terrain=10 cost=6.00
    neigh(174,101) d=4 terrain=10 cost=7.00
    neigh(173,101) d=5 terrain=10 cost=12.00
    neigh(173,100) d=6 terrain=10 cost=2.00
    neigh(173,99) d=7 terrain=10 cost=2.00
  expand #5: (173,99) boat=1 g=2.82 terrain=10 f_top=26.23
    neigh(173,98) d=0 terrain=10 cost=2.00
    neigh(174,98) d=1 terrain=10 cost=2.00
    neigh(174,99) d=2 terrain=10 cost=2.00
    neigh(174,100) d=3 terrain=10 cost=2.00
    neigh(173,100) d=4 terrain=10 cost=2.00
    neigh(172,100) d=5 terrain=10 cost=2.00
    neigh(172,99) d=6 terrain=10 cost=2.00
    neigh(172,98) d=7 terrain=10 cost=2.00
  expand #6: (171,99) boat=1 g=2.82 terrain=10 f_top=27.05
    neigh(171,98) d=0 terrain=10 cost=2.00
    neigh(172,98) d=1 terrain=10 cost=2.00
    neigh(172,99) d=2 terrain=10 cost=2.00
    neigh(172,100) d=3 terrain=10 cost=2.00
    neigh(171,100) d=4 terrain=10 cost=8.00
    neigh(170,100) d=5 terrain=10 cost=2.00
    neigh(170,99) d=6 terrain=10 cost=2.00
    neigh(170,98) d=7 terrain=10 cost=2.00
  expand #7: (175,100) boat=1 g=6.00 terrain=10 f_top=28.41
    neigh(175,99) d=0 terrain=10 cost=2.00
    neigh(176,99) d=1 terrain=10 cost=2.00
    neigh(176,100) d=2 terrain=10 cost=2.00
    neigh(176,101) d=3 terrain=10 cost=2.00
    neigh(175,101) d=4 terrain=10 cost=6.00
    neigh(174,101) d=5 terrain=10 cost=7.00
    neigh(174,100) d=6 terrain=10 cost=2.00
    neigh(174,99) d=7 terrain=10 cost=2.00
  expand #8: (172,98) boat=1 g=4.00 terrain=10 f_top=28.82
    neigh(172,97) d=0 terrain=10 cost=2.00
    neigh(173,97) d=1 terrain=10 cost=2.00
    neigh(173,98) d=2 terrain=10 cost=2.00
    neigh(173,99) d=3 terrain=10 cost=2.00
    neigh(172,99) d=4 terrain=10 cost=2.00
    neigh(171,99) d=5 terrain=10 cost=2.00
    neigh(171,98) d=6 terrain=10 cost=2.00
    neigh(171,97) d=7 terrain=10 cost=2.00
  expand #9: (174,98) boat=1 g=5.64 terrain=10 f_top=29.64
    neigh(174,97) d=0 terrain=10 cost=2.00
    neigh(175,97) d=1 terrain=10 cost=2.00
    neigh(175,98) d=2 terrain=10 cost=2.00
    neigh(175,99) d=3 terrain=10 cost=2.00
    neigh(174,99) d=4 terrain=10 cost=2.00
    neigh(173,99) d=5 terrain=10 cost=2.00
    neigh(173,98) d=6 terrain=10 cost=2.00
    neigh(173,97) d=7 terrain=10 cost=2.00
  expand #10: (174,99) boat=1 g=6.82 terrain=10 f_top=29.82
    neigh(174,98) d=0 terrain=10 cost=2.00
    neigh(175,98) d=1 terrain=10 cost=2.00
    neigh(175,99) d=2 terrain=10 cost=2.00
    neigh(175,100) d=3 terrain=10 cost=2.00
    neigh(174,100) d=4 terrain=10 cost=2.00
    neigh(173,100) d=5 terrain=10 cost=2.00
    neigh(173,99) d=6 terrain=10 cost=2.00
    neigh(173,98) d=7 terrain=10 cost=2.00
  expand #11: (176,100) boat=1 g=8.00 terrain=10 f_top=30.82
    neigh(176,99) d=0 terrain=10 cost=2.00
    neigh(177,99) d=1 terrain=10 cost=2.00
    neigh(177,100) d=2 terrain=10 cost=2.00
    neigh(177,101) d=3 terrain=10 cost=2.00
    neigh(176,101) d=4 terrain=10 cost=2.00
    neigh(175,101) d=5 terrain=10 cost=6.00
    neigh(175,100) d=6 terrain=10 cost=2.00
    neigh(175,99) d=7 terrain=10 cost=2.00
  expand #12: (171,100) boat=1 g=8.00 terrain=10 f_top=31.23
    neigh(171,99) d=0 terrain=10 cost=2.00
    neigh(172,99) d=1 terrain=10 cost=2.00
    neigh(172,100) d=2 terrain=10 cost=2.00
    neigh(172,101) d=3 terrain=10 cost=13.00
    neigh(171,101) d=4 terrain=10 cost=14.00
    neigh(170,101) d=5 terrain=10 cost=13.00
    neigh(170,100) d=6 terrain=10 cost=2.00
    neigh(170,99) d=7 terrain=10 cost=2.00
  expand #13: (173,98) boat=1 g=6.82 terrain=10 f_top=31.23
    neigh(173,97) d=0 terrain=10 cost=2.00
    neigh(174,97) d=1 terrain=10 cost=2.00
    neigh(174,98) d=2 terrain=10 cost=2.00
    neigh(174,99) d=3 terrain=10 cost=2.00
    neigh(173,99) d=4 terrain=10 cost=2.00
    neigh(172,99) d=5 terrain=10 cost=2.00
    neigh(172,98) d=6 terrain=10 cost=2.00
    neigh(172,97) d=7 terrain=10 cost=2.00
  expand #14: (170,98) boat=1 g=5.64 terrain=10 f_top=31.28
    neigh(170,97) d=0 terrain=10 cost=2.00
    neigh(171,97) d=1 terrain=10 cost=2.00
    neigh(171,98) d=2 terrain=10 cost=2.00
    neigh(171,99) d=3 terrain=10 cost=2.00
    neigh(170,99) d=4 terrain=10 cost=2.00
    neigh(169,99) d=5 terrain=10 cost=2.00
    neigh(169,98) d=6 terrain=10 cost=2.00
    neigh(169,97) d=7 terrain=10 cost=2.00
  expand #15: (170,99) boat=1 g=6.82 terrain=10 f_top=31.46
    neigh(170,98) d=0 terrain=10 cost=2.00
    neigh(171,98) d=1 terrain=10 cost=2.00
    neigh(171,99) d=2 terrain=10 cost=2.00
    neigh(171,100) d=3 terrain=10 cost=8.00
    neigh(170,100) d=4 terrain=10 cost=2.00
    neigh(169,100) d=5 terrain=10 cost=2.00
    neigh(169,99) d=6 terrain=10 cost=2.00
    neigh(169,98) d=7 terrain=10 cost=2.00
  expand #16: (172,97) boat=1 g=6.00 terrain=10 f_top=31.82
    neigh(172,96) d=0 terrain=10 cost=2.00
    neigh(173,96) d=1 terrain=10 cost=2.00
    neigh(173,97) d=2 terrain=10 cost=2.00
    neigh(173,98) d=3 terrain=10 cost=2.00
    neigh(172,98) d=4 terrain=10 cost=2.00
    neigh(171,98) d=5 terrain=10 cost=2.00
    neigh(171,97) d=6 terrain=10 cost=2.00
    neigh(171,96) d=7 terrain=10 cost=2.00
  expand #17: (171,98) boat=1 g=6.82 terrain=10 f_top=32.05
    neigh(171,97) d=0 terrain=10 cost=2.00
    neigh(172,97) d=1 terrain=10 cost=2.00
    neigh(172,98) d=2 terrain=10 cost=2.00
    neigh(172,99) d=3 terrain=10 cost=2.00
    neigh(171,99) d=4 terrain=10 cost=2.00
    neigh(170,99) d=5 terrain=10 cost=2.00
    neigh(170,98) d=6 terrain=10 cost=2.00
    neigh(170,97) d=7 terrain=10 cost=2.00
  expand #18: (175,99) boat=1 g=8.82 terrain=10 f_top=32.23
    neigh(175,98) d=0 terrain=10 cost=2.00
    neigh(176,98) d=1 terrain=10 cost=2.00
    neigh(176,99) d=2 terrain=10 cost=2.00
    neigh(176,100) d=3 terrain=10 cost=2.00
    neigh(175,100) d=4 terrain=10 cost=2.00
    neigh(174,100) d=5 terrain=10 cost=2.00
    neigh(174,99) d=6 terrain=10 cost=2.00
    neigh(174,98) d=7 terrain=10 cost=2.00
  expand #19: (177,100) boat=1 g=10.00 terrain=10 f_top=33.23
    neigh(177,99) d=0 terrain=10 cost=2.00
    neigh(178,99) d=1 terrain=10 cost=2.00
    neigh(178,100) d=2 terrain=10 cost=2.00
    neigh(178,101) d=3 terrain=10 cost=2.00
    neigh(177,101) d=4 terrain=10 cost=2.00
    neigh(176,101) d=5 terrain=10 cost=2.00
    neigh(176,100) d=6 terrain=10 cost=2.00
    neigh(176,99) d=7 terrain=10 cost=2.00
  expand #20: (176,101) boat=1 g=11.64 terrain=10 f_top=33.46
    neigh(176,100) d=0 terrain=10 cost=2.00
    neigh(177,100) d=1 terrain=10 cost=2.00
    neigh(177,101) d=2 terrain=10 cost=2.00
    neigh(177,102) d=3 terrain=1 cost=7.00
    neigh(176,102) d=4 terrain=1 cost=9.00
    neigh(175,102) d=5 terrain=1 cost=9.00
    neigh(175,101) d=6 terrain=10 cost=6.00
    neigh(175,100) d=7 terrain=10 cost=2.00
  result=1000000015047466219876688855040.00 expanded=16000 open_remaining=2060 term=BUDGET_EXHAUSTED
  timing: init=35.3us search=4383.4us total=4418.7us  per-expand=0.27us
  heap: pushes=29127 pops=27067 stale_pops=11067 peak_open=2071
  neigh: total=128000 oob=0 diag_blocked=880 cost_inf=81 already_closed=62016 worse_g=35897 relaxed=29126

=== cost_to(156,156)->(139,125) boat=1 sh=40 tr=40 mn=40 arm=40 budget=16000 src_terrain=10 dst_terrain=4 ===
  expand #1: (156,156) boat=1 g=0.00 terrain=10 f_top=37.97
    neigh(156,155) d=0 terrain=10 cost=12.00
    neigh(157,155) d=1 terrain=10 cost=11.00
    neigh(157,156) d=2 terrain=10 cost=2.00
    neigh(157,157) d=3 terrain=10 cost=2.00
    neigh(156,157) d=4 terrain=10 cost=2.00
    neigh(155,157) d=5 terrain=10 cost=2.00
    neigh(155,156) d=6 terrain=10 cost=2.00
    neigh(155,155) d=7 terrain=10 cost=13.00
  expand #2: (155,156) boat=1 g=2.00 terrain=10 f_top=39.56
    neigh(155,155) d=0 terrain=10 cost=13.00
    neigh(156,155) d=1 terrain=10 cost=12.00
    neigh(156,156) d=2 terrain=10 cost=2.00
    neigh(156,157) d=3 terrain=10 cost=2.00
    neigh(155,157) d=4 terrain=10 cost=2.00
    neigh(154,157) d=5 terrain=10 cost=2.00
    neigh(154,156) d=6 terrain=10 cost=8.00
    neigh(154,155) d=7 terrain=10 cost=14.00
  expand #3: (157,156) boat=1 g=2.00 terrain=10 f_top=40.38
    neigh(157,155) d=0 terrain=10 cost=11.00
    neigh(158,155) d=1 terrain=10 cost=9.00
    neigh(158,156) d=2 terrain=10 cost=2.00
    neigh(158,157) d=3 terrain=10 cost=2.00
    neigh(157,157) d=4 terrain=10 cost=2.00
    neigh(156,157) d=5 terrain=10 cost=2.00
    neigh(156,156) d=6 terrain=10 cost=2.00
    neigh(156,155) d=7 terrain=10 cost=12.00
  expand #4: (156,157) boat=1 g=2.00 terrain=10 f_top=40.97
    neigh(156,156) d=0 terrain=10 cost=2.00
    neigh(157,156) d=1 terrain=10 cost=2.00
    neigh(157,157) d=2 terrain=10 cost=2.00
    neigh(157,158) d=3 terrain=10 cost=2.00
    neigh(156,158) d=4 terrain=10 cost=2.00
    neigh(155,158) d=5 terrain=10 cost=2.00
    neigh(155,157) d=6 terrain=10 cost=2.00
    neigh(155,156) d=7 terrain=10 cost=2.00
  expand #5: (155,157) boat=1 g=2.82 terrain=10 f_top=41.38
    neigh(155,156) d=0 terrain=10 cost=2.00
    neigh(156,156) d=1 terrain=10 cost=2.00
    neigh(156,157) d=2 terrain=10 cost=2.00
    neigh(156,158) d=3 terrain=10 cost=2.00
    neigh(155,158) d=4 terrain=10 cost=2.00
    neigh(154,158) d=5 terrain=10 cost=2.00
    neigh(154,157) d=6 terrain=10 cost=2.00
    neigh(154,156) d=7 terrain=10 cost=8.00
  expand #6: (157,157) boat=1 g=2.82 terrain=10 f_top=42.20
    neigh(157,156) d=0 terrain=10 cost=2.00
    neigh(158,156) d=1 terrain=10 cost=2.00
    neigh(158,157) d=2 terrain=10 cost=2.00
    neigh(158,158) d=3 terrain=10 cost=2.00
    neigh(157,158) d=4 terrain=10 cost=2.00
    neigh(156,158) d=5 terrain=10 cost=2.00
    neigh(156,157) d=6 terrain=10 cost=2.00
    neigh(156,156) d=7 terrain=10 cost=2.00
  expand #7: (158,156) boat=1 g=4.00 terrain=10 f_top=42.79
    neigh(158,155) d=0 terrain=10 cost=9.00
    neigh(159,155) d=1 terrain=10 cost=2.00
    neigh(159,156) d=2 terrain=10 cost=2.00
    neigh(159,157) d=3 terrain=10 cost=2.00
    neigh(158,157) d=4 terrain=10 cost=2.00
    neigh(157,157) d=5 terrain=10 cost=2.00
    neigh(157,156) d=6 terrain=10 cost=2.00
    neigh(157,155) d=7 terrain=10 cost=11.00
  expand #8: (156,158) boat=1 g=4.00 terrain=10 f_top=43.97
    neigh(156,157) d=0 terrain=10 cost=2.00
    neigh(157,157) d=1 terrain=10 cost=2.00
    neigh(157,158) d=2 terrain=10 cost=2.00
    neigh(157,159) d=3 terrain=10 cost=2.00
    neigh(156,159) d=4 terrain=10 cost=2.00
    neigh(155,159) d=5 terrain=10 cost=2.00
    neigh(155,158) d=6 terrain=10 cost=2.00
    neigh(155,157) d=7 terrain=10 cost=2.00
  expand #9: (154,158) boat=1 g=5.64 terrain=10 f_top=44.79
    neigh(154,157) d=0 terrain=10 cost=2.00
    neigh(155,157) d=1 terrain=10 cost=2.00
    neigh(155,158) d=2 terrain=10 cost=2.00
    neigh(155,159) d=3 terrain=10 cost=2.00
    neigh(154,159) d=4 terrain=10 cost=2.00
    neigh(153,159) d=5 terrain=10 cost=2.00
    neigh(153,158) d=6 terrain=10 cost=2.00
    neigh(153,157) d=7 terrain=10 cost=2.00
  expand #10: (154,157) boat=1 g=6.82 terrain=10 f_top=44.97
    neigh(154,156) d=0 terrain=10 cost=8.00
    neigh(155,156) d=1 terrain=10 cost=2.00
    neigh(155,157) d=2 terrain=10 cost=2.00
    neigh(155,158) d=3 terrain=10 cost=2.00
    neigh(154,158) d=4 terrain=10 cost=2.00
    neigh(153,158) d=5 terrain=10 cost=2.00
    neigh(153,157) d=6 terrain=10 cost=2.00
    neigh(153,156) d=7 terrain=10 cost=2.00
  expand #11: (159,156) boat=1 g=6.00 terrain=10 f_top=45.20
    neigh(159,155) d=0 terrain=10 cost=2.00
    neigh(160,155) d=1 terrain=10 cost=2.00
    neigh(160,156) d=2 terrain=10 cost=2.00
    neigh(160,157) d=3 terrain=10 cost=2.00
    neigh(159,157) d=4 terrain=10 cost=2.00
    neigh(158,157) d=5 terrain=10 cost=2.00
    neigh(158,156) d=6 terrain=10 cost=2.00
    neigh(158,155) d=7 terrain=10 cost=9.00
  expand #12: (155,158) boat=1 g=6.82 terrain=10 f_top=46.38
    neigh(155,157) d=0 terrain=10 cost=2.00
    neigh(156,157) d=1 terrain=10 cost=2.00
    neigh(156,158) d=2 terrain=10 cost=2.00
    neigh(156,159) d=3 terrain=10 cost=2.00
    neigh(155,159) d=4 terrain=10 cost=2.00
    neigh(154,159) d=5 terrain=10 cost=2.00
    neigh(154,158) d=6 terrain=10 cost=2.00
    neigh(154,157) d=7 terrain=10 cost=2.00
  expand #13: (158,158) boat=1 g=5.64 terrain=10 f_top=46.43
    neigh(158,157) d=0 terrain=10 cost=2.00
    neigh(159,157) d=1 terrain=10 cost=2.00
    neigh(159,158) d=2 terrain=10 cost=2.00
    neigh(159,159) d=3 terrain=10 cost=2.00
    neigh(158,159) d=4 terrain=10 cost=2.00
    neigh(157,159) d=5 terrain=10 cost=2.00
    neigh(157,158) d=6 terrain=10 cost=2.00
    neigh(157,157) d=7 terrain=10 cost=2.00
  expand #14: (153,157) boat=1 g=8.82 terrain=10 f_top=46.56
    neigh(153,156) d=0 terrain=10 cost=2.00
    neigh(154,156) d=1 terrain=10 cost=8.00
    neigh(154,157) d=2 terrain=10 cost=2.00
    neigh(154,158) d=3 terrain=10 cost=2.00
    neigh(153,158) d=4 terrain=10 cost=2.00
    neigh(152,158) d=5 terrain=10 cost=2.00
    neigh(152,157) d=6 terrain=10 cost=2.00
    neigh(152,156) d=7 terrain=10 cost=2.00
  expand #15: (158,157) boat=1 g=6.82 terrain=10 f_top=46.61
    neigh(158,156) d=0 terrain=10 cost=2.00
    neigh(159,156) d=1 terrain=10 cost=2.00
    neigh(159,157) d=2 terrain=10 cost=2.00
    neigh(159,158) d=3 terrain=10 cost=2.00
    neigh(158,158) d=4 terrain=10 cost=2.00
    neigh(157,158) d=5 terrain=10 cost=2.00
    neigh(157,157) d=6 terrain=10 cost=2.00
    neigh(157,156) d=7 terrain=10 cost=2.00
  expand #16: (156,159) boat=1 g=6.00 terrain=10 f_top=46.97
    neigh(156,158) d=0 terrain=10 cost=2.00
    neigh(157,158) d=1 terrain=10 cost=2.00
    neigh(157,159) d=2 terrain=10 cost=2.00
    neigh(157,160) d=3 terrain=10 cost=2.00
    neigh(156,160) d=4 terrain=10 cost=2.00
    neigh(155,160) d=5 terrain=10 cost=2.00
    neigh(155,159) d=6 terrain=10 cost=2.00
    neigh(155,158) d=7 terrain=10 cost=2.00
  expand #17: (154,156) boat=1 g=10.00 terrain=10 f_top=47.15
    neigh(154,155) d=0 terrain=10 cost=14.00
    neigh(155,155) d=1 terrain=10 cost=13.00
    neigh(155,156) d=2 terrain=10 cost=2.00
    neigh(155,157) d=3 terrain=10 cost=2.00
    neigh(154,157) d=4 terrain=10 cost=2.00
    neigh(153,157) d=5 terrain=10 cost=2.00
    neigh(153,156) d=6 terrain=10 cost=2.00
    neigh(153,155) d=7 terrain=10 cost=13.00
  expand #18: (157,158) boat=1 g=6.82 terrain=10 f_top=47.20
    neigh(157,157) d=0 terrain=10 cost=2.00
    neigh(158,157) d=1 terrain=10 cost=2.00
    neigh(158,158) d=2 terrain=10 cost=2.00
    neigh(158,159) d=3 terrain=10 cost=2.00
    neigh(157,159) d=4 terrain=10 cost=2.00
    neigh(156,159) d=5 terrain=10 cost=2.00
    neigh(156,158) d=6 terrain=10 cost=2.00
    neigh(156,157) d=7 terrain=10 cost=2.00
  expand #19: (160,156) boat=1 g=8.00 terrain=10 f_top=47.61
    neigh(160,155) d=0 terrain=10 cost=2.00
    neigh(161,155) d=1 terrain=10 cost=2.00
    neigh(161,156) d=2 terrain=10 cost=2.00
    neigh(161,157) d=3 terrain=10 cost=2.00
    neigh(160,157) d=4 terrain=10 cost=2.00
    neigh(159,157) d=5 terrain=10 cost=2.00
    neigh(159,156) d=6 terrain=10 cost=2.00
    neigh(159,155) d=7 terrain=10 cost=2.00
  expand #20: (159,155) boat=1 g=9.64 terrain=10 f_top=47.84
    neigh(159,154) d=0 terrain=10 cost=11.00
    neigh(160,154) d=1 terrain=10 cost=8.00
    neigh(160,155) d=2 terrain=10 cost=2.00
    neigh(160,156) d=3 terrain=10 cost=2.00
    neigh(159,156) d=4 terrain=10 cost=2.00
    neigh(158,156) d=5 terrain=10 cost=2.00
    neigh(158,155) d=6 terrain=10 cost=9.00
    neigh(158,154) d=7 terrain=10 cost=14.00
  FOUND dest at expand #7151, cost=187.27
  result=187.27 expanded=7151 open_remaining=1410 term=FOUND
  timing: init=40.4us search=2296.0us total=2336.4us  per-expand=0.32us
  heap: pushes=13349 pops=11939 stale_pops=4788 peak_open=1424
  neigh: total=57200 oob=0 diag_blocked=711 cost_inf=74 already_closed=27154 worse_g=15913 relaxed=13348

=== cost_to(172,100)->(167,124) boat=1 sh=40 tr=40 mn=40 arm=40 budget=16000 src_terrain=10 dst_terrain=7 ===
  expand #1: (172,100) boat=1 g=0.00 terrain=10 f_top=26.05
    neigh(172,99) d=0 terrain=10 cost=2.00
    neigh(173,99) d=1 terrain=10 cost=2.00
    neigh(173,100) d=2 terrain=10 cost=2.00
    neigh(173,101) d=3 terrain=10 cost=3.00
    neigh(172,101) d=4 terrain=10 cost=3.10
    neigh(171,101) d=5 terrain=10 cost=3.20
    neigh(171,100) d=6 terrain=10 cost=2.60
    neigh(171,99) d=7 terrain=10 cost=2.00
  expand #2: (172,101) boat=1 g=3.10 terrain=10 f_top=28.15
    neigh(172,100) d=0 terrain=10 cost=2.00
    neigh(173,100) d=1 terrain=10 cost=2.00
    neigh(173,101) d=2 terrain=10 cost=3.00
    neigh(173,102) d=3 terrain=1 cost=3.60
    neigh(172,102) d=4 terrain=1 cost=3.70
    neigh(171,102) d=5 terrain=1 cost=3.70
    neigh(171,101) d=6 terrain=10 cost=3.20
    neigh(171,100) d=7 terrain=10 cost=2.60
  expand #3: (171,100) boat=1 g=2.60 terrain=10 f_top=28.24
    neigh(171,99) d=0 terrain=10 cost=2.00
    neigh(172,99) d=1 terrain=10 cost=2.00
    neigh(172,100) d=2 terrain=10 cost=2.00
    neigh(172,101) d=3 terrain=10 cost=3.10
    neigh(171,101) d=4 terrain=10 cost=3.20
    neigh(170,101) d=5 terrain=10 cost=3.10
    neigh(170,100) d=6 terrain=10 cost=2.00
    neigh(170,99) d=7 terrain=10 cost=2.00
  expand #4: (173,100) boat=1 g=2.00 terrain=10 f_top=28.46
    neigh(173,99) d=0 terrain=10 cost=2.00
    neigh(174,99) d=1 terrain=10 cost=2.00
    neigh(174,100) d=2 terrain=10 cost=2.00
    neigh(174,101) d=3 terrain=10 cost=2.50
    neigh(173,101) d=4 terrain=10 cost=3.00
    neigh(172,101) d=5 terrain=10 cost=3.10
    neigh(172,100) d=6 terrain=10 cost=2.00
    neigh(172,99) d=7 terrain=10 cost=2.00
  expand #5: (172,99) boat=1 g=2.00 terrain=10 f_top=29.05
    neigh(172,98) d=0 terrain=10 cost=2.00
    neigh(173,98) d=1 terrain=10 cost=2.00
    neigh(173,99) d=2 terrain=10 cost=2.00
    neigh(173,100) d=3 terrain=10 cost=2.00
    neigh(172,100) d=4 terrain=10 cost=2.00
    neigh(171,100) d=5 terrain=10 cost=2.60
    neigh(171,99) d=6 terrain=10 cost=2.00
    neigh(171,98) d=7 terrain=10 cost=2.00
  expand #6: (171,101) boat=1 g=4.51 terrain=10 f_top=29.15
    neigh(171,100) d=0 terrain=10 cost=2.60
    neigh(172,100) d=1 terrain=10 cost=2.00
    neigh(172,101) d=2 terrain=10 cost=3.10
    neigh(172,102) d=3 terrain=1 cost=3.70
    neigh(171,102) d=4 terrain=1 cost=3.70
    neigh(170,102) d=5 terrain=1 cost=3.70
    neigh(170,101) d=6 terrain=10 cost=3.10
    neigh(170,100) d=7 terrain=10 cost=2.00
  expand #7: (171,99) boat=1 g=2.82 terrain=10 f_top=29.46
    neigh(171,98) d=0 terrain=10 cost=2.00
    neigh(172,98) d=1 terrain=10 cost=2.00
    neigh(172,99) d=2 terrain=10 cost=2.00
    neigh(172,100) d=3 terrain=10 cost=2.00
    neigh(171,100) d=4 terrain=10 cost=2.60
    neigh(170,100) d=5 terrain=10 cost=2.00
    neigh(170,99) d=6 terrain=10 cost=2.00
    neigh(170,98) d=7 terrain=10 cost=2.00
  expand #8: (173,101) boat=1 g=4.23 terrain=10 f_top=29.69
    neigh(173,100) d=0 terrain=10 cost=2.00
    neigh(174,100) d=1 terrain=10 cost=2.00
    neigh(174,101) d=2 terrain=10 cost=2.50
    neigh(174,102) d=3 terrain=1 cost=2.90
    neigh(173,102) d=4 terrain=1 cost=3.60
    neigh(172,102) d=5 terrain=1 cost=3.70
    neigh(172,101) d=6 terrain=10 cost=3.10
    neigh(172,100) d=7 terrain=10 cost=2.00
  expand #9: (170,100) boat=1 g=4.60 terrain=10 f_top=29.83
    neigh(170,99) d=0 terrain=10 cost=2.00
    neigh(171,99) d=1 terrain=10 cost=2.00
    neigh(171,100) d=2 terrain=10 cost=2.60
    neigh(171,101) d=3 terrain=10 cost=3.20
    neigh(170,101) d=4 terrain=10 cost=3.10
    neigh(169,101) d=5 terrain=10 cost=3.00
    neigh(169,100) d=6 terrain=10 cost=2.00
    neigh(169,99) d=7 terrain=10 cost=2.00
  expand #10: (173,99) boat=1 g=2.82 terrain=10 f_top=30.28
    neigh(173,98) d=0 terrain=10 cost=2.00
    neigh(174,98) d=1 terrain=10 cost=2.00
    neigh(174,99) d=2 terrain=10 cost=2.00
    neigh(174,100) d=3 terrain=10 cost=2.00
    neigh(173,100) d=4 terrain=10 cost=2.00
    neigh(172,100) d=5 terrain=10 cost=2.00
    neigh(172,99) d=6 terrain=10 cost=2.00
    neigh(172,98) d=7 terrain=10 cost=2.00
  expand #11: (172,102) boat=1 g=6.80 terrain=1 f_top=30.85
    neigh(172,101) d=0 terrain=10 cost=3.10
    neigh(173,101) d=1 terrain=10 cost=3.00
    neigh(173,102) d=2 terrain=1 cost=3.60
    neigh(172,103) d=4 terrain=2 cost=20.27
    neigh(171,102) d=6 terrain=1 cost=3.70
    neigh(171,101) d=7 terrain=10 cost=3.20
  expand #12: (174,100) boat=1 g=4.00 terrain=10 f_top=30.87
    neigh(174,99) d=0 terrain=10 cost=2.00
    neigh(175,99) d=1 terrain=10 cost=2.00
    neigh(175,100) d=2 terrain=10 cost=2.00
    neigh(175,101) d=3 terrain=10 cost=2.40
    neigh(174,101) d=4 terrain=10 cost=2.50
    neigh(173,101) d=5 terrain=10 cost=3.00
    neigh(173,100) d=6 terrain=10 cost=2.00
    neigh(173,99) d=7 terrain=10 cost=2.00
  expand #13: (169,100) boat=1 g=6.60 terrain=10 f_top=31.42
    neigh(169,99) d=0 terrain=10 cost=2.00
    neigh(170,99) d=1 terrain=10 cost=2.00
    neigh(170,100) d=2 terrain=10 cost=2.00
    neigh(170,101) d=3 terrain=10 cost=3.10
    neigh(169,101) d=4 terrain=10 cost=3.00
    neigh(168,101) d=5 terrain=10 cost=2.90
    neigh(168,100) d=6 terrain=10 cost=2.00
    neigh(168,99) d=7 terrain=10 cost=2.00
  expand #14: (172,98) boat=1 g=4.00 terrain=10 f_top=32.05
    neigh(172,97) d=0 terrain=10 cost=2.00
    neigh(173,97) d=1 terrain=10 cost=2.00
    neigh(173,98) d=2 terrain=10 cost=2.00
    neigh(173,99) d=3 terrain=10 cost=2.00
    neigh(172,99) d=4 terrain=10 cost=2.00
    neigh(171,99) d=5 terrain=10 cost=2.00
    neigh(171,98) d=6 terrain=10 cost=2.00
    neigh(171,97) d=7 terrain=10 cost=2.00
  expand #15: (170,98) boat=1 g=5.64 terrain=10 f_top=32.87
    neigh(170,97) d=0 terrain=10 cost=2.00
    neigh(171,97) d=1 terrain=10 cost=2.00
    neigh(171,98) d=2 terrain=10 cost=2.00
    neigh(171,99) d=3 terrain=10 cost=2.00
    neigh(170,99) d=4 terrain=10 cost=2.00
    neigh(169,99) d=5 terrain=10 cost=2.00
    neigh(169,98) d=6 terrain=10 cost=2.00
    neigh(169,97) d=7 terrain=10 cost=2.00
  expand #16: (170,102) boat=1 g=9.73 terrain=1 f_top=32.96
    neigh(170,101) d=0 terrain=10 cost=3.10
    neigh(171,101) d=1 terrain=10 cost=3.20
    neigh(171,102) d=2 terrain=1 cost=3.70
    neigh(170,103) d=4 terrain=2 cost=20.27
    neigh(169,102) d=6 terrain=1 cost=3.60
    neigh(169,101) d=7 terrain=10 cost=3.00
  expand #17: (168,100) boat=1 g=8.60 terrain=10 f_top=33.01
    neigh(168,99) d=0 terrain=10 cost=2.00
    neigh(169,99) d=1 terrain=10 cost=2.00
    neigh(169,100) d=2 terrain=10 cost=2.00
    neigh(169,101) d=3 terrain=10 cost=3.00
    neigh(168,101) d=4 terrain=10 cost=2.90
    neigh(167,101) d=5 terrain=10 cost=2.70
    neigh(167,100) d=6 terrain=10 cost=2.00
    neigh(167,99) d=7 terrain=10 cost=2.00
  expand #18: (170,99) boat=1 g=6.82 terrain=10 f_top=33.05
    neigh(170,98) d=0 terrain=10 cost=2.00
    neigh(171,98) d=1 terrain=10 cost=2.00
    neigh(171,99) d=2 terrain=10 cost=2.00
    neigh(171,100) d=3 terrain=10 cost=2.60
    neigh(170,100) d=4 terrain=10 cost=2.00
    neigh(169,100) d=5 terrain=10 cost=2.00
    neigh(169,99) d=6 terrain=10 cost=2.00
    neigh(169,98) d=7 terrain=10 cost=2.00
  expand #19: (174,102) boat=1 g=8.32 terrain=1 f_top=33.19
    neigh(174,101) d=0 terrain=10 cost=2.50
    neigh(175,101) d=1 terrain=10 cost=2.40
    neigh(175,102) d=2 terrain=1 cost=2.70
    neigh(174,103) d=4 terrain=2 cost=14.40
    neigh(173,102) d=6 terrain=1 cost=3.60
    neigh(173,101) d=7 terrain=10 cost=3.00
  expand #20: (175,100) boat=1 g=6.00 terrain=10 f_top=33.28
    neigh(175,99) d=0 terrain=10 cost=2.00
    neigh(176,99) d=1 terrain=10 cost=2.00
    neigh(176,100) d=2 terrain=10 cost=2.00
    neigh(176,101) d=3 terrain=10 cost=2.00
    neigh(175,101) d=4 terrain=10 cost=2.40
    neigh(174,101) d=5 terrain=10 cost=2.50
    neigh(174,100) d=6 terrain=10 cost=2.00
    neigh(174,99) d=7 terrain=10 cost=2.00
  FOUND dest at expand #2561, cost=111.07
  result=111.07 expanded=2561 open_remaining=769 term=FOUND
  timing: init=33.9us search=1077.8us total=1111.7us  per-expand=0.42us
  heap: pushes=4820 pops=4051 stale_pops=1490 peak_open=770
  neigh: total=20480 oob=0 diag_blocked=382 cost_inf=31 already_closed=9407 worse_g=5841 relaxed=4819

=== cost_to(156,156)->(174,124) boat=1 sh=40 tr=40 mn=40 arm=40 budget=16000 src_terrain=10 dst_terrain=7 ===
=== cost_to(172,100)->(173,137) boat=1 sh=40 tr=40 mn=40 arm=40 budget=16000 src_terrain=10 dst_terrain=7 ===
  expand #1: (156,156) boat=1 g=0.00 terrain=10 f_top=39.38
    neigh(156,155) d=0 terrain=10 cost=3.00
    neigh(157,155) d=1 terrain=10 cost=2.90
    neigh(157,156) d=2 terrain=10 cost=2.00
    neigh(157,157) d=3 terrain=10 cost=2.00
  expand #1: (172,100) boat=1 g=0.00 terrain=10 f_top=37.41
    neigh(172,99) d=0 terrain=10 cost=2.00
    neigh(156,157) d=4 terrain=10 cost=2.00
    neigh(155,157) d=5 terrain=10 cost=2.00
    neigh(155,156) d=6 terrain=10 cost=2.00
    neigh(155,155) d=7 terrain=10 cost=3.10
  expand #2: (157,156) boat=1 g=2.00 terrain=10 f_top=40.97
    neigh(157,155) d=0 terrain=10 cost=2.90
    neigh(158,155) d=1 terrain=10 cost=2.70
    neigh(158,156) d=2 terrain=10 cost=2.00
    neigh(158,157) d=3 terrain=10 cost=2.00
    neigh(157,157) d=4 terrain=10 cost=2.00
    neigh(156,157) d=5 terrain=10 cost=2.00
    neigh(156,156) d=6 terrain=10 cost=2.00
    neigh(156,155) d=7 terrain=10 cost=3.00
  expand #3: (156,155) boat=1 g=3.00 terrain=10 f_top=41.38
    neigh(156,154) d=0 terrain=10 cost=3.60
    neigh(157,154) d=1 terrain=10 cost=3.40
    neigh(157,155) d=2 terrain=10 cost=2.90
    neigh(157,156) d=3 terrain=10 cost=2.00
    neigh(156,156) d=4 terrain=10 cost=2.00
    neigh(155,156) d=5 terrain=10 cost=2.00
    neigh(155,155) d=6 terrain=10 cost=3.10
    neigh(155,154) d=7 terrain=10 cost=3.70
  expand #4: (155,156) boat=1 g=2.00 terrain=10 f_top=41.79
    neigh(155,155) d=0 terrain=10 cost=3.10
    neigh(156,155) d=1 terrain=10 cost=3.00
    neigh(156,156) d=2 terrain=10 cost=2.00
    neigh(156,157) d=3 terrain=10 cost=2.00
    neigh(155,157) d=4 terrain=10 cost=2.00
    neigh(154,157) d=5 terrain=10 cost=2.00
    neigh(154,156) d=6 terrain=10 cost=2.60
    neigh(154,155) d=7 terrain=10 cost=3.20
  expand #5: (157,155) boat=1 g=4.09 terrain=10 f_top=42.06
    neigh(157,154) d=0 terrain=10 cost=3.40
    neigh(158,154) d=1 terrain=10 cost=3.20
    neigh(158,155) d=2 terrain=10 cost=2.70
    neigh(158,156) d=3 terrain=10 cost=2.00
    neigh(157,156) d=4 terrain=10 cost=2.00
    neigh(156,156) d=5 terrain=10 cost=2.00
    neigh(156,155) d=6 terrain=10 cost=3.00
    neigh(156,154) d=7 terrain=10 cost=3.60
  expand #6: (156,157) boat=1 g=2.00 terrain=10 f_top=42.38
    neigh(156,156) d=0 terrain=10 cost=2.00
    neigh(157,156) d=1 terrain=10 cost=2.00
    neigh(157,157) d=2 terrain=10 cost=2.00
    neigh(157,158) d=3 terrain=10 cost=2.00
    neigh(156,158) d=4 terrain=10 cost=2.00
    neigh(155,158) d=5 terrain=10 cost=2.00
    neigh(155,157) d=6 terrain=10 cost=2.00
    neigh(155,156) d=7 terrain=10 cost=2.00
  expand #7: (158,156) boat=1 g=4.00 terrain=10 f_top=42.56
    neigh(158,155) d=0 terrain=10 cost=2.70
    neigh(159,155) d=1 terrain=10 cost=2.00
    neigh(159,156) d=2 terrain=10 cost=2.00
    neigh(159,157) d=3 terrain=10 cost=2.00
    neigh(158,157) d=4 terrain=10 cost=2.00
    neigh(157,157) d=5 terrain=10 cost=2.00
    neigh(157,156) d=6 terrain=10 cost=2.00
    neigh(157,155) d=7 terrain=10 cost=2.90
  expand #8: (157,157) boat=1 g=2.82 terrain=10 f_top=42.79
    neigh(157,156) d=0 terrain=10 cost=2.00
    neigh(158,156) d=1 terrain=10 cost=2.00
    neigh(158,157) d=2 terrain=10 cost=2.00
    neigh(158,158) d=3 terrain=10 cost=2.00
    neigh(157,158) d=4 terrain=10 cost=2.00
    neigh(156,158) d=5 terrain=10 cost=2.00
    neigh(156,157) d=6 terrain=10 cost=2.00
    neigh(156,156) d=7 terrain=10 cost=2.00
  expand #9: (155,155) boat=1 g=4.37 terrain=10 f_top=43.16
    neigh(155,154) d=0 terrain=10 cost=3.70
    neigh(156,154) d=1 terrain=10 cost=3.60
    neigh(156,155) d=2 terrain=10 cost=3.00
    neigh(156,156) d=3 terrain=10 cost=2.00
    neigh(155,156) d=4 terrain=10 cost=2.00
    neigh(154,156) d=5 terrain=10 cost=2.60
    neigh(154,155) d=6 terrain=10 cost=3.20
    neigh(154,154) d=7 terrain=10 cost=3.70
  expand #10: (155,157) boat=1 g=2.82 terrain=10 f_top=43.61
    neigh(155,156) d=0 terrain=10 cost=2.00
    neigh(156,156) d=1 terrain=10 cost=2.00
    neigh(156,157) d=2 terrain=10 cost=2.00
    neigh(156,158) d=3 terrain=10 cost=2.00
    neigh(155,158) d=4 terrain=10 cost=2.00
    neigh(154,158) d=5 terrain=10 cost=2.00
    neigh(154,157) d=6 terrain=10 cost=2.00
    neigh(154,156) d=7 terrain=10 cost=2.60
  expand #11: (156,154) boat=1 g=6.60 terrain=10 f_top=43.98
    neigh(156,153) d=0 terrain=1 cost=4.20
    neigh(157,153) d=1 terrain=1 cost=4.00
    neigh(157,154) d=2 terrain=10 cost=3.40
    neigh(157,155) d=3 terrain=10 cost=2.90
    neigh(156,155) d=4 terrain=10 cost=3.00
    neigh(155,155) d=5 terrain=10 cost=3.10
    neigh(155,154) d=6 terrain=10 cost=3.70
    neigh(155,153) d=7 terrain=1 cost=4.30
  expand #12: (159,156) boat=1 g=6.00 terrain=10 f_top=44.15
    neigh(159,155) d=0 terrain=10 cost=2.00
    neigh(160,155) d=1 terrain=10 cost=2.00
    neigh(160,156) d=2 terrain=10 cost=2.00
    neigh(160,157) d=3 terrain=10 cost=2.00
    neigh(159,157) d=4 terrain=10 cost=2.00
    neigh(158,157) d=5 terrain=10 cost=2.00
    neigh(158,156) d=6 terrain=10 cost=2.00
    neigh(158,155) d=7 terrain=10 cost=2.70
  expand #13: (154,156) boat=1 g=4.60 terrain=10 f_top=44.80
    neigh(154,155) d=0 terrain=10 cost=3.20
    neigh(155,155) d=1 terrain=10 cost=3.10
    neigh(173,99) d=1 terrain=10 cost=2.00
    neigh(155,156) d=2 terrain=10 cost=2.00
    neigh(155,157) d=3 terrain=10 cost=2.00
    neigh(154,157) d=4 terrain=10 cost=2.00
    neigh(153,157) d=5 terrain=10 cost=2.00
    neigh(153,156) d=6 terrain=10 cost=2.00
    neigh(153,155) d=7 terrain=10 cost=3.10
  expand #14: (158,154) boat=1 g=8.60 terrain=10 f_top=45.16
    neigh(158,153) d=0 terrain=1 cost=3.70
    neigh(173,100) d=2 terrain=10 cost=2.00
    neigh(159,153) d=1 terrain=1 cost=3.40
    neigh(159,154) d=2 terrain=10 cost=2.90
    neigh(159,155) d=3 terrain=10 cost=2.00
    neigh(158,155) d=4 terrain=10 cost=2.70
    neigh(157,155) d=5 terrain=10 cost=2.90
    neigh(157,154) d=6 terrain=10 cost=3.40
    neigh(157,153) d=7 terrain=1 cost=4.00
  expand #15: (156,158) boat=1 g=4.00 terrain=10 f_top=45.38
    neigh(156,157) d=0 terrain=10 cost=2.00
    neigh(157,157) d=1 terrain=10 cost=2.00
    neigh(157,158) d=2 terrain=10 cost=2.00
    neigh(157,159) d=3 terrain=10 cost=2.00
    neigh(156,159) d=4 terrain=10 cost=2.00
    neigh(155,159) d=5 terrain=10 cost=2.00
    neigh(155,158) d=6 terrain=10 cost=2.00
    neigh(155,157) d=7 terrain=10 cost=2.00
  expand #16: (160,156) boat=1 g=8.00 terrain=10 f_top=45.74
    neigh(160,155) d=0 terrain=10 cost=2.00
    neigh(161,155) d=1 terrain=10 cost=2.00
    neigh(161,156) d=2 terrain=10 cost=2.00
    neigh(161,157) d=3 terrain=10 cost=2.00
    neigh(160,157) d=4 terrain=10 cost=2.00
    neigh(159,157) d=5 terrain=10 cost=2.00
    neigh(159,156) d=6 terrain=10 cost=2.00
    neigh(159,155) d=7 terrain=10 cost=2.00
  expand #17: (158,155) boat=1 g=8.63 terrain=10 f_top=46.19
    neigh(158,154) d=0 terrain=10 cost=3.20
    neigh(159,154) d=1 terrain=10 cost=2.90
    neigh(159,155) d=2 terrain=10 cost=2.00
    neigh(159,156) d=3 terrain=10 cost=2.00
    neigh(158,156) d=4 terrain=10 cost=2.00
    neigh(157,156) d=5 terrain=10 cost=2.00
    neigh(157,155) d=6 terrain=10 cost=2.90
    neigh(157,154) d=7 terrain=10 cost=3.40
  expand #18: (158,158) boat=1 g=5.64 terrain=10 f_top=46.20
    neigh(158,157) d=0 terrain=10 cost=2.00
    neigh(159,157) d=1 terrain=10 cost=2.00
    neigh(159,158) d=2 terrain=10 cost=2.00
    neigh(159,159) d=3 terrain=10 cost=2.00
    neigh(158,159) d=4 terrain=10 cost=2.00
    neigh(157,159) d=5 terrain=10 cost=2.00
    neigh(157,158) d=6 terrain=10 cost=2.00
    neigh(157,157) d=7 terrain=10 cost=2.00
  expand #19: (158,157) boat=1 g=6.82 terrain=10 f_top=46.38
    neigh(158,156) d=0 terrain=10 cost=2.00
    neigh(159,156) d=1 terrain=10 cost=2.00
    neigh(159,157) d=2 terrain=10 cost=2.00
    neigh(159,158) d=3 terrain=10 cost=2.00
    neigh(158,158) d=4 terrain=10 cost=2.00
    neigh(157,158) d=5 terrain=10 cost=2.00
    neigh(157,157) d=6 terrain=10 cost=2.00
    neigh(157,156) d=7 terrain=10 cost=2.00
  expand #20: (157,154) boat=1 g=9.49 terrain=10 f_top=46.46
    neigh(157,153) d=0 terrain=1 cost=4.00
    neigh(158,153) d=1 terrain=1 cost=3.70
    neigh(158,154) d=2 terrain=10 cost=3.20
    neigh(158,155) d=3 terrain=10 cost=2.70
    neigh(157,155) d=4 terrain=10 cost=2.90
    neigh(156,155) d=5 terrain=10 cost=3.00
    neigh(156,154) d=6 terrain=10 cost=3.60
    neigh(156,153) d=7 terrain=1 cost=4.20
    neigh(173,101) d=3 terrain=10 cost=3.00
    neigh(172,101) d=4 terrain=10 cost=3.10
    neigh(171,101) d=5 terrain=10 cost=3.20
    neigh(171,100) d=6 terrain=10 cost=2.60
    neigh(171,99) d=7 terrain=10 cost=2.00
  expand #2: (173,100) boat=1 g=2.00 terrain=10 f_top=39.00
    neigh(173,99) d=0 terrain=10 cost=2.00
    neigh(174,99) d=1 terrain=10 cost=2.00
    neigh(174,100) d=2 terrain=10 cost=2.00
    neigh(174,101) d=3 terrain=10 cost=2.50
    neigh(173,101) d=4 terrain=10 cost=3.00
    neigh(172,101) d=5 terrain=10 cost=3.10
    neigh(172,100) d=6 terrain=10 cost=2.00
    neigh(172,99) d=7 terrain=10 cost=2.00
  expand #3: (172,101) boat=1 g=3.10 terrain=10 f_top=39.51
    neigh(172,100) d=0 terrain=10 cost=2.00
    neigh(173,100) d=1 terrain=10 cost=2.00
    neigh(173,101) d=2 terrain=10 cost=3.00
    neigh(173,102) d=3 terrain=1 cost=3.60
    neigh(172,102) d=4 terrain=1 cost=3.70
    neigh(171,102) d=5 terrain=1 cost=3.70
    neigh(171,101) d=6 terrain=10 cost=3.20
    neigh(171,100) d=7 terrain=10 cost=2.60
  expand #4: (173,101) boat=1 g=4.23 terrain=10 f_top=40.23
    neigh(173,100) d=0 terrain=10 cost=2.00
    neigh(174,100) d=1 terrain=10 cost=2.00
    neigh(174,101) d=2 terrain=10 cost=2.50
    neigh(174,102) d=3 terrain=1 cost=2.90
    neigh(173,102) d=4 terrain=1 cost=3.60
    neigh(172,102) d=5 terrain=1 cost=3.70
    neigh(172,101) d=6 terrain=10 cost=3.10
    neigh(172,100) d=7 terrain=10 cost=2.00
  expand #5: (172,99) boat=1 g=2.00 terrain=10 f_top=40.41
    neigh(172,98) d=0 terrain=10 cost=2.00
    neigh(173,98) d=1 terrain=10 cost=2.00
    neigh(173,99) d=2 terrain=10 cost=2.00
    neigh(173,100) d=3 terrain=10 cost=2.00
    neigh(172,100) d=4 terrain=10 cost=2.00
    neigh(171,100) d=5 terrain=10 cost=2.60
    neigh(171,99) d=6 terrain=10 cost=2.00
    neigh(171,98) d=7 terrain=10 cost=2.00
  expand #6: (171,100) boat=1 g=2.60 terrain=10 f_top=40.42
    neigh(171,99) d=0 terrain=10 cost=2.00
    neigh(172,99) d=1 terrain=10 cost=2.00
    neigh(172,100) d=2 terrain=10 cost=2.00
    neigh(172,101) d=3 terrain=10 cost=3.10
    neigh(171,101) d=4 terrain=10 cost=3.20
    neigh(170,101) d=5 terrain=10 cost=3.10
    neigh(170,100) d=6 terrain=10 cost=2.00
    neigh(170,99) d=7 terrain=10 cost=2.00
  expand #7: (173,99) boat=1 g=2.82 terrain=10 f_top=40.82
    neigh(173,98) d=0 terrain=10 cost=2.00
    neigh(174,98) d=1 terrain=10 cost=2.00
    neigh(174,99) d=2 terrain=10 cost=2.00
    neigh(174,100) d=3 terrain=10 cost=2.00
    neigh(173,100) d=4 terrain=10 cost=2.00
    neigh(172,100) d=5 terrain=10 cost=2.00
    neigh(172,99) d=6 terrain=10 cost=2.00
    neigh(172,98) d=7 terrain=10 cost=2.00
  expand #8: (171,101) boat=1 g=4.51 terrain=10 f_top=41.33
    neigh(171,100) d=0 terrain=10 cost=2.60
    neigh(172,100) d=1 terrain=10 cost=2.00
    neigh(172,101) d=2 terrain=10 cost=3.10
    neigh(172,102) d=3 terrain=1 cost=3.70
    neigh(171,102) d=4 terrain=1 cost=3.70
    neigh(170,102) d=5 terrain=1 cost=3.70
    neigh(170,101) d=6 terrain=10 cost=3.10
    neigh(170,100) d=7 terrain=10 cost=2.00
  expand #9: (174,100) boat=1 g=4.00 terrain=10 f_top=41.41
    neigh(174,99) d=0 terrain=10 cost=2.00
    neigh(175,99) d=1 terrain=10 cost=2.00
    neigh(175,100) d=2 terrain=10 cost=2.00
    neigh(175,101) d=3 terrain=10 cost=2.40
    neigh(174,101) d=4 terrain=10 cost=2.50
    neigh(173,101) d=5 terrain=10 cost=3.00
    neigh(173,100) d=6 terrain=10 cost=2.00
    neigh(173,99) d=7 terrain=10 cost=2.00
  expand #10: (171,99) boat=1 g=2.82 terrain=10 f_top=41.64
    neigh(171,98) d=0 terrain=10 cost=2.00
    neigh(172,98) d=1 terrain=10 cost=2.00
    neigh(172,99) d=2 terrain=10 cost=2.00
    neigh(172,100) d=3 terrain=10 cost=2.00
    neigh(171,100) d=4 terrain=10 cost=2.60
    neigh(170,100) d=5 terrain=10 cost=2.00
    neigh(170,99) d=6 terrain=10 cost=2.00
    neigh(170,98) d=7 terrain=10 cost=2.00
  expand #11: (172,102) boat=1 g=6.80 terrain=1 f_top=42.21
    neigh(172,101) d=0 terrain=10 cost=3.10
    neigh(173,101) d=1 terrain=10 cost=3.00
    neigh(173,102) d=2 terrain=1 cost=3.60
    neigh(172,103) d=4 terrain=2 cost=20.27
    neigh(171,102) d=6 terrain=1 cost=3.70
    neigh(171,101) d=7 terrain=10 cost=3.20
  expand #12: (170,100) boat=1 g=4.60 terrain=10 f_top=42.83
    neigh(170,99) d=0 terrain=10 cost=2.00
    neigh(171,99) d=1 terrain=10 cost=2.00
    neigh(171,100) d=2 terrain=10 cost=2.60
    neigh(171,101) d=3 terrain=10 cost=3.20
    neigh(170,101) d=4 terrain=10 cost=3.10
    neigh(169,101) d=5 terrain=10 cost=3.00
    neigh(169,100) d=6 terrain=10 cost=2.00
    neigh(169,99) d=7 terrain=10 cost=2.00
  expand #13: (172,98) boat=1 g=4.00 terrain=10 f_top=43.41
    neigh(172,97) d=0 terrain=10 cost=2.00
    neigh(173,97) d=1 terrain=10 cost=2.00
    neigh(173,98) d=2 terrain=10 cost=2.00
    neigh(173,99) d=3 terrain=10 cost=2.00
    neigh(172,99) d=4 terrain=10 cost=2.00
    neigh(171,99) d=5 terrain=10 cost=2.00
    neigh(171,98) d=6 terrain=10 cost=2.00
    neigh(171,97) d=7 terrain=10 cost=2.00
  expand #14: (174,102) boat=1 g=8.32 terrain=1 f_top=43.73
    neigh(174,101) d=0 terrain=10 cost=2.50
    neigh(175,101) d=1 terrain=10 cost=2.40
    neigh(175,102) d=2 terrain=1 cost=2.70
    neigh(174,103) d=4 terrain=2 cost=14.40
    neigh(173,102) d=6 terrain=1 cost=3.60
    neigh(173,101) d=7 terrain=10 cost=3.00
  expand #15: (175,100) boat=1 g=6.00 terrain=10 f_top=43.82
    neigh(175,99) d=0 terrain=10 cost=2.00
    neigh(176,99) d=1 terrain=10 cost=2.00
    neigh(176,100) d=2 terrain=10 cost=2.00
    neigh(176,101) d=3 terrain=10 cost=2.00
    neigh(175,101) d=4 terrain=10 cost=2.40
    neigh(174,101) d=5 terrain=10 cost=2.50
    neigh(174,100) d=6 terrain=10 cost=2.00
    neigh(174,99) d=7 terrain=10 cost=2.00
  expand #16: (174,101) boat=1 g=8.34 terrain=10 f_top=44.75
    neigh(174,100) d=0 terrain=10 cost=2.00
    neigh(175,100) d=1 terrain=10 cost=2.00
    neigh(175,101) d=2 terrain=10 cost=2.40
    neigh(175,102) d=3 terrain=1 cost=2.70
    neigh(174,102) d=4 terrain=1 cost=2.90
    neigh(173,102) d=5 terrain=1 cost=3.60
    neigh(173,101) d=6 terrain=10 cost=3.00
    neigh(173,100) d=7 terrain=10 cost=2.00
  expand #17: (173,102) boat=1 g=9.83 terrain=1 f_top=44.83
    neigh(173,101) d=0 terrain=10 cost=3.00
    neigh(174,101) d=1 terrain=10 cost=2.50
    neigh(174,102) d=2 terrain=1 cost=2.90
    neigh(173,103) d=4 terrain=2 cost=17.07
    neigh(172,102) d=6 terrain=1 cost=3.70
    neigh(172,101) d=7 terrain=10 cost=3.10
  expand #18: (174,98) boat=1 g=5.64 terrain=10 f_top=45.05
    neigh(174,97) d=0 terrain=10 cost=2.00
    neigh(175,97) d=1 terrain=10 cost=2.00
    neigh(175,98) d=2 terrain=10 cost=2.00
    neigh(175,99) d=3 terrain=10 cost=2.00
    neigh(174,99) d=4 terrain=10 cost=2.00
    neigh(173,99) d=5 terrain=10 cost=2.00
    neigh(173,98) d=6 terrain=10 cost=2.00
    neigh(173,97) d=7 terrain=10 cost=2.00
  expand #19: (174,99) boat=1 g=6.82 terrain=10 f_top=45.23
    neigh(174,98) d=0 terrain=10 cost=2.00
    neigh(175,98) d=1 terrain=10 cost=2.00
    neigh(175,99) d=2 terrain=10 cost=2.00
    neigh(175,100) d=3 terrain=10 cost=2.00
    neigh(174,100) d=4 terrain=10 cost=2.00
    neigh(173,100) d=5 terrain=10 cost=2.00
    neigh(173,99) d=6 terrain=10 cost=2.00
    neigh(173,98) d=7 terrain=10 cost=2.00
  expand #20: (169,100) boat=1 g=6.60 terrain=10 f_top=45.24
    neigh(169,99) d=0 terrain=10 cost=2.00
    neigh(170,99) d=1 terrain=10 cost=2.00
    neigh(170,100) d=2 terrain=10 cost=2.00
    neigh(170,101) d=3 terrain=10 cost=3.10
    neigh(169,101) d=4 terrain=10 cost=3.00
    neigh(168,101) d=5 terrain=10 cost=2.90
    neigh(168,100) d=6 terrain=10 cost=2.00
    neigh(168,99) d=7 terrain=10 cost=2.00
  FOUND dest at expand #3270, cost=127.44
  result=127.44 expanded=3270 open_remaining=962 term=FOUND
  timing: init=13.8us search=1865.8us total=1879.6us  per-expand=0.57us
  heap: pushes=6464 pops=5502 stale_pops=2232 peak_open=963
  neigh: total=26152 oob=0 diag_blocked=455 cost_inf=34 already_closed=12054 worse_g=7146 relaxed=6463

  FOUND dest at expand #5262, cost=152.51
  result=152.51 expanded=5262 open_remaining=1019 term=FOUND
  timing: init=33.2us search=1947.5us total=1980.7us  per-expand=0.37us
  heap: pushes=9852 pops=8833 stale_pops=3571 peak_open=1034
  neigh: total=42088 oob=0 diag_blocked=694 cost_inf=58 already_closed=19910 worse_g=11575 relaxed=9851

=== cost_to(156,156)->(167,124) boat=1 sh=40 tr=40 mn=40 arm=40 budget=16000 src_terrain=10 dst_terrain=7 ===
  expand #1: (156,156) boat=1 g=0.00 terrain=10 f_top=36.51
    neigh(156,155) d=0 terrain=10 cost=3.00
    neigh(157,155) d=1 terrain=10 cost=2.90
    neigh(157,156) d=2 terrain=10 cost=2.00
    neigh(157,157) d=3 terrain=10 cost=2.00
    neigh(156,157) d=4 terrain=10 cost=2.00
    neigh(155,157) d=5 terrain=10 cost=2.00
    neigh(155,156) d=6 terrain=10 cost=2.00
    neigh(155,155) d=7 terrain=10 cost=3.10
  expand #2: (157,156) boat=1 g=2.00 terrain=10 f_top=38.10
    neigh(157,155) d=0 terrain=10 cost=2.90
    neigh(158,155) d=1 terrain=10 cost=2.70
    neigh(158,156) d=2 terrain=10 cost=2.00
    neigh(158,157) d=3 terrain=10 cost=2.00
    neigh(157,157) d=4 terrain=10 cost=2.00
    neigh(156,157) d=5 terrain=10 cost=2.00
    neigh(156,156) d=6 terrain=10 cost=2.00
    neigh(156,155) d=7 terrain=10 cost=3.00
  expand #3: (156,155) boat=1 g=3.00 terrain=10 f_top=38.51
    neigh(156,154) d=0 terrain=10 cost=3.60
    neigh(157,154) d=1 terrain=10 cost=3.40
    neigh(157,155) d=2 terrain=10 cost=2.90
    neigh(157,156) d=3 terrain=10 cost=2.00
    neigh(156,156) d=4 terrain=10 cost=2.00
    neigh(155,156) d=5 terrain=10 cost=2.00
    neigh(155,155) d=6 terrain=10 cost=3.10
    neigh(155,154) d=7 terrain=10 cost=3.70
  expand #4: (155,156) boat=1 g=2.00 terrain=10 f_top=38.92
    neigh(155,155) d=0 terrain=10 cost=3.10
    neigh(156,155) d=1 terrain=10 cost=3.00
    neigh(156,156) d=2 terrain=10 cost=2.00
=== cost_to(172,100)->(168,132) boat=1 sh=40 tr=40 mn=40 arm=40 budget=16000 src_terrain=10 dst_terrain=7 ===
    neigh(156,157) d=3 terrain=10 cost=2.00
    neigh(155,157) d=4 terrain=10 cost=2.00
    neigh(154,157) d=5 terrain=10 cost=2.00
    neigh(154,156) d=6 terrain=10 cost=2.60
    neigh(154,155) d=7 terrain=10 cost=3.20
  expand #5: (157,155) boat=1 g=4.09 terrain=10 f_top=39.19
    neigh(157,154) d=0 terrain=10 cost=3.40
    neigh(158,154) d=1 terrain=10 cost=3.20
    neigh(158,155) d=2 terrain=10 cost=2.70
    neigh(158,156) d=3 terrain=10 cost=2.00
    neigh(157,156) d=4 terrain=10 cost=2.00
    neigh(156,156) d=5 terrain=10 cost=2.00
    neigh(156,155) d=6 terrain=10 cost=3.00
    neigh(156,154) d=7 terrain=10 cost=3.60
  expand #6: (156,157) boat=1 g=2.00 terrain=10 f_top=39.51
    neigh(156,156) d=0 terrain=10 cost=2.00
    neigh(157,156) d=1 terrain=10 cost=2.00
    neigh(157,157) d=2 terrain=10 cost=2.00
    neigh(157,158) d=3 terrain=10 cost=2.00
    neigh(156,158) d=4 terrain=10 cost=2.00
    neigh(155,158) d=5 terrain=10 cost=2.00
    neigh(155,157) d=6 terrain=10 cost=2.00
  expand #1: (172,100) boat=1 g=0.00 terrain=10 f_top=33.64
    neigh(155,156) d=7 terrain=10 cost=2.00
  expand #7: (158,156) boat=1 g=4.00 terrain=10 f_top=39.69
    neigh(158,155) d=0 terrain=10 cost=2.70
    neigh(159,155) d=1 terrain=10 cost=2.00
    neigh(159,156) d=2 terrain=10 cost=2.00
    neigh(159,157) d=3 terrain=10 cost=2.00
    neigh(158,157) d=4 terrain=10 cost=2.00
    neigh(157,157) d=5 terrain=10 cost=2.00
    neigh(157,156) d=6 terrain=10 cost=2.00
    neigh(157,155) d=7 terrain=10 cost=2.90
  expand #8: (157,157) boat=1 g=2.82 terrain=10 f_top=39.92
    neigh(157,156) d=0 terrain=10 cost=2.00
    neigh(158,156) d=1 terrain=10 cost=2.00
    neigh(158,157) d=2 terrain=10 cost=2.00
    neigh(158,158) d=3 terrain=10 cost=2.00
    neigh(157,158) d=4 terrain=10 cost=2.00
    neigh(156,158) d=5 terrain=10 cost=2.00
    neigh(156,157) d=6 terrain=10 cost=2.00
    neigh(156,156) d=7 terrain=10 cost=2.00
  expand #9: (155,155) boat=1 g=4.37 terrain=10 f_top=40.29
    neigh(155,154) d=0 terrain=10 cost=3.70
    neigh(156,154) d=1 terrain=10 cost=3.60
    neigh(156,155) d=2 terrain=10 cost=3.00
    neigh(156,156) d=3 terrain=10 cost=2.00
    neigh(155,156) d=4 terrain=10 cost=2.00
    neigh(154,156) d=5 terrain=10 cost=2.60
    neigh(154,155) d=6 terrain=10 cost=3.20
    neigh(154,154) d=7 terrain=10 cost=3.70
  expand #10: (155,157) boat=1 g=2.82 terrain=10 f_top=40.74
    neigh(155,156) d=0 terrain=10 cost=2.00
    neigh(156,156) d=1 terrain=10 cost=2.00
    neigh(156,157) d=2 terrain=10 cost=2.00
    neigh(156,158) d=3 terrain=10 cost=2.00
    neigh(155,158) d=4 terrain=10 cost=2.00
    neigh(154,158) d=5 terrain=10 cost=2.00
    neigh(154,157) d=6 terrain=10 cost=2.00
    neigh(154,156) d=7 terrain=10 cost=2.60
  expand #11: (156,154) boat=1 g=6.60 terrain=10 f_top=41.11
    neigh(156,153) d=0 terrain=1 cost=4.20
    neigh(157,153) d=1 terrain=1 cost=4.00
    neigh(157,154) d=2 terrain=10 cost=3.40
    neigh(172,99) d=0 terrain=10 cost=2.00
    neigh(157,155) d=3 terrain=10 cost=2.90
    neigh(156,155) d=4 terrain=10 cost=3.00
    neigh(155,155) d=5 terrain=10 cost=3.10
    neigh(155,154) d=6 terrain=10 cost=3.70
    neigh(155,153) d=7 terrain=1 cost=4.30
    neigh(173,99) d=1 terrain=10 cost=2.00
    neigh(173,100) d=2 terrain=10 cost=2.00
    neigh(173,101) d=3 terrain=10 cost=3.00
    neigh(172,101) d=4 terrain=10 cost=3.10
    neigh(171,101) d=5 terrain=10 cost=3.20
    neigh(171,100) d=6 terrain=10 cost=2.60
  expand #12: (159,156) boat=1 g=6.00 terrain=10 f_top=41.28
    neigh(171,99) d=7 terrain=10 cost=2.00
  expand #2: (172,101) boat=1 g=3.10 terrain=10 f_top=35.74
    neigh(172,100) d=0 terrain=10 cost=2.00
    neigh(173,100) d=1 terrain=10 cost=2.00
    neigh(173,101) d=2 terrain=10 cost=3.00
    neigh(173,102) d=3 terrain=1 cost=3.60
    neigh(172,102) d=4 terrain=1 cost=3.70
    neigh(171,102) d=5 terrain=1 cost=3.70
    neigh(171,101) d=6 terrain=10 cost=3.20
    neigh(171,100) d=7 terrain=10 cost=2.60
  expand #3: (171,100) boat=1 g=2.60 terrain=10 f_top=35.83
    neigh(171,99) d=0 terrain=10 cost=2.00
    neigh(172,99) d=1 terrain=10 cost=2.00
    neigh(172,100) d=2 terrain=10 cost=2.00
    neigh(172,101) d=3 terrain=10 cost=3.10
    neigh(171,101) d=4 terrain=10 cost=3.20
    neigh(170,101) d=5 terrain=10 cost=3.10
    neigh(170,100) d=6 terrain=10 cost=2.00
    neigh(170,99) d=7 terrain=10 cost=2.00
  expand #4: (173,100) boat=1 g=2.00 terrain=10 f_top=36.05
    neigh(173,99) d=0 terrain=10 cost=2.00
    neigh(174,99) d=1 terrain=10 cost=2.00
    neigh(174,100) d=2 terrain=10 cost=2.00
    neigh(174,101) d=3 terrain=10 cost=2.50
    neigh(173,101) d=4 terrain=10 cost=3.00
    neigh(172,101) d=5 terrain=10 cost=3.10
    neigh(172,100) d=6 terrain=10 cost=2.00
    neigh(159,155) d=0 terrain=10 cost=2.00
    neigh(172,99) d=7 terrain=10 cost=2.00
  expand #5: (172,99) boat=1 g=2.00 terrain=10 f_top=36.64
    neigh(172,98) d=0 terrain=10 cost=2.00
    neigh(173,98) d=1 terrain=10 cost=2.00
    neigh(173,99) d=2 terrain=10 cost=2.00
    neigh(173,100) d=3 terrain=10 cost=2.00
    neigh(172,100) d=4 terrain=10 cost=2.00
    neigh(171,100) d=5 terrain=10 cost=2.60
    neigh(171,99) d=6 terrain=10 cost=2.00
    neigh(171,98) d=7 terrain=10 cost=2.00
  expand #6: (171,101) boat=1 g=4.51 terrain=10 f_top=36.74
    neigh(171,100) d=0 terrain=10 cost=2.60
    neigh(172,100) d=1 terrain=10 cost=2.00
    neigh(172,101) d=2 terrain=10 cost=3.10
    neigh(172,102) d=3 terrain=1 cost=3.70
    neigh(171,102) d=4 terrain=1 cost=3.70
    neigh(170,102) d=5 terrain=1 cost=3.70
    neigh(170,101) d=6 terrain=10 cost=3.10
    neigh(170,100) d=7 terrain=10 cost=2.00
  expand #7: (171,99) boat=1 g=2.82 terrain=10 f_top=37.05
    neigh(171,98) d=0 terrain=10 cost=2.00
    neigh(172,98) d=1 terrain=10 cost=2.00
    neigh(172,99) d=2 terrain=10 cost=2.00
    neigh(172,100) d=3 terrain=10 cost=2.00
    neigh(171,100) d=4 terrain=10 cost=2.60
    neigh(170,100) d=5 terrain=10 cost=2.00
    neigh(170,99) d=6 terrain=10 cost=2.00
    neigh(170,98) d=7 terrain=10 cost=2.00
  expand #8: (173,101) boat=1 g=4.23 terrain=10 f_top=37.28
    neigh(173,100) d=0 terrain=10 cost=2.00
    neigh(174,100) d=1 terrain=10 cost=2.00
    neigh(174,101) d=2 terrain=10 cost=2.50
    neigh(174,102) d=3 terrain=1 cost=2.90
    neigh(173,102) d=4 terrain=1 cost=3.60
    neigh(172,102) d=5 terrain=1 cost=3.70
    neigh(172,101) d=6 terrain=10 cost=3.10
    neigh(172,100) d=7 terrain=10 cost=2.00
  expand #9: (170,100) boat=1 g=4.60 terrain=10 f_top=37.42
    neigh(170,99) d=0 terrain=10 cost=2.00
    neigh(171,99) d=1 terrain=10 cost=2.00
    neigh(171,100) d=2 terrain=10 cost=2.60
    neigh(171,101) d=3 terrain=10 cost=3.20
    neigh(170,101) d=4 terrain=10 cost=3.10
    neigh(169,101) d=5 terrain=10 cost=3.00
    neigh(169,100) d=6 terrain=10 cost=2.00
    neigh(169,99) d=7 terrain=10 cost=2.00
  expand #10: (173,99) boat=1 g=2.82 terrain=10 f_top=37.87
    neigh(173,98) d=0 terrain=10 cost=2.00
    neigh(174,98) d=1 terrain=10 cost=2.00
    neigh(174,99) d=2 terrain=10 cost=2.00
    neigh(174,100) d=3 terrain=10 cost=2.00
    neigh(173,100) d=4 terrain=10 cost=2.00
    neigh(172,100) d=5 terrain=10 cost=2.00
    neigh(172,99) d=6 terrain=10 cost=2.00
    neigh(172,98) d=7 terrain=10 cost=2.00
  expand #11: (172,102) boat=1 g=6.80 terrain=1 f_top=38.44
    neigh(172,101) d=0 terrain=10 cost=3.10
    neigh(173,101) d=1 terrain=10 cost=3.00
    neigh(173,102) d=2 terrain=1 cost=3.60
    neigh(172,103) d=4 terrain=2 cost=20.27
    neigh(171,102) d=6 terrain=1 cost=3.70
    neigh(171,101) d=7 terrain=10 cost=3.20
  expand #12: (174,100) boat=1 g=4.00 terrain=10 f_top=38.46
    neigh(174,99) d=0 terrain=10 cost=2.00
    neigh(175,99) d=1 terrain=10 cost=2.00
    neigh(175,100) d=2 terrain=10 cost=2.00
    neigh(175,101) d=3 terrain=10 cost=2.40
    neigh(174,101) d=4 terrain=10 cost=2.50
    neigh(173,101) d=5 terrain=10 cost=3.00
    neigh(173,100) d=6 terrain=10 cost=2.00
    neigh(173,99) d=7 terrain=10 cost=2.00
  expand #13: (169,100) boat=1 g=6.60 terrain=10 f_top=39.01
    neigh(169,99) d=0 terrain=10 cost=2.00
    neigh(170,99) d=1 terrain=10 cost=2.00
    neigh(170,100) d=2 terrain=10 cost=2.00
    neigh(170,101) d=3 terrain=10 cost=3.10
    neigh(169,101) d=4 terrain=10 cost=3.00
    neigh(168,101) d=5 terrain=10 cost=2.90
    neigh(168,100) d=6 terrain=10 cost=2.00
    neigh(168,99) d=7 terrain=10 cost=2.00
  expand #14: (172,98) boat=1 g=4.00 terrain=10 f_top=39.64
    neigh(172,97) d=0 terrain=10 cost=2.00
    neigh(173,97) d=1 terrain=10 cost=2.00
    neigh(173,98) d=2 terrain=10 cost=2.00
    neigh(173,99) d=3 terrain=10 cost=2.00
    neigh(172,99) d=4 terrain=10 cost=2.00
    neigh(171,99) d=5 terrain=10 cost=2.00
    neigh(171,98) d=6 terrain=10 cost=2.00
    neigh(171,97) d=7 terrain=10 cost=2.00
  expand #15: (170,98) boat=1 g=5.64 terrain=10 f_top=40.46
    neigh(170,97) d=0 terrain=10 cost=2.00
    neigh(171,97) d=1 terrain=10 cost=2.00
    neigh(171,98) d=2 terrain=10 cost=2.00
    neigh(171,99) d=3 terrain=10 cost=2.00
    neigh(170,99) d=4 terrain=10 cost=2.00
    neigh(169,99) d=5 terrain=10 cost=2.00
    neigh(169,98) d=6 terrain=10 cost=2.00
    neigh(169,97) d=7 terrain=10 cost=2.00
  expand #16: (170,102) boat=1 g=9.73 terrain=1 f_top=40.55
    neigh(170,101) d=0 terrain=10 cost=3.10
    neigh(171,101) d=1 terrain=10 cost=3.20
    neigh(171,102) d=2 terrain=1 cost=3.70
    neigh(170,103) d=4 terrain=2 cost=20.27
    neigh(169,102) d=6 terrain=1 cost=3.60
    neigh(169,101) d=7 terrain=10 cost=3.00
  expand #17: (168,100) boat=1 g=8.60 terrain=10 f_top=40.60
    neigh(168,99) d=0 terrain=10 cost=2.00
    neigh(169,99) d=1 terrain=10 cost=2.00
    neigh(169,100) d=2 terrain=10 cost=2.00
    neigh(169,101) d=3 terrain=10 cost=3.00
    neigh(168,101) d=4 terrain=10 cost=2.90
    neigh(167,101) d=5 terrain=10 cost=2.70
    neigh(167,100) d=6 terrain=10 cost=2.00
    neigh(167,99) d=7 terrain=10 cost=2.00
  expand #18: (170,99) boat=1 g=6.82 terrain=10 f_top=40.64
    neigh(170,98) d=0 terrain=10 cost=2.00
    neigh(171,98) d=1 terrain=10 cost=2.00
    neigh(171,99) d=2 terrain=10 cost=2.00
    neigh(171,100) d=3 terrain=10 cost=2.60
    neigh(170,100) d=4 terrain=10 cost=2.00
    neigh(169,100) d=5 terrain=10 cost=2.00
    neigh(169,99) d=6 terrain=10 cost=2.00
    neigh(169,98) d=7 terrain=10 cost=2.00
  expand #19: (174,102) boat=1 g=8.32 terrain=1 f_top=40.78
    neigh(174,101) d=0 terrain=10 cost=2.50
    neigh(175,101) d=1 terrain=10 cost=2.40
    neigh(175,102) d=2 terrain=1 cost=2.70
    neigh(174,103) d=4 terrain=2 cost=14.40
    neigh(173,102) d=6 terrain=1 cost=3.60
    neigh(173,101) d=7 terrain=10 cost=3.00
  expand #20: (175,100) boat=1 g=6.00 terrain=10 f_top=40.87
    neigh(175,99) d=0 terrain=10 cost=2.00
    neigh(176,99) d=1 terrain=10 cost=2.00
    neigh(176,100) d=2 terrain=10 cost=2.00
    neigh(176,101) d=3 terrain=10 cost=2.00
    neigh(175,101) d=4 terrain=10 cost=2.40
    neigh(174,101) d=5 terrain=10 cost=2.50
    neigh(174,100) d=6 terrain=10 cost=2.00
    neigh(174,99) d=7 terrain=10 cost=2.00
    neigh(160,155) d=1 terrain=10 cost=2.00
    neigh(160,156) d=2 terrain=10 cost=2.00
    neigh(160,157) d=3 terrain=10 cost=2.00
    neigh(159,157) d=4 terrain=10 cost=2.00
    neigh(158,157) d=5 terrain=10 cost=2.00
    neigh(158,156) d=6 terrain=10 cost=2.00
    neigh(158,155) d=7 terrain=10 cost=2.70
  expand #13: (154,156) boat=1 g=4.60 terrain=10 f_top=41.93
    neigh(154,155) d=0 terrain=10 cost=3.20
    neigh(155,155) d=1 terrain=10 cost=3.10
    neigh(155,156) d=2 terrain=10 cost=2.00
    neigh(155,157) d=3 terrain=10 cost=2.00
    neigh(154,157) d=4 terrain=10 cost=2.00
    neigh(153,157) d=5 terrain=10 cost=2.00
    neigh(153,156) d=6 terrain=10 cost=2.00
    neigh(153,155) d=7 terrain=10 cost=3.10
  expand #14: (158,154) boat=1 g=8.60 terrain=10 f_top=42.29
    neigh(158,153) d=0 terrain=1 cost=3.70
    neigh(159,153) d=1 terrain=1 cost=3.40
    neigh(159,154) d=2 terrain=10 cost=2.90
    neigh(159,155) d=3 terrain=10 cost=2.00
    neigh(158,155) d=4 terrain=10 cost=2.70
    neigh(157,155) d=5 terrain=10 cost=2.90
    neigh(157,154) d=6 terrain=10 cost=3.40
    neigh(157,153) d=7 terrain=1 cost=4.00
  expand #15: (156,158) boat=1 g=4.00 terrain=10 f_top=42.51
    neigh(156,157) d=0 terrain=10 cost=2.00
    neigh(157,157) d=1 terrain=10 cost=2.00
    neigh(157,158) d=2 terrain=10 cost=2.00
    neigh(157,159) d=3 terrain=10 cost=2.00
    neigh(156,159) d=4 terrain=10 cost=2.00
    neigh(155,159) d=5 terrain=10 cost=2.00
    neigh(155,158) d=6 terrain=10 cost=2.00
    neigh(155,157) d=7 terrain=10 cost=2.00
  expand #16: (160,156) boat=1 g=8.00 terrain=10 f_top=42.87
    neigh(160,155) d=0 terrain=10 cost=2.00
    neigh(161,155) d=1 terrain=10 cost=2.00
    neigh(161,156) d=2 terrain=10 cost=2.00
    neigh(161,157) d=3 terrain=10 cost=2.00
    neigh(160,157) d=4 terrain=10 cost=2.00
    neigh(159,157) d=5 terrain=10 cost=2.00
    neigh(159,156) d=6 terrain=10 cost=2.00
    neigh(159,155) d=7 terrain=10 cost=2.00
  expand #17: (158,155) boat=1 g=8.63 terrain=10 f_top=43.32
    neigh(158,154) d=0 terrain=10 cost=3.20
    neigh(159,154) d=1 terrain=10 cost=2.90
    neigh(159,155) d=2 terrain=10 cost=2.00
    neigh(159,156) d=3 terrain=10 cost=2.00
    neigh(158,156) d=4 terrain=10 cost=2.00
    neigh(157,156) d=5 terrain=10 cost=2.00
    neigh(157,155) d=6 terrain=10 cost=2.90
    neigh(157,154) d=7 terrain=10 cost=3.40
  expand #18: (158,158) boat=1 g=5.64 terrain=10 f_top=43.33
    neigh(158,157) d=0 terrain=10 cost=2.00
    neigh(159,157) d=1 terrain=10 cost=2.00
    neigh(159,158) d=2 terrain=10 cost=2.00
    neigh(159,159) d=3 terrain=10 cost=2.00
    neigh(158,159) d=4 terrain=10 cost=2.00
    neigh(157,159) d=5 terrain=10 cost=2.00
    neigh(157,158) d=6 terrain=10 cost=2.00
    neigh(157,157) d=7 terrain=10 cost=2.00
  expand #19: (158,157) boat=1 g=6.82 terrain=10 f_top=43.51
    neigh(158,156) d=0 terrain=10 cost=2.00
    neigh(159,156) d=1 terrain=10 cost=2.00
    neigh(159,157) d=2 terrain=10 cost=2.00
    neigh(159,158) d=3 terrain=10 cost=2.00
    neigh(158,158) d=4 terrain=10 cost=2.00
    neigh(157,158) d=5 terrain=10 cost=2.00
    neigh(157,157) d=6 terrain=10 cost=2.00
    neigh(157,156) d=7 terrain=10 cost=2.00
  expand #20: (157,154) boat=1 g=9.49 terrain=10 f_top=43.59
    neigh(157,153) d=0 terrain=1 cost=4.00
    neigh(158,153) d=1 terrain=1 cost=3.70
    neigh(158,154) d=2 terrain=10 cost=3.20
    neigh(158,155) d=3 terrain=10 cost=2.70
    neigh(157,155) d=4 terrain=10 cost=2.90
    neigh(156,155) d=5 terrain=10 cost=3.00
    neigh(156,154) d=6 terrain=10 cost=3.60
    neigh(156,153) d=7 terrain=1 cost=4.20
  FOUND dest at expand #3725, cost=130.73
  FOUND dest at expand #2752, cost=119.64
  result=130.73 expanded=3725 open_remaining=873 term=FOUND
  timing: init=13.4us search=1635.1us total=1648.5us  per-expand=0.44us
  heap: pushes=6889 pops=6016 stale_pops=2291 peak_open=897
  neigh: total=29792 oob=0 diag_blocked=510 cost_inf=43 already_closed=13842 worse_g=8509 relaxed=6888

  result=119.64 expanded=2752 open_remaining=941 term=FOUND
  timing: init=24.9us search=1750.8us total=1775.7us  per-expand=0.64us
  heap: pushes=5447 pops=4506 stale_pops=1754 peak_open=960
  neigh: total=22008 oob=0 diag_blocked=409 cost_inf=31 already_closed=10106 worse_g=6016 relaxed=5446

=== cost_to(156,156)->(174,122) boat=1 sh=40 tr=40 mn=40 arm=40 budget=16000 src_terrain=10 dst_terrain=7 ===
  expand #1: (156,156) boat=1 g=0.00 terrain=10 f_top=41.38
    neigh(156,155) d=0 terrain=10 cost=12.00
    neigh(157,155) d=1 terrain=10 cost=11.00
    neigh(157,156) d=2 terrain=10 cost=2.00
    neigh(157,157) d=3 terrain=10 cost=2.00
    neigh(156,157) d=4 terrain=10 cost=2.00
    neigh(155,157) d=5 terrain=10 cost=2.00
    neigh(155,156) d=6 terrain=10 cost=2.00
    neigh(155,155) d=7 terrain=10 cost=13.00
  expand #2: (157,156) boat=1 g=2.00 terrain=10 f_top=42.97
    neigh(157,155) d=0 terrain=10 cost=11.00
    neigh(158,155) d=1 terrain=10 cost=9.00
    neigh(158,156) d=2 terrain=10 cost=2.00
    neigh(158,157) d=3 terrain=10 cost=2.00
    neigh(157,157) d=4 terrain=10 cost=2.00
    neigh(156,157) d=5 terrain=10 cost=2.00
    neigh(156,156) d=6 terrain=10 cost=2.00
    neigh(156,155) d=7 terrain=10 cost=12.00
  expand #3: (155,156) boat=1 g=2.00 terrain=10 f_top=43.79
    neigh(155,155) d=0 terrain=10 cost=13.00
    neigh(156,155) d=1 terrain=10 cost=12.00
    neigh(156,156) d=2 terrain=10 cost=2.00
    neigh(156,157) d=3 terrain=10 cost=2.00
    neigh(155,157) d=4 terrain=10 cost=2.00
    neigh(154,157) d=5 terrain=10 cost=2.00
    neigh(154,156) d=6 terrain=10 cost=8.00
    neigh(154,155) d=7 terrain=10 cost=14.00
  expand #4: (156,157) boat=1 g=2.00 terrain=10 f_top=44.38
    neigh(156,156) d=0 terrain=10 cost=2.00
    neigh(157,156) d=1 terrain=10 cost=2.00
    neigh(157,157) d=2 terrain=10 cost=2.00
    neigh(157,158) d=3 terrain=10 cost=2.00
    neigh(156,158) d=4 terrain=10 cost=2.00
    neigh(155,158) d=5 terrain=10 cost=2.00
    neigh(155,157) d=6 terrain=10 cost=2.00
    neigh(155,156) d=7 terrain=10 cost=2.00
  expand #5: (158,156) boat=1 g=4.00 terrain=10 f_top=44.56
    neigh(158,155) d=0 terrain=10 cost=9.00
    neigh(159,155) d=1 terrain=10 cost=2.00
    neigh(159,156) d=2 terrain=10 cost=2.00
    neigh(159,157) d=3 terrain=10 cost=2.00
    neigh(158,157) d=4 terrain=10 cost=2.00
    neigh(157,157) d=5 terrain=10 cost=2.00
    neigh(157,156) d=6 terrain=10 cost=2.00
    neigh(157,155) d=7 terrain=10 cost=11.00
  expand #6: (157,157) boat=1 g=2.82 terrain=10 f_top=44.79
    neigh(157,156) d=0 terrain=10 cost=2.00
    neigh(158,156) d=1 terrain=10 cost=2.00
    neigh(158,157) d=2 terrain=10 cost=2.00
    neigh(158,158) d=3 terrain=10 cost=2.00
    neigh(157,158) d=4 terrain=10 cost=2.00
    neigh(156,158) d=5 terrain=10 cost=2.00
    neigh(156,157) d=6 terrain=10 cost=2.00
    neigh(156,156) d=7 terrain=10 cost=2.00
  expand #7: (155,157) boat=1 g=2.82 terrain=10 f_top=45.61
    neigh(155,156) d=0 terrain=10 cost=2.00
    neigh(156,156) d=1 terrain=10 cost=2.00
    neigh(156,157) d=2 terrain=10 cost=2.00
    neigh(156,158) d=3 terrain=10 cost=2.00
    neigh(155,158) d=4 terrain=10 cost=2.00
    neigh(154,158) d=5 terrain=10 cost=2.00
    neigh(154,157) d=6 terrain=10 cost=2.00
    neigh(154,156) d=7 terrain=10 cost=8.00
  expand #8: (159,156) boat=1 g=6.00 terrain=10 f_top=46.15
    neigh(159,155) d=0 terrain=10 cost=2.00
    neigh(160,155) d=1 terrain=10 cost=2.00
    neigh(160,156) d=2 terrain=10 cost=2.00
    neigh(160,157) d=3 terrain=10 cost=2.00
    neigh(159,157) d=4 terrain=10 cost=2.00
    neigh(158,157) d=5 terrain=10 cost=2.00
    neigh(158,156) d=6 terrain=10 cost=2.00
    neigh(158,155) d=7 terrain=10 cost=9.00
  expand #9: (156,158) boat=1 g=4.00 terrain=10 f_top=47.38
    neigh(156,157) d=0 terrain=10 cost=2.00
    neigh(157,157) d=1 terrain=10 cost=2.00
    neigh(157,158) d=2 terrain=10 cost=2.00
    neigh(157,159) d=3 terrain=10 cost=2.00
    neigh(156,159) d=4 terrain=10 cost=2.00
    neigh(155,159) d=5 terrain=10 cost=2.00
    neigh(155,158) d=6 terrain=10 cost=2.00
    neigh(155,157) d=7 terrain=10 cost=2.00
  expand #10: (160,156) boat=1 g=8.00 terrain=10 f_top=47.74
    neigh(160,155) d=0 terrain=10 cost=2.00
    neigh(161,155) d=1 terrain=10 cost=2.00
    neigh(161,156) d=2 terrain=10 cost=2.00
    neigh(161,157) d=3 terrain=10 cost=2.00
    neigh(160,157) d=4 terrain=10 cost=2.00
    neigh(159,157) d=5 terrain=10 cost=2.00
    neigh(159,156) d=6 terrain=10 cost=2.00
    neigh(159,155) d=7 terrain=10 cost=2.00
  expand #11: (158,158) boat=1 g=5.64 terrain=10 f_top=48.20
    neigh(158,157) d=0 terrain=10 cost=2.00
    neigh(159,157) d=1 terrain=10 cost=2.00
    neigh(159,158) d=2 terrain=10 cost=2.00
    neigh(159,159) d=3 terrain=10 cost=2.00
    neigh(158,159) d=4 terrain=10 cost=2.00
    neigh(157,159) d=5 terrain=10 cost=2.00
    neigh(157,158) d=6 terrain=10 cost=2.00
    neigh(157,157) d=7 terrain=10 cost=2.00
  expand #12: (158,157) boat=1 g=6.82 terrain=10 f_top=48.38
    neigh(158,156) d=0 terrain=10 cost=2.00
    neigh(159,156) d=1 terrain=10 cost=2.00
    neigh(159,157) d=2 terrain=10 cost=2.00
    neigh(159,158) d=3 terrain=10 cost=2.00
    neigh(158,158) d=4 terrain=10 cost=2.00
    neigh(157,158) d=5 terrain=10 cost=2.00
    neigh(157,157) d=6 terrain=10 cost=2.00
    neigh(157,156) d=7 terrain=10 cost=2.00
  expand #13: (159,155) boat=1 g=9.64 terrain=10 f_top=48.79
    neigh(159,154) d=0 terrain=10 cost=11.00
=== cost_to(172,100)->(139,125) boat=1 sh=40 tr=40 mn=40 arm=40 budget=16000 src_terrain=10 dst_terrain=4 ===
    neigh(160,154) d=1 terrain=10 cost=8.00
    neigh(160,155) d=2 terrain=10 cost=2.00
    neigh(160,156) d=3 terrain=10 cost=2.00
    neigh(159,156) d=4 terrain=10 cost=2.00
    neigh(158,156) d=5 terrain=10 cost=2.00
    neigh(158,155) d=6 terrain=10 cost=9.00
    neigh(158,154) d=7 terrain=10 cost=14.00
  expand #14: (161,156) boat=1 g=10.00 terrain=10 f_top=49.33
    neigh(161,155) d=0 terrain=10 cost=2.00
    neigh(162,155) d=1 terrain=10 cost=2.00
    neigh(162,156) d=2 terrain=10 cost=2.00
    neigh(162,157) d=3 terrain=10 cost=2.00
    neigh(161,157) d=4 terrain=10 cost=2.00
    neigh(160,157) d=5 terrain=10 cost=2.00
    neigh(160,156) d=6 terrain=10 cost=2.00
    neigh(160,155) d=7 terrain=10 cost=2.00
  expand #15: (157,158) boat=1 g=6.82 terrain=10 f_top=49.79
    neigh(157,157) d=0 terrain=10 cost=2.00
    neigh(158,157) d=1 terrain=10 cost=2.00
    neigh(158,158) d=2 terrain=10 cost=2.00
    neigh(158,159) d=3 terrain=10 cost=2.00
    neigh(157,159) d=4 terrain=10 cost=2.00
    neigh(156,159) d=5 terrain=10 cost=2.00
    neigh(156,158) d=6 terrain=10 cost=2.00
    neigh(156,157) d=7 terrain=10 cost=2.00
  expand #16: (154,158) boat=1 g=5.64 terrain=10 f_top=49.84
    neigh(154,157) d=0 terrain=10 cost=2.00
    neigh(155,157) d=1 terrain=10 cost=2.00
    neigh(155,158) d=2 terrain=10 cost=2.00
    neigh(155,159) d=3 terrain=10 cost=2.00
    neigh(154,159) d=4 terrain=10 cost=2.00
    neigh(153,159) d=5 terrain=10 cost=2.00
    neigh(153,158) d=6 terrain=10 cost=2.00
    neigh(153,157) d=7 terrain=10 cost=2.00
  expand #17: (159,157) boat=1 g=8.82 terrain=10 f_top=49.97
    neigh(159,156) d=0 terrain=10 cost=2.00
    neigh(160,156) d=1 terrain=10 cost=2.00
    neigh(160,157) d=2 terrain=10 cost=2.00
    neigh(160,158) d=3 terrain=10 cost=2.00
    neigh(159,158) d=4 terrain=10 cost=2.00
    neigh(158,158) d=5 terrain=10 cost=2.00
    neigh(158,157) d=6 terrain=10 cost=2.00
    neigh(158,156) d=7 terrain=10 cost=2.00
  expand #18: (154,157) boat=1 g=6.82 terrain=10 f_top=50.02
    neigh(154,156) d=0 terrain=10 cost=8.00
    neigh(155,156) d=1 terrain=10 cost=2.00
    neigh(155,157) d=2 terrain=10 cost=2.00
    neigh(155,158) d=3 terrain=10 cost=2.00
    neigh(154,158) d=4 terrain=10 cost=2.00
    neigh(153,158) d=5 terrain=10 cost=2.00
    neigh(153,157) d=6 terrain=10 cost=2.00
    neigh(153,156) d=7 terrain=10 cost=2.00
  expand #19: (156,159) boat=1 g=6.00 terrain=10 f_top=50.38
    neigh(156,158) d=0 terrain=10 cost=2.00
    neigh(157,158) d=1 terrain=10 cost=2.00
    neigh(157,159) d=2 terrain=10 cost=2.00
    neigh(157,160) d=3 terrain=10 cost=2.00
    neigh(156,160) d=4 terrain=10 cost=2.00
    neigh(155,160) d=5 terrain=10 cost=2.00
    neigh(155,159) d=6 terrain=10 cost=2.00
    neigh(155,158) d=7 terrain=10 cost=2.00
  expand #20: (160,155) boat=1 g=11.64 terrain=10 f_top=50.38
    neigh(160,154) d=0 terrain=10 cost=8.00
    neigh(161,154) d=1 terrain=10 cost=2.00
    neigh(161,155) d=2 terrain=10 cost=2.00
    neigh(161,156) d=3 terrain=10 cost=2.00
    neigh(160,156) d=4 terrain=10 cost=2.00
    neigh(159,156) d=5 terrain=10 cost=2.00
    neigh(159,155) d=6 terrain=10 cost=2.00
    neigh(159,154) d=7 terrain=10 cost=11.00
  expand #1: (172,100) boat=1 g=0.00 terrain=10 f_top=43.25
    neigh(172,99) d=0 terrain=10 cost=2.00
    neigh(173,99) d=1 terrain=10 cost=2.00
    neigh(173,100) d=2 terrain=10 cost=2.00
    neigh(173,101) d=3 terrain=10 cost=12.00
    neigh(172,101) d=4 terrain=10 cost=13.00
    neigh(171,101) d=5 terrain=10 cost=14.00
    neigh(171,100) d=6 terrain=10 cost=8.00
    neigh(171,99) d=7 terrain=10 cost=2.00
  expand #2: (171,99) boat=1 g=2.82 terrain=10 f_top=45.48
    neigh(171,98) d=0 terrain=10 cost=2.00
    neigh(172,98) d=1 terrain=10 cost=2.00
    neigh(172,99) d=2 terrain=10 cost=2.00
    neigh(172,100) d=3 terrain=10 cost=2.00
    neigh(171,100) d=4 terrain=10 cost=8.00
    neigh(170,100) d=5 terrain=10 cost=2.00
    neigh(170,99) d=6 terrain=10 cost=2.00
    neigh(170,98) d=7 terrain=10 cost=2.00
  expand #3: (172,99) boat=1 g=2.00 terrain=10 f_top=45.66
    neigh(172,98) d=0 terrain=10 cost=2.00
    neigh(173,98) d=1 terrain=10 cost=2.00
    neigh(173,99) d=2 terrain=10 cost=2.00
    neigh(173,100) d=3 terrain=10 cost=2.00
    neigh(172,100) d=4 terrain=10 cost=2.00
    neigh(171,100) d=5 terrain=10 cost=8.00
    neigh(171,99) d=6 terrain=10 cost=2.00
    neigh(171,98) d=7 terrain=10 cost=2.00
  expand #4: (173,100) boat=1 g=2.00 terrain=10 f_top=46.25
    neigh(173,99) d=0 terrain=10 cost=2.00
    neigh(174,99) d=1 terrain=10 cost=2.00
    neigh(174,100) d=2 terrain=10 cost=2.00
    neigh(174,101) d=3 terrain=10 cost=7.00
    neigh(173,101) d=4 terrain=10 cost=12.00
    neigh(172,101) d=5 terrain=10 cost=13.00
    neigh(172,100) d=6 terrain=10 cost=2.00
    neigh(172,99) d=7 terrain=10 cost=2.00
  expand #5: (173,99) boat=1 g=2.82 terrain=10 f_top=47.48
    neigh(173,98) d=0 terrain=10 cost=2.00
    neigh(174,98) d=1 terrain=10 cost=2.00
    neigh(174,99) d=2 terrain=10 cost=2.00
    neigh(174,100) d=3 terrain=10 cost=2.00
    neigh(173,100) d=4 terrain=10 cost=2.00
    neigh(172,100) d=5 terrain=10 cost=2.00
    neigh(172,99) d=6 terrain=10 cost=2.00
    neigh(172,98) d=7 terrain=10 cost=2.00
  expand #6: (170,98) boat=1 g=5.64 terrain=10 f_top=47.71
    neigh(170,97) d=0 terrain=10 cost=2.00
    neigh(171,97) d=1 terrain=10 cost=2.00
    neigh(171,98) d=2 terrain=10 cost=2.00
    neigh(171,99) d=3 terrain=10 cost=2.00
    neigh(170,99) d=4 terrain=10 cost=2.00
    neigh(169,99) d=5 terrain=10 cost=2.00
    neigh(169,98) d=6 terrain=10 cost=2.00
    neigh(169,97) d=7 terrain=10 cost=2.00
  expand #7: (172,98) boat=1 g=4.00 terrain=10 f_top=48.07
    neigh(172,97) d=0 terrain=10 cost=2.00
    neigh(173,97) d=1 terrain=10 cost=2.00
    neigh(173,98) d=2 terrain=10 cost=2.00
    neigh(173,99) d=3 terrain=10 cost=2.00
    neigh(172,99) d=4 terrain=10 cost=2.00
    neigh(171,99) d=5 terrain=10 cost=2.00
    neigh(171,98) d=6 terrain=10 cost=2.00
    neigh(171,97) d=7 terrain=10 cost=2.00
  expand #8: (170,99) boat=1 g=6.82 terrain=10 f_top=48.48
    neigh(170,98) d=0 terrain=10 cost=2.00
    neigh(171,98) d=1 terrain=10 cost=2.00
    neigh(171,99) d=2 terrain=10 cost=2.00
    neigh(171,100) d=3 terrain=10 cost=8.00
    neigh(170,100) d=4 terrain=10 cost=2.00
    neigh(169,100) d=5 terrain=10 cost=2.00
    neigh(169,99) d=6 terrain=10 cost=2.00
    neigh(169,98) d=7 terrain=10 cost=2.00
  expand #9: (174,100) boat=1 g=4.00 terrain=10 f_top=49.25
    neigh(174,99) d=0 terrain=10 cost=2.00
    neigh(175,99) d=1 terrain=10 cost=2.00
    neigh(175,100) d=2 terrain=10 cost=2.00
    neigh(175,101) d=3 terrain=10 cost=6.00
    neigh(174,101) d=4 terrain=10 cost=7.00
    neigh(173,101) d=5 terrain=10 cost=12.00
    neigh(173,100) d=6 terrain=10 cost=2.00
    neigh(173,99) d=7 terrain=10 cost=2.00
  expand #10: (169,99) boat=1 g=8.82 terrain=10 f_top=49.48
    neigh(169,98) d=0 terrain=10 cost=2.00
    neigh(170,98) d=1 terrain=10 cost=2.00
    neigh(170,99) d=2 terrain=10 cost=2.00
    neigh(170,100) d=3 terrain=10 cost=2.00
    neigh(169,100) d=4 terrain=10 cost=2.00
    neigh(168,100) d=5 terrain=10 cost=2.00
    neigh(168,99) d=6 terrain=10 cost=2.00
    neigh(168,98) d=7 terrain=10 cost=2.00
  expand #11: (171,98) boat=1 g=6.82 terrain=10 f_top=49.89
    neigh(171,97) d=0 terrain=10 cost=2.00
    neigh(172,97) d=1 terrain=10 cost=2.00
    neigh(172,98) d=2 terrain=10 cost=2.00
    neigh(172,99) d=3 terrain=10 cost=2.00
    neigh(171,99) d=4 terrain=10 cost=2.00
    neigh(170,99) d=5 terrain=10 cost=2.00
    neigh(170,98) d=6 terrain=10 cost=2.00
    neigh(170,97) d=7 terrain=10 cost=2.00
  expand #12: (169,97) boat=1 g=8.46 terrain=10 f_top=49.94
    neigh(169,96) d=0 terrain=10 cost=2.00
    neigh(170,96) d=1 terrain=10 cost=2.00
    neigh(170,97) d=2 terrain=10 cost=2.00
    neigh(170,98) d=3 terrain=10 cost=2.00
    neigh(169,98) d=4 terrain=10 cost=2.00
    neigh(168,98) d=5 terrain=10 cost=2.00
    neigh(168,97) d=6 terrain=10 cost=2.00
    neigh(168,96) d=7 terrain=10 cost=2.00
  expand #13: (171,100) boat=1 g=8.00 terrain=10 f_top=50.25
    neigh(171,99) d=0 terrain=10 cost=2.00
    neigh(172,99) d=1 terrain=10 cost=2.00
    neigh(172,100) d=2 terrain=10 cost=2.00
    neigh(172,101) d=3 terrain=10 cost=13.00
    neigh(171,101) d=4 terrain=10 cost=14.00
    neigh(170,101) d=5 terrain=10 cost=13.00
    neigh(170,100) d=6 terrain=10 cost=2.00
    neigh(170,99) d=7 terrain=10 cost=2.00
  expand #14: (168,99) boat=1 g=10.82 terrain=10 f_top=50.48
    neigh(168,98) d=0 terrain=10 cost=2.00
    neigh(169,98) d=1 terrain=10 cost=2.00
    neigh(169,99) d=2 terrain=10 cost=2.00
    neigh(169,100) d=3 terrain=10 cost=2.00
    neigh(168,100) d=4 terrain=10 cost=2.00
    neigh(167,100) d=5 terrain=10 cost=2.00
    neigh(167,99) d=6 terrain=10 cost=2.00
    neigh(167,98) d=7 terrain=10 cost=2.00
  expand #15: (172,97) boat=1 g=6.00 terrain=10 f_top=50.48
    neigh(172,96) d=0 terrain=10 cost=2.00
    neigh(173,96) d=1 terrain=10 cost=2.00
    neigh(173,97) d=2 terrain=10 cost=2.00
    neigh(173,98) d=3 terrain=10 cost=2.00
    neigh(172,98) d=4 terrain=10 cost=2.00
    neigh(171,98) d=5 terrain=10 cost=2.00
    neigh(171,97) d=6 terrain=10 cost=2.00
    neigh(171,96) d=7 terrain=10 cost=2.00
  expand #16: (169,98) boat=1 g=9.64 terrain=10 f_top=50.71
    neigh(169,97) d=0 terrain=10 cost=2.00
    neigh(170,97) d=1 terrain=10 cost=2.00
    neigh(170,98) d=2 terrain=10 cost=2.00
    neigh(170,99) d=3 terrain=10 cost=2.00
    neigh(169,99) d=4 terrain=10 cost=2.00
    neigh(168,99) d=5 terrain=10 cost=2.00
    neigh(168,98) d=6 terrain=10 cost=2.00
    neigh(168,97) d=7 terrain=10 cost=2.00
  expand #17: (170,100) boat=1 g=10.00 terrain=10 f_top=51.25
    neigh(170,99) d=0 terrain=10 cost=2.00
    neigh(171,99) d=1 terrain=10 cost=2.00
    neigh(171,100) d=2 terrain=10 cost=8.00
    neigh(171,101) d=3 terrain=10 cost=14.00
    neigh(170,101) d=4 terrain=10 cost=13.00
    neigh(169,101) d=5 terrain=10 cost=12.00
    neigh(169,100) d=6 terrain=10 cost=2.00
    neigh(169,99) d=7 terrain=10 cost=2.00
  expand #18: (167,99) boat=1 g=12.82 terrain=10 f_top=51.48
    neigh(167,98) d=0 terrain=10 cost=2.00
    neigh(168,98) d=1 terrain=10 cost=2.00
    neigh(168,99) d=2 terrain=10 cost=2.00
    neigh(168,100) d=3 terrain=10 cost=2.00
    neigh(167,100) d=4 terrain=10 cost=2.00
    neigh(166,100) d=5 terrain=10 cost=2.00
    neigh(166,99) d=6 terrain=10 cost=2.00
    neigh(166,98) d=7 terrain=10 cost=2.00
  expand #19: (168,98) boat=1 g=11.64 terrain=10 f_top=51.71
    neigh(168,97) d=0 terrain=10 cost=2.00
    neigh(169,97) d=1 terrain=10 cost=2.00
    neigh(169,98) d=2 terrain=10 cost=2.00
    neigh(169,99) d=3 terrain=10 cost=2.00
    neigh(168,99) d=4 terrain=10 cost=2.00
    neigh(167,99) d=5 terrain=10 cost=2.00
    neigh(167,98) d=6 terrain=10 cost=2.00
    neigh(167,97) d=7 terrain=10 cost=2.00
  expand #20: (174,98) boat=1 g=5.64 terrain=10 f_top=51.71
    neigh(174,97) d=0 terrain=10 cost=2.00
    neigh(175,97) d=1 terrain=10 cost=2.00
    neigh(175,98) d=2 terrain=10 cost=2.00
    neigh(175,99) d=3 terrain=10 cost=2.00
    neigh(174,99) d=4 terrain=10 cost=2.00
    neigh(173,99) d=5 terrain=10 cost=2.00
    neigh(173,98) d=6 terrain=10 cost=2.00
    neigh(173,97) d=7 terrain=10 cost=2.00
  FOUND dest at expand #5075, cost=164.02
  result=164.02 expanded=5075 open_remaining=1064 term=FOUND
  timing: init=23.7us search=1828.5us total=1852.2us  per-expand=0.36us
  heap: pushes=9451 pops=8387 stale_pops=3312 peak_open=1065
  neigh: total=40592 oob=0 diag_blocked=413 cost_inf=35 already_closed=19305 worse_g=11389 relaxed=9450

  result=1000000015047466219876688855040.00 expanded=16000 open_remaining=1788 term=BUDGET_EXHAUSTED
  timing: init=25.9us search=4243.4us total=4269.3us  per-expand=0.27us
  heap: pushes=29321 pops=27533 stale_pops=11533 peak_open=1793
  neigh: total=128000 oob=0 diag_blocked=1118 cost_inf=87 already_closed=62166 worse_g=35309 relaxed=29320

=== cost_to(156,156)->(174,120) boat=1 sh=40 tr=40 mn=40 arm=40 budget=16000 src_terrain=10 dst_terrain=7 ===
  expand #1: (156,156) boat=1 g=0.00 terrain=10 f_top=43.38
    neigh(156,155) d=0 terrain=10 cost=3.00
    neigh(157,155) d=1 terrain=10 cost=2.90
    neigh(157,156) d=2 terrain=10 cost=2.00
    neigh(157,157) d=3 terrain=10 cost=2.00
    neigh(156,157) d=4 terrain=10 cost=2.00
    neigh(155,157) d=5 terrain=10 cost=2.00
    neigh(155,156) d=6 terrain=10 cost=2.00
    neigh(155,155) d=7 terrain=10 cost=3.10
  expand #2: (157,156) boat=1 g=2.00 terrain=10 f_top=44.97
    neigh(157,155) d=0 terrain=10 cost=2.90
    neigh(158,155) d=1 terrain=10 cost=2.70
    neigh(158,156) d=2 terrain=10 cost=2.00
    neigh(158,157) d=3 terrain=10 cost=2.00
    neigh(157,157) d=4 terrain=10 cost=2.00
    neigh(156,157) d=5 terrain=10 cost=2.00
    neigh(156,156) d=6 terrain=10 cost=2.00
    neigh(156,155) d=7 terrain=10 cost=3.00
  expand #3: (156,155) boat=1 g=3.00 terrain=10 f_top=45.38
    neigh(156,154) d=0 terrain=10 cost=3.60
    neigh(157,154) d=1 terrain=10 cost=3.40
    neigh(157,155) d=2 terrain=10 cost=2.90
    neigh(157,156) d=3 terrain=10 cost=2.00
    neigh(156,156) d=4 terrain=10 cost=2.00
    neigh(155,156) d=5 terrain=10 cost=2.00
    neigh(155,155) d=6 terrain=10 cost=3.10
    neigh(155,154) d=7 terrain=10 cost=3.70
  expand #4: (155,156) boat=1 g=2.00 terrain=10 f_top=45.79
    neigh(155,155) d=0 terrain=10 cost=3.10
    neigh(156,155) d=1 terrain=10 cost=3.00
    neigh(156,156) d=2 terrain=10 cost=2.00
    neigh(156,157) d=3 terrain=10 cost=2.00
    neigh(155,157) d=4 terrain=10 cost=2.00
    neigh(154,157) d=5 terrain=10 cost=2.00
    neigh(154,156) d=6 terrain=10 cost=2.60
    neigh(154,155) d=7 terrain=10 cost=3.20
  expand #5: (157,155) boat=1 g=4.09 terrain=10 f_top=46.06
    neigh(157,154) d=0 terrain=10 cost=3.40
    neigh(158,154) d=1 terrain=10 cost=3.20
    neigh(158,155) d=2 terrain=10 cost=2.70
    neigh(158,156) d=3 terrain=10 cost=2.00
    neigh(157,156) d=4 terrain=10 cost=2.00
    neigh(156,156) d=5 terrain=10 cost=2.00
    neigh(156,155) d=6 terrain=10 cost=3.00
    neigh(156,154) d=7 terrain=10 cost=3.60
  expand #6: (156,157) boat=1 g=2.00 terrain=10 f_top=46.38
    neigh(156,156) d=0 terrain=10 cost=2.00
    neigh(157,156) d=1 terrain=10 cost=2.00
    neigh(157,157) d=2 terrain=10 cost=2.00
    neigh(157,158) d=3 terrain=10 cost=2.00
    neigh(156,158) d=4 terrain=10 cost=2.00
    neigh(155,158) d=5 terrain=10 cost=2.00
    neigh(155,157) d=6 terrain=10 cost=2.00
    neigh(155,156) d=7 terrain=10 cost=2.00
  expand #7: (158,156) boat=1 g=4.00 terrain=10 f_top=46.56
    neigh(158,155) d=0 terrain=10 cost=2.70
    neigh(159,155) d=1 terrain=10 cost=2.00
    neigh(159,156) d=2 terrain=10 cost=2.00
    neigh(159,157) d=3 terrain=10 cost=2.00
    neigh(158,157) d=4 terrain=10 cost=2.00
    neigh(157,157) d=5 terrain=10 cost=2.00
    neigh(157,156) d=6 terrain=10 cost=2.00
    neigh(157,155) d=7 terrain=10 cost=2.90
  expand #8: (157,157) boat=1 g=2.82 terrain=10 f_top=46.79
    neigh(157,156) d=0 terrain=10 cost=2.00
    neigh(158,156) d=1 terrain=10 cost=2.00
=== cost_to(172,100)->(129,104) boat=1 sh=40 tr=40 mn=40 arm=40 budget=16000 src_terrain=10 dst_terrain=2 ===
    neigh(158,157) d=2 terrain=10 cost=2.00
    neigh(158,158) d=3 terrain=10 cost=2.00
    neigh(157,158) d=4 terrain=10 cost=2.00
    neigh(156,158) d=5 terrain=10 cost=2.00
    neigh(156,157) d=6 terrain=10 cost=2.00
    neigh(156,156) d=7 terrain=10 cost=2.00
  expand #9: (155,155) boat=1 g=4.37 terrain=10 f_top=47.16
    neigh(155,154) d=0 terrain=10 cost=3.70
    neigh(156,154) d=1 terrain=10 cost=3.60
    neigh(156,155) d=2 terrain=10 cost=3.00
    neigh(156,156) d=3 terrain=10 cost=2.00
    neigh(155,156) d=4 terrain=10 cost=2.00
    neigh(154,156) d=5 terrain=10 cost=2.60
    neigh(154,155) d=6 terrain=10 cost=3.20
    neigh(154,154) d=7 terrain=10 cost=3.70
  expand #10: (155,157) boat=1 g=2.82 terrain=10 f_top=47.61
    neigh(155,156) d=0 terrain=10 cost=2.00
    neigh(156,156) d=1 terrain=10 cost=2.00
    neigh(156,157) d=2 terrain=10 cost=2.00
    neigh(156,158) d=3 terrain=10 cost=2.00
    neigh(155,158) d=4 terrain=10 cost=2.00
    neigh(154,158) d=5 terrain=10 cost=2.00
    neigh(154,157) d=6 terrain=10 cost=2.00
    neigh(154,156) d=7 terrain=10 cost=2.60
  expand #11: (156,154) boat=1 g=6.60 terrain=10 f_top=47.98
    neigh(156,153) d=0 terrain=1 cost=4.20
    neigh(157,153) d=1 terrain=1 cost=4.00
    neigh(157,154) d=2 terrain=10 cost=3.40
    neigh(157,155) d=3 terrain=10 cost=2.90
    neigh(156,155) d=4 terrain=10 cost=3.00
    neigh(155,155) d=5 terrain=10 cost=3.10
    neigh(155,154) d=6 terrain=10 cost=3.70
    neigh(155,153) d=7 terrain=1 cost=4.30
  expand #12: (159,156) boat=1 g=6.00 terrain=10 f_top=48.15
    neigh(159,155) d=0 terrain=10 cost=2.00
    neigh(160,155) d=1 terrain=10 cost=2.00
    neigh(160,156) d=2 terrain=10 cost=2.00
    neigh(160,157) d=3 terrain=10 cost=2.00
    neigh(159,157) d=4 terrain=10 cost=2.00
    neigh(158,157) d=5 terrain=10 cost=2.00
    neigh(158,156) d=6 terrain=10 cost=2.00
    neigh(158,155) d=7 terrain=10 cost=2.70
  expand #13: (154,156) boat=1 g=4.60 terrain=10 f_top=48.80
    neigh(154,155) d=0 terrain=10 cost=3.20
    neigh(155,155) d=1 terrain=10 cost=3.10
    neigh(155,156) d=2 terrain=10 cost=2.00
    neigh(155,157) d=3 terrain=10 cost=2.00
    neigh(154,157) d=4 terrain=10 cost=2.00
    neigh(153,157) d=5 terrain=10 cost=2.00
    neigh(153,156) d=6 terrain=10 cost=2.00
    neigh(153,155) d=7 terrain=10 cost=3.10
  expand #14: (158,154) boat=1 g=8.60 terrain=10 f_top=49.16
    neigh(158,153) d=0 terrain=1 cost=3.70
    neigh(159,153) d=1 terrain=1 cost=3.40
    neigh(159,154) d=2 terrain=10 cost=2.90
    neigh(159,155) d=3 terrain=10 cost=2.00
    neigh(158,155) d=4 terrain=10 cost=2.70
    neigh(157,155) d=5 terrain=10 cost=2.90
    neigh(157,154) d=6 terrain=10 cost=3.40
    neigh(157,153) d=7 terrain=1 cost=4.00
  expand #15: (156,158) boat=1 g=4.00 terrain=10 f_top=49.38
    neigh(156,157) d=0 terrain=10 cost=2.00
    neigh(157,157) d=1 terrain=10 cost=2.00
    neigh(157,158) d=2 terrain=10 cost=2.00
    neigh(157,159) d=3 terrain=10 cost=2.00
    neigh(156,159) d=4 terrain=10 cost=2.00
    neigh(155,159) d=5 terrain=10 cost=2.00
    neigh(155,158) d=6 terrain=10 cost=2.00
    neigh(155,157) d=7 terrain=10 cost=2.00
  expand #16: (160,156) boat=1 g=8.00 terrain=10 f_top=49.74
    neigh(160,155) d=0 terrain=10 cost=2.00
    neigh(161,155) d=1 terrain=10 cost=2.00
    neigh(161,156) d=2 terrain=10 cost=2.00
    neigh(161,157) d=3 terrain=10 cost=2.00
    neigh(160,157) d=4 terrain=10 cost=2.00
    neigh(159,157) d=5 terrain=10 cost=2.00
    neigh(159,156) d=6 terrain=10 cost=2.00
    neigh(159,155) d=7 terrain=10 cost=2.00
  expand #17: (158,155) boat=1 g=8.63 terrain=10 f_top=50.19
    neigh(158,154) d=0 terrain=10 cost=3.20
    neigh(159,154) d=1 terrain=10 cost=2.90
    neigh(159,155) d=2 terrain=10 cost=2.00
    neigh(159,156) d=3 terrain=10 cost=2.00
    neigh(158,156) d=4 terrain=10 cost=2.00
    neigh(157,156) d=5 terrain=10 cost=2.00
    neigh(157,155) d=6 terrain=10 cost=2.90
    neigh(157,154) d=7 terrain=10 cost=3.40
  expand #18: (158,158) boat=1 g=5.64 terrain=10 f_top=50.20
    neigh(158,157) d=0 terrain=10 cost=2.00
    neigh(159,157) d=1 terrain=10 cost=2.00
    neigh(159,158) d=2 terrain=10 cost=2.00
    neigh(159,159) d=3 terrain=10 cost=2.00
    neigh(158,159) d=4 terrain=10 cost=2.00
    neigh(157,159) d=5 terrain=10 cost=2.00
    neigh(157,158) d=6 terrain=10 cost=2.00
    neigh(157,157) d=7 terrain=10 cost=2.00
  expand #19: (158,157) boat=1 g=6.82 terrain=10 f_top=50.38
    neigh(158,156) d=0 terrain=10 cost=2.00
    neigh(159,156) d=1 terrain=10 cost=2.00
    neigh(159,157) d=2 terrain=10 cost=2.00
    neigh(159,158) d=3 terrain=10 cost=2.00
    neigh(158,158) d=4 terrain=10 cost=2.00
    neigh(157,158) d=5 terrain=10 cost=2.00
    neigh(157,157) d=6 terrain=10 cost=2.00
    neigh(157,156) d=7 terrain=10 cost=2.00
  expand #20: (157,154) boat=1 g=9.49 terrain=10 f_top=50.46
    neigh(157,153) d=0 terrain=1 cost=4.00
    neigh(158,153) d=1 terrain=1 cost=3.70
    neigh(158,154) d=2 terrain=10 cost=3.20
    neigh(158,155) d=3 terrain=10 cost=2.70
    neigh(157,155) d=4 terrain=10 cost=2.90
    neigh(156,155) d=5 terrain=10 cost=3.00
    neigh(156,154) d=6 terrain=10 cost=3.60
    neigh(156,153) d=7 terrain=1 cost=4.20
  expand #1: (172,100) boat=1 g=0.00 terrain=10 f_top=44.64
    neigh(172,99) d=0 terrain=10 cost=2.00
    neigh(173,99) d=1 terrain=10 cost=2.00
    neigh(173,100) d=2 terrain=10 cost=2.00
    neigh(173,101) d=3 terrain=10 cost=12.00
    neigh(172,101) d=4 terrain=10 cost=13.00
    neigh(171,101) d=5 terrain=10 cost=14.00
    neigh(171,100) d=6 terrain=10 cost=8.00
    neigh(171,99) d=7 terrain=10 cost=2.00
  expand #2: (171,99) boat=1 g=2.82 terrain=10 f_top=46.87
    neigh(171,98) d=0 terrain=10 cost=2.00
    neigh(172,98) d=1 terrain=10 cost=2.00
    neigh(172,99) d=2 terrain=10 cost=2.00
    neigh(172,100) d=3 terrain=10 cost=2.00
    neigh(171,100) d=4 terrain=10 cost=8.00
    neigh(170,100) d=5 terrain=10 cost=2.00
    neigh(170,99) d=6 terrain=10 cost=2.00
    neigh(170,98) d=7 terrain=10 cost=2.00
  expand #3: (172,99) boat=1 g=2.00 terrain=10 f_top=47.05
    neigh(172,98) d=0 terrain=10 cost=2.00
    neigh(173,98) d=1 terrain=10 cost=2.00
    neigh(173,99) d=2 terrain=10 cost=2.00
    neigh(173,100) d=3 terrain=10 cost=2.00
    neigh(172,100) d=4 terrain=10 cost=2.00
    neigh(171,100) d=5 terrain=10 cost=8.00
    neigh(171,99) d=6 terrain=10 cost=2.00
    neigh(171,98) d=7 terrain=10 cost=2.00
  expand #4: (173,100) boat=1 g=2.00 terrain=10 f_top=47.64
    neigh(173,99) d=0 terrain=10 cost=2.00
    neigh(174,99) d=1 terrain=10 cost=2.00
    neigh(174,100) d=2 terrain=10 cost=2.00
    neigh(174,101) d=3 terrain=10 cost=7.00
    neigh(173,101) d=4 terrain=10 cost=12.00
    neigh(172,101) d=5 terrain=10 cost=13.00
    neigh(172,100) d=6 terrain=10 cost=2.00
    neigh(172,99) d=7 terrain=10 cost=2.00
  expand #5: (173,99) boat=1 g=2.82 terrain=10 f_top=48.87
    neigh(173,98) d=0 terrain=10 cost=2.00
    neigh(174,98) d=1 terrain=10 cost=2.00
    neigh(174,99) d=2 terrain=10 cost=2.00
    neigh(174,100) d=3 terrain=10 cost=2.00
    neigh(173,100) d=4 terrain=10 cost=2.00
    neigh(172,100) d=5 terrain=10 cost=2.00
    neigh(172,99) d=6 terrain=10 cost=2.00
    neigh(172,98) d=7 terrain=10 cost=2.00
  expand #6: (170,98) boat=1 g=5.64 terrain=10 f_top=49.10
    neigh(170,97) d=0 terrain=10 cost=2.00
    neigh(171,97) d=1 terrain=10 cost=2.00
    neigh(171,98) d=2 terrain=10 cost=2.00
    neigh(171,99) d=3 terrain=10 cost=2.00
    neigh(170,99) d=4 terrain=10 cost=2.00
    neigh(169,99) d=5 terrain=10 cost=2.00
    neigh(169,98) d=6 terrain=10 cost=2.00
    neigh(169,97) d=7 terrain=10 cost=2.00
  expand #7: (172,98) boat=1 g=4.00 terrain=10 f_top=49.46
    neigh(172,97) d=0 terrain=10 cost=2.00
    neigh(173,97) d=1 terrain=10 cost=2.00
    neigh(173,98) d=2 terrain=10 cost=2.00
    neigh(173,99) d=3 terrain=10 cost=2.00
    neigh(172,99) d=4 terrain=10 cost=2.00
    neigh(171,99) d=5 terrain=10 cost=2.00
    neigh(171,98) d=6 terrain=10 cost=2.00
    neigh(171,97) d=7 terrain=10 cost=2.00
  expand #8: (170,99) boat=1 g=6.82 terrain=10 f_top=49.87
    neigh(170,98) d=0 terrain=10 cost=2.00
    neigh(171,98) d=1 terrain=10 cost=2.00
    neigh(171,99) d=2 terrain=10 cost=2.00
    neigh(171,100) d=3 terrain=10 cost=8.00
    neigh(170,100) d=4 terrain=10 cost=2.00
    neigh(169,100) d=5 terrain=10 cost=2.00
    neigh(169,99) d=6 terrain=10 cost=2.00
    neigh(169,98) d=7 terrain=10 cost=2.00
  expand #9: (174,100) boat=1 g=4.00 terrain=10 f_top=50.64
    neigh(174,99) d=0 terrain=10 cost=2.00
    neigh(175,99) d=1 terrain=10 cost=2.00
    neigh(175,100) d=2 terrain=10 cost=2.00
    neigh(175,101) d=3 terrain=10 cost=6.00
    neigh(174,101) d=4 terrain=10 cost=7.00
    neigh(173,101) d=5 terrain=10 cost=12.00
    neigh(173,100) d=6 terrain=10 cost=2.00
    neigh(173,99) d=7 terrain=10 cost=2.00
  expand #10: (169,99) boat=1 g=8.82 terrain=10 f_top=50.87
    neigh(169,98) d=0 terrain=10 cost=2.00
    neigh(170,98) d=1 terrain=10 cost=2.00
    neigh(170,99) d=2 terrain=10 cost=2.00
    neigh(170,100) d=3 terrain=10 cost=2.00
    neigh(169,100) d=4 terrain=10 cost=2.00
    neigh(168,100) d=5 terrain=10 cost=2.00
    neigh(168,99) d=6 terrain=10 cost=2.00
    neigh(168,98) d=7 terrain=10 cost=2.00
  expand #11: (171,98) boat=1 g=6.82 terrain=10 f_top=51.28
    neigh(171,97) d=0 terrain=10 cost=2.00
    neigh(172,97) d=1 terrain=10 cost=2.00
    neigh(172,98) d=2 terrain=10 cost=2.00
    neigh(172,99) d=3 terrain=10 cost=2.00
    neigh(171,99) d=4 terrain=10 cost=2.00
    neigh(170,99) d=5 terrain=10 cost=2.00
    neigh(170,98) d=6 terrain=10 cost=2.00
    neigh(170,97) d=7 terrain=10 cost=2.00
  expand #12: (169,97) boat=1 g=8.46 terrain=10 f_top=51.33
    neigh(169,96) d=0 terrain=10 cost=2.00
    neigh(170,96) d=1 terrain=10 cost=2.00
    neigh(170,97) d=2 terrain=10 cost=2.00
    neigh(170,98) d=3 terrain=10 cost=2.00
    neigh(169,98) d=4 terrain=10 cost=2.00
    neigh(168,98) d=5 terrain=10 cost=2.00
    neigh(168,97) d=6 terrain=10 cost=2.00
    neigh(168,96) d=7 terrain=10 cost=2.00
  expand #13: (171,100) boat=1 g=8.00 terrain=10 f_top=51.64
    neigh(171,99) d=0 terrain=10 cost=2.00
    neigh(172,99) d=1 terrain=10 cost=2.00
    neigh(172,100) d=2 terrain=10 cost=2.00
    neigh(172,101) d=3 terrain=10 cost=13.00
    neigh(171,101) d=4 terrain=10 cost=14.00
    neigh(170,101) d=5 terrain=10 cost=13.00
    neigh(170,100) d=6 terrain=10 cost=2.00
    neigh(170,99) d=7 terrain=10 cost=2.00
  expand #14: (168,99) boat=1 g=10.82 terrain=10 f_top=51.87
    neigh(168,98) d=0 terrain=10 cost=2.00
    neigh(169,98) d=1 terrain=10 cost=2.00
    neigh(169,99) d=2 terrain=10 cost=2.00
    neigh(169,100) d=3 terrain=10 cost=2.00
    neigh(168,100) d=4 terrain=10 cost=2.00
    neigh(167,100) d=5 terrain=10 cost=2.00
    neigh(167,99) d=6 terrain=10 cost=2.00
    neigh(167,98) d=7 terrain=10 cost=2.00
  expand #15: (172,97) boat=1 g=6.00 terrain=10 f_top=51.87
    neigh(172,96) d=0 terrain=10 cost=2.00
    neigh(173,96) d=1 terrain=10 cost=2.00
    neigh(173,97) d=2 terrain=10 cost=2.00
    neigh(173,98) d=3 terrain=10 cost=2.00
    neigh(172,98) d=4 terrain=10 cost=2.00
    neigh(171,98) d=5 terrain=10 cost=2.00
    neigh(171,97) d=6 terrain=10 cost=2.00
    neigh(171,96) d=7 terrain=10 cost=2.00
  expand #16: (169,98) boat=1 g=9.64 terrain=10 f_top=52.10
    neigh(169,97) d=0 terrain=10 cost=2.00
    neigh(170,97) d=1 terrain=10 cost=2.00
    neigh(170,98) d=2 terrain=10 cost=2.00
    neigh(170,99) d=3 terrain=10 cost=2.00
    neigh(169,99) d=4 terrain=10 cost=2.00
    neigh(168,99) d=5 terrain=10 cost=2.00
    neigh(168,98) d=6 terrain=10 cost=2.00
    neigh(168,97) d=7 terrain=10 cost=2.00
  expand #17: (170,100) boat=1 g=10.00 terrain=10 f_top=52.64
    neigh(170,99) d=0 terrain=10 cost=2.00
    neigh(171,99) d=1 terrain=10 cost=2.00
    neigh(171,100) d=2 terrain=10 cost=8.00
    neigh(171,101) d=3 terrain=10 cost=14.00
    neigh(170,101) d=4 terrain=10 cost=13.00
    neigh(169,101) d=5 terrain=10 cost=12.00
    neigh(169,100) d=6 terrain=10 cost=2.00
    neigh(169,99) d=7 terrain=10 cost=2.00
  expand #18: (167,99) boat=1 g=12.82 terrain=10 f_top=52.87
    neigh(167,98) d=0 terrain=10 cost=2.00
    neigh(168,98) d=1 terrain=10 cost=2.00
    neigh(168,99) d=2 terrain=10 cost=2.00
    neigh(168,100) d=3 terrain=10 cost=2.00
    neigh(167,100) d=4 terrain=10 cost=2.00
    neigh(166,100) d=5 terrain=10 cost=2.00
    neigh(166,99) d=6 terrain=10 cost=2.00
    neigh(166,98) d=7 terrain=10 cost=2.00
  expand #19: (168,98) boat=1 g=11.64 terrain=10 f_top=53.10
    neigh(168,97) d=0 terrain=10 cost=2.00
    neigh(169,97) d=1 terrain=10 cost=2.00
    neigh(169,98) d=2 terrain=10 cost=2.00
    neigh(169,99) d=3 terrain=10 cost=2.00
    neigh(168,99) d=4 terrain=10 cost=2.00
    neigh(167,99) d=5 terrain=10 cost=2.00
    neigh(167,98) d=6 terrain=10 cost=2.00
    neigh(167,97) d=7 terrain=10 cost=2.00
  expand #20: (174,98) boat=1 g=5.64 terrain=10 f_top=53.10
    neigh(174,97) d=0 terrain=10 cost=2.00
    neigh(175,97) d=1 terrain=10 cost=2.00
    neigh(175,98) d=2 terrain=10 cost=2.00
    neigh(175,99) d=3 terrain=10 cost=2.00
    neigh(174,99) d=4 terrain=10 cost=2.00
    neigh(173,99) d=5 terrain=10 cost=2.00
    neigh(173,98) d=6 terrain=10 cost=2.00
    neigh(173,97) d=7 terrain=10 cost=2.00
  FOUND dest at expand #5067, cost=151.94
  result=151.94 expanded=5067 open_remaining=1074 term=FOUND
  timing: init=22.8us search=1797.7us total=1820.5us  per-expand=0.35us
  heap: pushes=9666 pops=8592 stale_pops=3525 peak_open=1085
  neigh: total=40528 oob=0 diag_blocked=659 cost_inf=55 already_closed=19123 worse_g=11026 relaxed=9665

  result=1000000015047466219876688855040.00 expanded=16000 open_remaining=2109 term=BUDGET_EXHAUSTED
  timing: init=22.3us search=4491.3us total=4513.6us  per-expand=0.28us
  heap: pushes=29385 pops=27276 stale_pops=11276 peak_open=2113
  neigh: total=128000 oob=0 diag_blocked=937 cost_inf=87 already_closed=61911 worse_g=35681 relaxed=29384

=== cost_to(156,156)->(169,125) boat=1 sh=40 tr=40 mn=40 arm=40 budget=16000 src_terrain=10 dst_terrain=7 ===
  expand #1: (156,156) boat=1 g=0.00 terrain=10 f_top=36.33
    neigh(156,155) d=0 terrain=10 cost=3.00
    neigh(157,155) d=1 terrain=10 cost=2.90
    neigh(157,156) d=2 terrain=10 cost=2.00
    neigh(157,157) d=3 terrain=10 cost=2.00
    neigh(156,157) d=4 terrain=10 cost=2.00
    neigh(155,157) d=5 terrain=10 cost=2.00
    neigh(155,156) d=6 terrain=10 cost=2.00
    neigh(155,155) d=7 terrain=10 cost=3.10
  expand #2: (157,156) boat=1 g=2.00 terrain=10 f_top=37.92
    neigh(157,155) d=0 terrain=10 cost=2.90
    neigh(158,155) d=1 terrain=10 cost=2.70
    neigh(158,156) d=2 terrain=10 cost=2.00
    neigh(158,157) d=3 terrain=10 cost=2.00
    neigh(157,157) d=4 terrain=10 cost=2.00
    neigh(156,157) d=5 terrain=10 cost=2.00
    neigh(156,156) d=6 terrain=10 cost=2.00
    neigh(156,155) d=7 terrain=10 cost=3.00
  expand #3: (156,155) boat=1 g=3.00 terrain=10 f_top=38.33
    neigh(156,154) d=0 terrain=10 cost=3.60
    neigh(157,154) d=1 terrain=10 cost=3.40
    neigh(157,155) d=2 terrain=10 cost=2.90
    neigh(157,156) d=3 terrain=10 cost=2.00
    neigh(156,156) d=4 terrain=10 cost=2.00
    neigh(155,156) d=5 terrain=10 cost=2.00
    neigh(155,155) d=6 terrain=10 cost=3.10
    neigh(155,154) d=7 terrain=10 cost=3.70
  expand #4: (155,156) boat=1 g=2.00 terrain=10 f_top=38.74
    neigh(155,155) d=0 terrain=10 cost=3.10
    neigh(156,155) d=1 terrain=10 cost=3.00
    neigh(156,156) d=2 terrain=10 cost=2.00
    neigh(156,157) d=3 terrain=10 cost=2.00
    neigh(155,157) d=4 terrain=10 cost=2.00
    neigh(154,157) d=5 terrain=10 cost=2.00
    neigh(154,156) d=6 terrain=10 cost=2.60
    neigh(154,155) d=7 terrain=10 cost=3.20
  expand #5: (157,155) boat=1 g=4.09 terrain=10 f_top=39.01
    neigh(157,154) d=0 terrain=10 cost=3.40
    neigh(158,154) d=1 terrain=10 cost=3.20
    neigh(158,155) d=2 terrain=10 cost=2.70
    neigh(158,156) d=3 terrain=10 cost=2.00
    neigh(157,156) d=4 terrain=10 cost=2.00
    neigh(156,156) d=5 terrain=10 cost=2.00
    neigh(156,155) d=6 terrain=10 cost=3.00
    neigh(156,154) d=7 terrain=10 cost=3.60
  expand #6: (156,157) boat=1 g=2.00 terrain=10 f_top=39.33
    neigh(156,156) d=0 terrain=10 cost=2.00
    neigh(157,156) d=1 terrain=10 cost=2.00
    neigh(157,157) d=2 terrain=10 cost=2.00
    neigh(157,158) d=3 terrain=10 cost=2.00
    neigh(156,158) d=4 terrain=10 cost=2.00
    neigh(155,158) d=5 terrain=10 cost=2.00
    neigh(155,157) d=6 terrain=10 cost=2.00
    neigh(155,156) d=7 terrain=10 cost=2.00
  expand #7: (158,156) boat=1 g=4.00 terrain=10 f_top=39.51
    neigh(158,155) d=0 terrain=10 cost=2.70
    neigh(159,155) d=1 terrain=10 cost=2.00
    neigh(159,156) d=2 terrain=10 cost=2.00
    neigh(159,157) d=3 terrain=10 cost=2.00
    neigh(158,157) d=4 terrain=10 cost=2.00
    neigh(157,157) d=5 terrain=10 cost=2.00
    neigh(157,156) d=6 terrain=10 cost=2.00
    neigh(157,155) d=7 terrain=10 cost=2.90
  expand #8: (157,157) boat=1 g=2.82 terrain=10 f_top=39.74
    neigh(157,156) d=0 terrain=10 cost=2.00
    neigh(158,156) d=1 terrain=10 cost=2.00
    neigh(158,157) d=2 terrain=10 cost=2.00
    neigh(158,158) d=3 terrain=10 cost=2.00
    neigh(157,158) d=4 terrain=10 cost=2.00
    neigh(156,158) d=5 terrain=10 cost=2.00
    neigh(156,157) d=6 terrain=10 cost=2.00
    neigh(156,156) d=7 terrain=10 cost=2.00
  expand #9: (155,155) boat=1 g=4.37 terrain=10 f_top=40.11
    neigh(155,154) d=0 terrain=10 cost=3.70
    neigh(156,154) d=1 terrain=10 cost=3.60
    neigh(156,155) d=2 terrain=10 cost=3.00
    neigh(156,156) d=3 terrain=10 cost=2.00
    neigh(155,156) d=4 terrain=10 cost=2.00
    neigh(154,156) d=5 terrain=10 cost=2.60
    neigh(154,155) d=6 terrain=10 cost=3.20
    neigh(154,154) d=7 terrain=10 cost=3.70
  expand #10: (155,157) boat=1 g=2.82 terrain=10 f_top=40.56
    neigh(155,156) d=0 terrain=10 cost=2.00
    neigh(156,156) d=1 terrain=10 cost=2.00
    neigh(156,157) d=2 terrain=10 cost=2.00
    neigh(156,158) d=3 terrain=10 cost=2.00
    neigh(155,158) d=4 terrain=10 cost=2.00
    neigh(154,158) d=5 terrain=10 cost=2.00
    neigh(154,157) d=6 terrain=10 cost=2.00
    neigh(154,156) d=7 terrain=10 cost=2.60
  expand #11: (156,154) boat=1 g=6.60 terrain=10 f_top=40.93
    neigh(156,153) d=0 terrain=1 cost=4.20
    neigh(157,153) d=1 terrain=1 cost=4.00
    neigh(157,154) d=2 terrain=10 cost=3.40
    neigh(157,155) d=3 terrain=10 cost=2.90
    neigh(156,155) d=4 terrain=10 cost=3.00
    neigh(155,155) d=5 terrain=10 cost=3.10
    neigh(155,154) d=6 terrain=10 cost=3.70
    neigh(155,153) d=7 terrain=1 cost=4.30
  expand #12: (159,156) boat=1 g=6.00 terrain=10 f_top=41.10
    neigh(159,155) d=0 terrain=10 cost=2.00
    neigh(160,155) d=1 terrain=10 cost=2.00
    neigh(160,156) d=2 terrain=10 cost=2.00
    neigh(160,157) d=3 terrain=10 cost=2.00
    neigh(159,157) d=4 terrain=10 cost=2.00
    neigh(158,157) d=5 terrain=10 cost=2.00
    neigh(158,156) d=6 terrain=10 cost=2.00
    neigh(158,155) d=7 terrain=10 cost=2.70
  expand #13: (154,156) boat=1 g=4.60 terrain=10 f_top=41.75
    neigh(154,155) d=0 terrain=10 cost=3.20
    neigh(155,155) d=1 terrain=10 cost=3.10
    neigh(155,156) d=2 terrain=10 cost=2.00
    neigh(155,157) d=3 terrain=10 cost=2.00
    neigh(154,157) d=4 terrain=10 cost=2.00
    neigh(153,157) d=5 terrain=10 cost=2.00
    neigh(153,156) d=6 terrain=10 cost=2.00
    neigh(153,155) d=7 terrain=10 cost=3.10
  expand #14: (158,154) boat=1 g=8.60 terrain=10 f_top=42.11
    neigh(158,153) d=0 terrain=1 cost=3.70
    neigh(159,153) d=1 terrain=1 cost=3.40
    neigh(159,154) d=2 terrain=10 cost=2.90
    neigh(159,155) d=3 terrain=10 cost=2.00
    neigh(158,155) d=4 terrain=10 cost=2.70
    neigh(157,155) d=5 terrain=10 cost=2.90
    neigh(157,154) d=6 terrain=10 cost=3.40
    neigh(157,153) d=7 terrain=1 cost=4.00
  expand #15: (156,158) boat=1 g=4.00 terrain=10 f_top=42.33
    neigh(156,157) d=0 terrain=10 cost=2.00
    neigh(157,157) d=1 terrain=10 cost=2.00
    neigh(157,158) d=2 terrain=10 cost=2.00
    neigh(157,159) d=3 terrain=10 cost=2.00
    neigh(156,159) d=4 terrain=10 cost=2.00
    neigh(155,159) d=5 terrain=10 cost=2.00
    neigh(155,158) d=6 terrain=10 cost=2.00
    neigh(155,157) d=7 terrain=10 cost=2.00
  expand #16: (160,156) boat=1 g=8.00 terrain=10 f_top=42.69
    neigh(160,155) d=0 terrain=10 cost=2.00
    neigh(161,155) d=1 terrain=10 cost=2.00
    neigh(161,156) d=2 terrain=10 cost=2.00
    neigh(161,157) d=3 terrain=10 cost=2.00
    neigh(160,157) d=4 terrain=10 cost=2.00
    neigh(159,157) d=5 terrain=10 cost=2.00
    neigh(159,156) d=6 terrain=10 cost=2.00
    neigh(159,155) d=7 terrain=10 cost=2.00
  expand #17: (158,155) boat=1 g=8.63 terrain=10 f_top=43.14
    neigh(158,154) d=0 terrain=10 cost=3.20
    neigh(159,154) d=1 terrain=10 cost=2.90
    neigh(159,155) d=2 terrain=10 cost=2.00
    neigh(159,156) d=3 terrain=10 cost=2.00
    neigh(158,156) d=4 terrain=10 cost=2.00
    neigh(157,156) d=5 terrain=10 cost=2.00
    neigh(157,155) d=6 terrain=10 cost=2.90
    neigh(157,154) d=7 terrain=10 cost=3.40
  expand #18: (158,158) boat=1 g=5.64 terrain=10 f_top=43.15
    neigh(158,157) d=0 terrain=10 cost=2.00
    neigh(159,157) d=1 terrain=10 cost=2.00
    neigh(159,158) d=2 terrain=10 cost=2.00
    neigh(159,159) d=3 terrain=10 cost=2.00
    neigh(158,159) d=4 terrain=10 cost=2.00
    neigh(157,159) d=5 terrain=10 cost=2.00
    neigh(157,158) d=6 terrain=10 cost=2.00
    neigh(157,157) d=7 terrain=10 cost=2.00
  expand #19: (158,157) boat=1 g=6.82 terrain=10 f_top=43.33
    neigh(158,156) d=0 terrain=10 cost=2.00
    neigh(159,156) d=1 terrain=10 cost=2.00
    neigh(159,157) d=2 terrain=10 cost=2.00
    neigh(159,158) d=3 terrain=10 cost=2.00
    neigh(158,158) d=4 terrain=10 cost=2.00
    neigh(157,158) d=5 terrain=10 cost=2.00
    neigh(157,157) d=6 terrain=10 cost=2.00
    neigh(157,156) d=7 terrain=10 cost=2.00
  expand #20: (157,154) boat=1 g=9.49 terrain=10 f_top=43.41
    neigh(157,153) d=0 terrain=1 cost=4.00
    neigh(158,153) d=1 terrain=1 cost=3.70
    neigh(158,154) d=2 terrain=10 cost=3.20
    neigh(158,155) d=3 terrain=10 cost=2.70
    neigh(157,155) d=4 terrain=10 cost=2.90
    neigh(156,155) d=5 terrain=10 cost=3.00
    neigh(156,154) d=6 terrain=10 cost=3.60
    neigh(156,153) d=7 terrain=1 cost=4.20
  FOUND dest at expand #3325, cost=127.04
  result=127.04 expanded=3325 open_remaining=934 term=FOUND
  timing: init=18.2us search=1446.9us total=1465.1us  per-expand=0.44us
  heap: pushes=6422 pops=5488 stale_pops=2163 peak_open=956
  neigh: total=26592 oob=0 diag_blocked=503 cost_inf=36 already_closed=12356 worse_g=7276 relaxed=6421

=== cost_to(172,100)->(129,107) boat=1 sh=40 tr=40 mn=40 arm=40 budget=16000 src_terrain=10 dst_terrain=2 ===
  expand #1: (172,100) boat=1 g=0.00 terrain=10 f_top=45.87
    neigh(172,99) d=0 terrain=10 cost=2.00
    neigh(173,99) d=1 terrain=10 cost=2.00
    neigh(173,100) d=2 terrain=10 cost=2.00
    neigh(173,101) d=3 terrain=10 cost=3.00
    neigh(172,101) d=4 terrain=10 cost=3.10
    neigh(171,101) d=5 terrain=10 cost=3.20
    neigh(171,100) d=6 terrain=10 cost=2.60
    neigh(171,99) d=7 terrain=10 cost=2.00
  expand #2: (171,100) boat=1 g=2.60 terrain=10 f_top=47.47
    neigh(171,99) d=0 terrain=10 cost=2.00
    neigh(172,99) d=1 terrain=10 cost=2.00
    neigh(172,100) d=2 terrain=10 cost=2.00
    neigh(172,101) d=3 terrain=10 cost=3.10
    neigh(171,101) d=4 terrain=10 cost=3.20
    neigh(170,101) d=5 terrain=10 cost=3.10
    neigh(170,100) d=6 terrain=10 cost=2.00
    neigh(170,99) d=7 terrain=10 cost=2.00
  expand #3: (171,99) boat=1 g=2.82 terrain=10 f_top=48.10
    neigh(171,98) d=0 terrain=10 cost=2.00
    neigh(172,98) d=1 terrain=10 cost=2.00
    neigh(172,99) d=2 terrain=10 cost=2.00
    neigh(172,100) d=3 terrain=10 cost=2.00
    neigh(171,100) d=4 terrain=10 cost=2.60
    neigh(170,100) d=5 terrain=10 cost=2.00
    neigh(170,99) d=6 terrain=10 cost=2.00
    neigh(170,98) d=7 terrain=10 cost=2.00
  expand #4: (172,99) boat=1 g=2.00 terrain=10 f_top=48.28
    neigh(172,98) d=0 terrain=10 cost=2.00
    neigh(173,98) d=1 terrain=10 cost=2.00
    neigh(173,99) d=2 terrain=10 cost=2.00
    neigh(173,100) d=3 terrain=10 cost=2.00
    neigh(172,100) d=4 terrain=10 cost=2.00
    neigh(171,100) d=5 terrain=10 cost=2.60
    neigh(171,99) d=6 terrain=10 cost=2.00
    neigh(171,98) d=7 terrain=10 cost=2.00
  expand #5: (170,100) boat=1 g=4.60 terrain=10 f_top=48.47
    neigh(170,99) d=0 terrain=10 cost=2.00
    neigh(171,99) d=1 terrain=10 cost=2.00
    neigh(171,100) d=2 terrain=10 cost=2.60
    neigh(171,101) d=3 terrain=10 cost=3.20
    neigh(170,101) d=4 terrain=10 cost=3.10
    neigh(169,101) d=5 terrain=10 cost=3.00
    neigh(169,100) d=6 terrain=10 cost=2.00
    neigh(169,99) d=7 terrain=10 cost=2.00
  expand #6: (172,101) boat=1 g=3.10 terrain=10 f_top=48.56
    neigh(172,100) d=0 terrain=10 cost=2.00
    neigh(173,100) d=1 terrain=10 cost=2.00
    neigh(173,101) d=2 terrain=10 cost=3.00
    neigh(173,102) d=3 terrain=1 cost=3.60
    neigh(172,102) d=4 terrain=1 cost=3.70
    neigh(171,102) d=5 terrain=1 cost=3.70
    neigh(171,101) d=6 terrain=10 cost=3.20
    neigh(171,100) d=7 terrain=10 cost=2.60
  expand #7: (173,100) boat=1 g=2.00 terrain=10 f_top=48.87
    neigh(173,99) d=0 terrain=10 cost=2.00
    neigh(174,99) d=1 terrain=10 cost=2.00
    neigh(174,100) d=2 terrain=10 cost=2.00
    neigh(174,101) d=3 terrain=10 cost=2.50
    neigh(173,101) d=4 terrain=10 cost=3.00
    neigh(172,101) d=5 terrain=10 cost=3.10
    neigh(172,100) d=6 terrain=10 cost=2.00
    neigh(172,99) d=7 terrain=10 cost=2.00
  expand #8: (171,101) boat=1 g=4.51 terrain=10 f_top=48.97
    neigh(171,100) d=0 terrain=10 cost=2.60
    neigh(172,100) d=1 terrain=10 cost=2.00
    neigh(172,101) d=2 terrain=10 cost=3.10
    neigh(172,102) d=3 terrain=1 cost=3.70
    neigh(171,102) d=4 terrain=1 cost=3.70
    neigh(170,102) d=5 terrain=1 cost=3.70
    neigh(170,101) d=6 terrain=10 cost=3.10
    neigh(170,100) d=7 terrain=10 cost=2.00
  expand #9: (169,100) boat=1 g=6.60 terrain=10 f_top=49.47
    neigh(169,99) d=0 terrain=10 cost=2.00
    neigh(170,99) d=1 terrain=10 cost=2.00
    neigh(170,100) d=2 terrain=10 cost=2.00
    neigh(170,101) d=3 terrain=10 cost=3.10
    neigh(169,101) d=4 terrain=10 cost=3.00
    neigh(168,101) d=5 terrain=10 cost=2.90
    neigh(168,100) d=6 terrain=10 cost=2.00
    neigh(168,99) d=7 terrain=10 cost=2.00
  expand #10: (173,99) boat=1 g=2.82 terrain=10 f_top=50.10
    neigh(173,98) d=0 terrain=10 cost=2.00
    neigh(174,98) d=1 terrain=10 cost=2.00
    neigh(174,99) d=2 terrain=10 cost=2.00
    neigh(174,100) d=3 terrain=10 cost=2.00
    neigh(173,100) d=4 terrain=10 cost=2.00
    neigh(172,100) d=5 terrain=10 cost=2.00
    neigh(172,99) d=6 terrain=10 cost=2.00
    neigh(172,98) d=7 terrain=10 cost=2.00
  expand #11: (170,98) boat=1 g=5.64 terrain=10 f_top=50.33
    neigh(170,97) d=0 terrain=10 cost=2.00
    neigh(171,97) d=1 terrain=10 cost=2.00
    neigh(171,98) d=2 terrain=10 cost=2.00
    neigh(171,99) d=3 terrain=10 cost=2.00
    neigh(170,99) d=4 terrain=10 cost=2.00
    neigh(169,99) d=5 terrain=10 cost=2.00
    neigh(169,98) d=6 terrain=10 cost=2.00
    neigh(169,97) d=7 terrain=10 cost=2.00
  expand #12: (168,100) boat=1 g=8.60 terrain=10 f_top=50.47
    neigh(168,99) d=0 terrain=10 cost=2.00
    neigh(169,99) d=1 terrain=10 cost=2.00
    neigh(169,100) d=2 terrain=10 cost=2.00
    neigh(169,101) d=3 terrain=10 cost=3.00
    neigh(168,101) d=4 terrain=10 cost=2.90
    neigh(167,101) d=5 terrain=10 cost=2.70
    neigh(167,100) d=6 terrain=10 cost=2.00
    neigh(167,99) d=7 terrain=10 cost=2.00
  expand #13: (172,98) boat=1 g=4.00 terrain=10 f_top=50.69
    neigh(172,97) d=0 terrain=10 cost=2.00
    neigh(173,97) d=1 terrain=10 cost=2.00
    neigh(173,98) d=2 terrain=10 cost=2.00
    neigh(173,99) d=3 terrain=10 cost=2.00
    neigh(172,99) d=4 terrain=10 cost=2.00
    neigh(171,99) d=5 terrain=10 cost=2.00
    neigh(171,98) d=6 terrain=10 cost=2.00
    neigh(171,97) d=7 terrain=10 cost=2.00
  expand #14: (173,101) boat=1 g=4.23 terrain=10 f_top=50.69
    neigh(173,100) d=0 terrain=10 cost=2.00
    neigh(174,100) d=1 terrain=10 cost=2.00
    neigh(174,101) d=2 terrain=10 cost=2.50
    neigh(174,102) d=3 terrain=1 cost=2.90
    neigh(173,102) d=4 terrain=1 cost=3.60
    neigh(172,102) d=5 terrain=1 cost=3.70
    neigh(172,101) d=6 terrain=10 cost=3.10
    neigh(172,100) d=7 terrain=10 cost=2.00
  expand #15: (170,99) boat=1 g=6.82 terrain=10 f_top=51.10
    neigh(170,98) d=0 terrain=10 cost=2.00
    neigh(171,98) d=1 terrain=10 cost=2.00
    neigh(171,99) d=2 terrain=10 cost=2.00
    neigh(171,100) d=3 terrain=10 cost=2.60
    neigh(170,100) d=4 terrain=10 cost=2.00
    neigh(169,100) d=5 terrain=10 cost=2.00
    neigh(169,99) d=6 terrain=10 cost=2.00
    neigh(169,98) d=7 terrain=10 cost=2.00
  expand #16: (167,100) boat=1 g=10.60 terrain=10 f_top=51.47
    neigh(167,99) d=0 terrain=10 cost=2.00
    neigh(168,99) d=1 terrain=10 cost=2.00
    neigh(168,100) d=2 terrain=10 cost=2.00
    neigh(168,101) d=3 terrain=10 cost=2.90
    neigh(167,101) d=4 terrain=10 cost=2.70
    neigh(166,101) d=5 terrain=10 cost=2.00
    neigh(166,100) d=6 terrain=10 cost=2.00
    neigh(166,99) d=7 terrain=10 cost=2.00
  expand #17: (172,102) boat=1 g=6.80 terrain=1 f_top=51.85
    neigh(172,101) d=0 terrain=10 cost=3.10
    neigh(173,101) d=1 terrain=10 cost=3.00
    neigh(173,102) d=2 terrain=1 cost=3.60
    neigh(172,103) d=4 terrain=2 cost=20.27
    neigh(171,102) d=6 terrain=1 cost=3.70
    neigh(171,101) d=7 terrain=10 cost=3.20
  expand #18: (174,100) boat=1 g=4.00 terrain=10 f_top=51.87
    neigh(174,99) d=0 terrain=10 cost=2.00
    neigh(175,99) d=1 terrain=10 cost=2.00
    neigh(175,100) d=2 terrain=10 cost=2.00
    neigh(175,101) d=3 terrain=10 cost=2.40
    neigh(174,101) d=4 terrain=10 cost=2.50
    neigh(173,101) d=5 terrain=10 cost=3.00
    neigh(173,100) d=6 terrain=10 cost=2.00
    neigh(173,99) d=7 terrain=10 cost=2.00
  expand #19: (169,99) boat=1 g=8.82 terrain=10 f_top=52.10
    neigh(169,98) d=0 terrain=10 cost=2.00
    neigh(170,98) d=1 terrain=10 cost=2.00
    neigh(170,99) d=2 terrain=10 cost=2.00
    neigh(170,100) d=3 terrain=10 cost=2.00
    neigh(169,100) d=4 terrain=10 cost=2.00
    neigh(168,100) d=5 terrain=10 cost=2.00
    neigh(168,99) d=6 terrain=10 cost=2.00
    neigh(168,98) d=7 terrain=10 cost=2.00
  expand #20: (166,100) boat=1 g=12.60 terrain=10 f_top=52.47
    neigh(166,99) d=0 terrain=10 cost=2.00
    neigh(167,99) d=1 terrain=10 cost=2.00
    neigh(167,100) d=2 terrain=10 cost=2.00
    neigh(167,101) d=3 terrain=10 cost=2.70
    neigh(166,101) d=4 terrain=10 cost=2.00
    neigh(165,101) d=5 terrain=10 cost=2.00
    neigh(165,100) d=6 terrain=10 cost=2.00
    neigh(165,99) d=7 terrain=10 cost=2.00
  FOUND dest at expand #8943, cost=193.47
  result=193.47 expanded=8943 open_remaining=1416 term=FOUND
  timing: init=31.7us search=2731.9us total=2763.6us  per-expand=0.31us
  heap: pushes=16265 pops=14849 stale_pops=5906 peak_open=1417
  neigh: total=71536 oob=0 diag_blocked=829 cost_inf=60 already_closed=34176 worse_g=20207 relaxed=16264

=== cost_to(156,156)->(113,145) boat=1 sh=40 tr=40 mn=40 arm=40 budget=16000 src_terrain=10 dst_terrain=2 ===
  expand #1: (156,156) boat=1 g=0.00 terrain=10 f_top=47.51
    neigh(156,155) d=0 terrain=10 cost=3.00
    neigh(157,155) d=1 terrain=10 cost=2.90
    neigh(157,156) d=2 terrain=10 cost=2.00
    neigh(157,157) d=3 terrain=10 cost=2.00
    neigh(156,157) d=4 terrain=10 cost=2.00
    neigh(155,157) d=5 terrain=10 cost=2.00
    neigh(155,156) d=6 terrain=10 cost=2.00
    neigh(155,155) d=7 terrain=10 cost=3.10
  expand #2: (155,156) boat=1 g=2.00 terrain=10 f_top=48.51
    neigh(155,155) d=0 terrain=10 cost=3.10
    neigh(156,155) d=1 terrain=10 cost=3.00
    neigh(156,156) d=2 terrain=10 cost=2.00
    neigh(156,157) d=3 terrain=10 cost=2.00
    neigh(155,157) d=4 terrain=10 cost=2.00
    neigh(154,157) d=5 terrain=10 cost=2.00
    neigh(154,156) d=6 terrain=10 cost=2.60
    neigh(154,155) d=7 terrain=10 cost=3.20
  expand #3: (155,157) boat=1 g=2.82 terrain=10 f_top=49.74
    neigh(155,156) d=0 terrain=10 cost=2.00
    neigh(156,156) d=1 terrain=10 cost=2.00
    neigh(156,157) d=2 terrain=10 cost=2.00
    neigh(156,158) d=3 terrain=10 cost=2.00
    neigh(155,158) d=4 terrain=10 cost=2.00
    neigh(154,158) d=5 terrain=10 cost=2.00
    neigh(154,157) d=6 terrain=10 cost=2.00
    neigh(154,156) d=7 terrain=10 cost=2.60
  expand #4: (156,157) boat=1 g=2.00 terrain=10 f_top=49.92
    neigh(156,156) d=0 terrain=10 cost=2.00
    neigh(157,156) d=1 terrain=10 cost=2.00
    neigh(157,157) d=2 terrain=10 cost=2.00
    neigh(157,158) d=3 terrain=10 cost=2.00
    neigh(156,158) d=4 terrain=10 cost=2.00
    neigh(155,158) d=5 terrain=10 cost=2.00
    neigh(155,157) d=6 terrain=10 cost=2.00
    neigh(155,156) d=7 terrain=10 cost=2.00
  expand #5: (156,155) boat=1 g=3.00 terrain=10 f_top=50.10
    neigh(156,154) d=0 terrain=10 cost=3.60
    neigh(157,154) d=1 terrain=10 cost=3.40
    neigh(157,155) d=2 terrain=10 cost=2.90
    neigh(157,156) d=3 terrain=10 cost=2.00
    neigh(156,156) d=4 terrain=10 cost=2.00
    neigh(155,156) d=5 terrain=10 cost=2.00
    neigh(155,155) d=6 terrain=10 cost=3.10
    neigh(155,154) d=7 terrain=10 cost=3.70
  expand #6: (154,156) boat=1 g=4.60 terrain=10 f_top=50.11
    neigh(154,155) d=0 terrain=10 cost=3.20
    neigh(155,155) d=1 terrain=10 cost=3.10
    neigh(155,156) d=2 terrain=10 cost=2.00
    neigh(155,157) d=3 terrain=10 cost=2.00
    neigh(154,157) d=4 terrain=10 cost=2.00
    neigh(153,157) d=5 terrain=10 cost=2.00
    neigh(153,156) d=6 terrain=10 cost=2.00
    neigh(153,155) d=7 terrain=10 cost=3.10
  expand #7: (155,155) boat=1 g=4.37 terrain=10 f_top=50.47
    neigh(155,154) d=0 terrain=10 cost=3.70
    neigh(156,154) d=1 terrain=10 cost=3.60
    neigh(156,155) d=2 terrain=10 cost=3.00
    neigh(156,156) d=3 terrain=10 cost=2.00
    neigh(155,156) d=4 terrain=10 cost=2.00
    neigh(154,156) d=5 terrain=10 cost=2.60
    neigh(154,155) d=6 terrain=10 cost=3.20
    neigh(154,154) d=7 terrain=10 cost=3.70
  expand #8: (157,156) boat=1 g=2.00 terrain=10 f_top=50.51
    neigh(157,155) d=0 terrain=10 cost=2.90
    neigh(158,155) d=1 terrain=10 cost=2.70
    neigh(158,156) d=2 terrain=10 cost=2.00
    neigh(158,157) d=3 terrain=10 cost=2.00
    neigh(157,157) d=4 terrain=10 cost=2.00
    neigh(156,157) d=5 terrain=10 cost=2.00
    neigh(156,156) d=6 terrain=10 cost=2.00
    neigh(156,155) d=7 terrain=10 cost=3.00
  expand #9: (153,156) boat=1 g=6.60 terrain=10 f_top=51.11
    neigh(153,155) d=0 terrain=10 cost=3.10
    neigh(154,155) d=1 terrain=10 cost=3.20
    neigh(154,156) d=2 terrain=10 cost=2.60
    neigh(154,157) d=3 terrain=10 cost=2.00
    neigh(153,157) d=4 terrain=10 cost=2.00
    neigh(152,157) d=5 terrain=10 cost=2.00
    neigh(152,156) d=6 terrain=10 cost=2.00
    neigh(152,155) d=7 terrain=10 cost=3.00
  expand #10: (157,157) boat=1 g=2.82 terrain=10 f_top=51.74
    neigh(157,156) d=0 terrain=10 cost=2.00
    neigh(158,156) d=1 terrain=10 cost=2.00
    neigh(158,157) d=2 terrain=10 cost=2.00
    neigh(158,158) d=3 terrain=10 cost=2.00
    neigh(157,158) d=4 terrain=10 cost=2.00
    neigh(156,158) d=5 terrain=10 cost=2.00
    neigh(156,157) d=6 terrain=10 cost=2.00
    neigh(156,156) d=7 terrain=10 cost=2.00
  expand #11: (154,158) boat=1 g=5.64 terrain=10 f_top=51.97
    neigh(154,157) d=0 terrain=10 cost=2.00
    neigh(155,157) d=1 terrain=10 cost=2.00
    neigh(155,158) d=2 terrain=10 cost=2.00
    neigh(155,159) d=3 terrain=10 cost=2.00
    neigh(154,159) d=4 terrain=10 cost=2.00
    neigh(153,159) d=5 terrain=10 cost=2.00
    neigh(153,158) d=6 terrain=10 cost=2.00
    neigh(153,157) d=7 terrain=10 cost=2.00
  expand #12: (152,156) boat=1 g=8.60 terrain=10 f_top=52.11
    neigh(152,155) d=0 terrain=10 cost=3.00
    neigh(153,155) d=1 terrain=10 cost=3.10
    neigh(153,156) d=2 terrain=10 cost=2.00
    neigh(153,157) d=3 terrain=10 cost=2.00
    neigh(152,157) d=4 terrain=10 cost=2.00
    neigh(151,157) d=5 terrain=10 cost=2.00
    neigh(151,156) d=6 terrain=10 cost=2.00
    neigh(151,155) d=7 terrain=10 cost=2.90
  expand #13: (157,155) boat=1 g=4.09 terrain=10 f_top=52.19
    neigh(157,154) d=0 terrain=10 cost=3.40
    neigh(158,154) d=1 terrain=10 cost=3.20
    neigh(158,155) d=2 terrain=10 cost=2.70
    neigh(158,156) d=3 terrain=10 cost=2.00
    neigh(157,156) d=4 terrain=10 cost=2.00
    neigh(156,156) d=5 terrain=10 cost=2.00
    neigh(156,155) d=6 terrain=10 cost=3.00
    neigh(156,154) d=7 terrain=10 cost=3.60
  expand #14: (156,158) boat=1 g=4.00 terrain=10 f_top=52.33
    neigh(156,157) d=0 terrain=10 cost=2.00
    neigh(157,157) d=1 terrain=10 cost=2.00
    neigh(157,158) d=2 terrain=10 cost=2.00
    neigh(157,159) d=3 terrain=10 cost=2.00
    neigh(156,159) d=4 terrain=10 cost=2.00
    neigh(155,159) d=5 terrain=10 cost=2.00
    neigh(155,158) d=6 terrain=10 cost=2.00
    neigh(155,157) d=7 terrain=10 cost=2.00
  expand #15: (154,157) boat=1 g=6.82 terrain=10 f_top=52.74
    neigh(154,156) d=0 terrain=10 cost=2.60
    neigh(155,156) d=1 terrain=10 cost=2.00
    neigh(155,157) d=2 terrain=10 cost=2.00
    neigh(155,158) d=3 terrain=10 cost=2.00
    neigh(154,158) d=4 terrain=10 cost=2.00
    neigh(153,158) d=5 terrain=10 cost=2.00
    neigh(153,157) d=6 terrain=10 cost=2.00
    neigh(153,156) d=7 terrain=10 cost=2.00
  expand #16: (151,156) boat=1 g=10.60 terrain=10 f_top=53.11
    neigh(151,155) d=0 terrain=10 cost=2.90
    neigh(152,155) d=1 terrain=10 cost=3.00
    neigh(152,156) d=2 terrain=10 cost=2.00
    neigh(152,157) d=3 terrain=10 cost=2.00
    neigh(151,157) d=4 terrain=10 cost=2.00
    neigh(150,157) d=5 terrain=10 cost=2.00
    neigh(150,156) d=6 terrain=10 cost=2.00
    neigh(150,155) d=7 terrain=10 cost=2.70
  expand #17: (156,154) boat=1 g=6.60 terrain=10 f_top=53.29
    neigh(156,153) d=0 terrain=1 cost=4.20
    neigh(157,153) d=1 terrain=1 cost=4.00
    neigh(157,154) d=2 terrain=10 cost=3.40
    neigh(157,155) d=3 terrain=10 cost=2.90
    neigh(156,155) d=4 terrain=10 cost=3.00
    neigh(155,155) d=5 terrain=10 cost=3.10
    neigh(155,154) d=6 terrain=10 cost=3.70
    neigh(155,153) d=7 terrain=1 cost=4.30
  expand #18: (158,156) boat=1 g=4.00 terrain=10 f_top=53.51
    neigh(158,155) d=0 terrain=10 cost=2.70
    neigh(159,155) d=1 terrain=10 cost=2.00
    neigh(159,156) d=2 terrain=10 cost=2.00
    neigh(159,157) d=3 terrain=10 cost=2.00
    neigh(158,157) d=4 terrain=10 cost=2.00
    neigh(157,157) d=5 terrain=10 cost=2.00
    neigh(157,156) d=6 terrain=10 cost=2.00
    neigh(157,155) d=7 terrain=10 cost=2.90
  expand #19: (153,157) boat=1 g=8.82 terrain=10 f_top=53.74
    neigh(153,156) d=0 terrain=10 cost=2.00
    neigh(154,156) d=1 terrain=10 cost=2.60
    neigh(154,157) d=2 terrain=10 cost=2.00
    neigh(154,158) d=3 terrain=10 cost=2.00
    neigh(153,158) d=4 terrain=10 cost=2.00
    neigh(152,158) d=5 terrain=10 cost=2.00
    neigh(152,157) d=6 terrain=10 cost=2.00
    neigh(152,156) d=7 terrain=10 cost=2.00
  expand #20: (150,156) boat=1 g=12.60 terrain=10 f_top=54.11
    neigh(150,155) d=0 terrain=10 cost=2.70
    neigh(151,155) d=1 terrain=10 cost=2.90
    neigh(151,156) d=2 terrain=10 cost=2.00
    neigh(151,157) d=3 terrain=10 cost=2.00
    neigh(150,157) d=4 terrain=10 cost=2.00
    neigh(149,157) d=5 terrain=10 cost=2.00
    neigh(149,156) d=6 terrain=10 cost=2.00
    neigh(149,155) d=7 terrain=10 cost=2.00
  FOUND dest at expand #2795, cost=123.25
  result=123.25 expanded=2795 open_remaining=957 term=FOUND
  timing: init=24.4us search=1263.6us total=1288.0us  per-expand=0.45us
  heap: pushes=5493 pops=4536 stale_pops=1741 peak_open=959
  neigh: total=22352 oob=0 diag_blocked=502 cost_inf=46 already_closed=10181 worse_g=6131 relaxed=5492

=== cost_to(172,100)->(134,112) boat=1 sh=40 tr=40 mn=40 arm=40 budget=16000 src_terrain=10 dst_terrain=7 ===
  expand #1: (172,100) boat=1 g=0.00 terrain=10 f_top=42.92
    neigh(172,99) d=0 terrain=10 cost=2.00
    neigh(173,99) d=1 terrain=10 cost=2.00
    neigh(173,100) d=2 terrain=10 cost=2.00
    neigh(173,101) d=3 terrain=10 cost=3.00
    neigh(172,101) d=4 terrain=10 cost=3.10
    neigh(171,101) d=5 terrain=10 cost=3.20
    neigh(171,100) d=6 terrain=10 cost=2.60
    neigh(171,99) d=7 terrain=10 cost=2.00
  expand #2: (171,100) boat=1 g=2.60 terrain=10 f_top=44.52
    neigh(171,99) d=0 terrain=10 cost=2.00
    neigh(172,99) d=1 terrain=10 cost=2.00
    neigh(172,100) d=2 terrain=10 cost=2.00
    neigh(172,101) d=3 terrain=10 cost=3.10
    neigh(171,101) d=4 terrain=10 cost=3.20
    neigh(170,101) d=5 terrain=10 cost=3.10
    neigh(170,100) d=6 terrain=10 cost=2.00
    neigh(170,99) d=7 terrain=10 cost=2.00
  expand #3: (171,99) boat=1 g=2.82 terrain=10 f_top=45.15
    neigh(171,98) d=0 terrain=10 cost=2.00
    neigh(172,98) d=1 terrain=10 cost=2.00
    neigh(172,99) d=2 terrain=10 cost=2.00
    neigh(172,100) d=3 terrain=10 cost=2.00
    neigh(171,100) d=4 terrain=10 cost=2.60
    neigh(170,100) d=5 terrain=10 cost=2.00
    neigh(170,99) d=6 terrain=10 cost=2.00
    neigh(170,98) d=7 terrain=10 cost=2.00
  expand #4: (172,99) boat=1 g=2.00 terrain=10 f_top=45.33
    neigh(172,98) d=0 terrain=10 cost=2.00
    neigh(173,98) d=1 terrain=10 cost=2.00
    neigh(173,99) d=2 terrain=10 cost=2.00
    neigh(173,100) d=3 terrain=10 cost=2.00
    neigh(172,100) d=4 terrain=10 cost=2.00
    neigh(171,100) d=5 terrain=10 cost=2.60
    neigh(171,99) d=6 terrain=10 cost=2.00
    neigh(171,98) d=7 terrain=10 cost=2.00
  expand #5: (170,100) boat=1 g=4.60 terrain=10 f_top=45.52
    neigh(170,99) d=0 terrain=10 cost=2.00
    neigh(171,99) d=1 terrain=10 cost=2.00
    neigh(171,100) d=2 terrain=10 cost=2.60
    neigh(171,101) d=3 terrain=10 cost=3.20
    neigh(170,101) d=4 terrain=10 cost=3.10
    neigh(169,101) d=5 terrain=10 cost=3.00
    neigh(169,100) d=6 terrain=10 cost=2.00
    neigh(169,99) d=7 terrain=10 cost=2.00
  expand #6: (172,101) boat=1 g=3.10 terrain=10 f_top=45.61
    neigh(172,100) d=0 terrain=10 cost=2.00
    neigh(173,100) d=1 terrain=10 cost=2.00
    neigh(173,101) d=2 terrain=10 cost=3.00
    neigh(173,102) d=3 terrain=1 cost=3.60
    neigh(172,102) d=4 terrain=1 cost=3.70
    neigh(171,102) d=5 terrain=1 cost=3.70
    neigh(171,101) d=6 terrain=10 cost=3.20
    neigh(171,100) d=7 terrain=10 cost=2.60
  expand #7: (173,100) boat=1 g=2.00 terrain=10 f_top=45.92
    neigh(173,99) d=0 terrain=10 cost=2.00
    neigh(174,99) d=1 terrain=10 cost=2.00
    neigh(174,100) d=2 terrain=10 cost=2.00
    neigh(174,101) d=3 terrain=10 cost=2.50
    neigh(173,101) d=4 terrain=10 cost=3.00
    neigh(172,101) d=5 terrain=10 cost=3.10
    neigh(172,100) d=6 terrain=10 cost=2.00
    neigh(172,99) d=7 terrain=10 cost=2.00
  expand #8: (171,101) boat=1 g=4.51 terrain=10 f_top=46.02
    neigh(171,100) d=0 terrain=10 cost=2.60
    neigh(172,100) d=1 terrain=10 cost=2.00
    neigh(172,101) d=2 terrain=10 cost=3.10
    neigh(172,102) d=3 terrain=1 cost=3.70
    neigh(171,102) d=4 terrain=1 cost=3.70
    neigh(170,102) d=5 terrain=1 cost=3.70
    neigh(170,101) d=6 terrain=10 cost=3.10
    neigh(170,100) d=7 terrain=10 cost=2.00
  expand #9: (169,100) boat=1 g=6.60 terrain=10 f_top=46.52
    neigh(169,99) d=0 terrain=10 cost=2.00
    neigh(170,99) d=1 terrain=10 cost=2.00
    neigh(170,100) d=2 terrain=10 cost=2.00
    neigh(170,101) d=3 terrain=10 cost=3.10
    neigh(169,101) d=4 terrain=10 cost=3.00
    neigh(168,101) d=5 terrain=10 cost=2.90
    neigh(168,100) d=6 terrain=10 cost=2.00
    neigh(168,99) d=7 terrain=10 cost=2.00
  expand #10: (173,99) boat=1 g=2.82 terrain=10 f_top=47.15
    neigh(173,98) d=0 terrain=10 cost=2.00
    neigh(174,98) d=1 terrain=10 cost=2.00
    neigh(174,99) d=2 terrain=10 cost=2.00
    neigh(174,100) d=3 terrain=10 cost=2.00
    neigh(173,100) d=4 terrain=10 cost=2.00
    neigh(172,100) d=5 terrain=10 cost=2.00
    neigh(172,99) d=6 terrain=10 cost=2.00
    neigh(172,98) d=7 terrain=10 cost=2.00
  expand #11: (170,98) boat=1 g=5.64 terrain=10 f_top=47.38
    neigh(170,97) d=0 terrain=10 cost=2.00
    neigh(171,97) d=1 terrain=10 cost=2.00
    neigh(171,98) d=2 terrain=10 cost=2.00
    neigh(171,99) d=3 terrain=10 cost=2.00
    neigh(170,99) d=4 terrain=10 cost=2.00
    neigh(169,99) d=5 terrain=10 cost=2.00
    neigh(169,98) d=6 terrain=10 cost=2.00
    neigh(169,97) d=7 terrain=10 cost=2.00
  expand #12: (168,100) boat=1 g=8.60 terrain=10 f_top=47.52
    neigh(168,99) d=0 terrain=10 cost=2.00
    neigh(169,99) d=1 terrain=10 cost=2.00
    neigh(169,100) d=2 terrain=10 cost=2.00
    neigh(169,101) d=3 terrain=10 cost=3.00
    neigh(168,101) d=4 terrain=10 cost=2.90
    neigh(167,101) d=5 terrain=10 cost=2.70
    neigh(167,100) d=6 terrain=10 cost=2.00
    neigh(167,99) d=7 terrain=10 cost=2.00
  expand #13: (172,98) boat=1 g=4.00 terrain=10 f_top=47.74
    neigh(172,97) d=0 terrain=10 cost=2.00
    neigh(173,97) d=1 terrain=10 cost=2.00
    neigh(173,98) d=2 terrain=10 cost=2.00
    neigh(173,99) d=3 terrain=10 cost=2.00
    neigh(172,99) d=4 terrain=10 cost=2.00
    neigh(171,99) d=5 terrain=10 cost=2.00
    neigh(171,98) d=6 terrain=10 cost=2.00
    neigh(171,97) d=7 terrain=10 cost=2.00
  expand #14: (173,101) boat=1 g=4.23 terrain=10 f_top=47.74
    neigh(173,100) d=0 terrain=10 cost=2.00
    neigh(174,100) d=1 terrain=10 cost=2.00
    neigh(174,101) d=2 terrain=10 cost=2.50
    neigh(174,102) d=3 terrain=1 cost=2.90
    neigh(173,102) d=4 terrain=1 cost=3.60
    neigh(172,102) d=5 terrain=1 cost=3.70
    neigh(172,101) d=6 terrain=10 cost=3.10
    neigh(172,100) d=7 terrain=10 cost=2.00
  expand #15: (170,99) boat=1 g=6.82 terrain=10 f_top=48.15
    neigh(170,98) d=0 terrain=10 cost=2.00
    neigh(171,98) d=1 terrain=10 cost=2.00
    neigh(171,99) d=2 terrain=10 cost=2.00
    neigh(171,100) d=3 terrain=10 cost=2.60
    neigh(170,100) d=4 terrain=10 cost=2.00
    neigh(169,100) d=5 terrain=10 cost=2.00
    neigh(169,99) d=6 terrain=10 cost=2.00
    neigh(169,98) d=7 terrain=10 cost=2.00
  expand #16: (167,100) boat=1 g=10.60 terrain=10 f_top=48.52
    neigh(167,99) d=0 terrain=10 cost=2.00
    neigh(168,99) d=1 terrain=10 cost=2.00
    neigh(168,100) d=2 terrain=10 cost=2.00
    neigh(168,101) d=3 terrain=10 cost=2.90
    neigh(167,101) d=4 terrain=10 cost=2.70
    neigh(166,101) d=5 terrain=10 cost=2.00
    neigh(166,100) d=6 terrain=10 cost=2.00
    neigh(166,99) d=7 terrain=10 cost=2.00
  expand #17: (172,102) boat=1 g=6.80 terrain=1 f_top=48.90
    neigh(172,101) d=0 terrain=10 cost=3.10
    neigh(173,101) d=1 terrain=10 cost=3.00
    neigh(173,102) d=2 terrain=1 cost=3.60
    neigh(172,103) d=4 terrain=2 cost=20.27
    neigh(171,102) d=6 terrain=1 cost=3.70
    neigh(171,101) d=7 terrain=10 cost=3.20
  expand #18: (174,100) boat=1 g=4.00 terrain=10 f_top=48.92
    neigh(174,99) d=0 terrain=10 cost=2.00
    neigh(175,99) d=1 terrain=10 cost=2.00
    neigh(175,100) d=2 terrain=10 cost=2.00
    neigh(175,101) d=3 terrain=10 cost=2.40
    neigh(174,101) d=4 terrain=10 cost=2.50
    neigh(173,101) d=5 terrain=10 cost=3.00
    neigh(173,100) d=6 terrain=10 cost=2.00
    neigh(173,99) d=7 terrain=10 cost=2.00
  expand #19: (169,99) boat=1 g=8.82 terrain=10 f_top=49.15
    neigh(169,98) d=0 terrain=10 cost=2.00
    neigh(170,98) d=1 terrain=10 cost=2.00
    neigh(170,99) d=2 terrain=10 cost=2.00
    neigh(170,100) d=3 terrain=10 cost=2.00
    neigh(169,100) d=4 terrain=10 cost=2.00
    neigh(168,100) d=5 terrain=10 cost=2.00
    neigh(168,99) d=6 terrain=10 cost=2.00
    neigh(168,98) d=7 terrain=10 cost=2.00
  expand #20: (166,100) boat=1 g=12.60 terrain=10 f_top=49.52
    neigh(166,99) d=0 terrain=10 cost=2.00
    neigh(167,99) d=1 terrain=10 cost=2.00
    neigh(167,100) d=2 terrain=10 cost=2.00
    neigh(167,101) d=3 terrain=10 cost=2.70
    neigh(166,101) d=4 terrain=10 cost=2.00
    neigh(165,101) d=5 terrain=10 cost=2.00
    neigh(165,100) d=6 terrain=10 cost=2.00
    neigh(165,99) d=7 terrain=10 cost=2.00
  FOUND dest at expand #2783, cost=122.63
  result=122.63 expanded=2783 open_remaining=754 term=FOUND
  timing: init=28.8us search=1427.1us total=1455.9us  per-expand=0.51us
  heap: pushes=5259 pops=4505 stale_pops=1722 peak_open=762
  neigh: total=22256 oob=0 diag_blocked=485 cost_inf=42 already_closed=10248 worse_g=6223 relaxed=5258

=== cost_to(156,156)->(121,123) boat=1 sh=40 tr=40 mn=40 arm=40 budget=16000 src_terrain=10 dst_terrain=4 ===
  expand #1: (156,156) boat=1 g=0.00 terrain=10 f_top=48.53
    neigh(156,155) d=0 terrain=10 cost=12.00
    neigh(157,155) d=1 terrain=10 cost=11.00
    neigh(157,156) d=2 terrain=10 cost=2.00
    neigh(157,157) d=3 terrain=10 cost=2.00
    neigh(156,157) d=4 terrain=10 cost=2.00
    neigh(155,157) d=5 terrain=10 cost=2.00
    neigh(155,156) d=6 terrain=10 cost=2.00
    neigh(155,155) d=7 terrain=10 cost=13.00
  expand #2: (155,156) boat=1 g=2.00 terrain=10 f_top=49.53
    neigh(155,155) d=0 terrain=10 cost=13.00
    neigh(156,155) d=1 terrain=10 cost=12.00
    neigh(156,156) d=2 terrain=10 cost=2.00
    neigh(156,157) d=3 terrain=10 cost=2.00
    neigh(155,157) d=4 terrain=10 cost=2.00
    neigh(154,157) d=5 terrain=10 cost=2.00
    neigh(154,156) d=6 terrain=10 cost=8.00
    neigh(154,155) d=7 terrain=10 cost=14.00
  expand #3: (155,157) boat=1 g=2.82 terrain=10 f_top=50.76
    neigh(155,156) d=0 terrain=10 cost=2.00
    neigh(156,156) d=1 terrain=10 cost=2.00
    neigh(156,157) d=2 terrain=10 cost=2.00
    neigh(156,158) d=3 terrain=10 cost=2.00
    neigh(155,158) d=4 terrain=10 cost=2.00
    neigh(154,158) d=5 terrain=10 cost=2.00
    neigh(154,157) d=6 terrain=10 cost=2.00
    neigh(154,156) d=7 terrain=10 cost=8.00
  expand #4: (156,157) boat=1 g=2.00 terrain=10 f_top=50.94
    neigh(156,156) d=0 terrain=10 cost=2.00
    neigh(157,156) d=1 terrain=10 cost=2.00
    neigh(157,157) d=2 terrain=10 cost=2.00
    neigh(157,158) d=3 terrain=10 cost=2.00
    neigh(156,158) d=4 terrain=10 cost=2.00
    neigh(155,158) d=5 terrain=10 cost=2.00
    neigh(155,157) d=6 terrain=10 cost=2.00
    neigh(155,156) d=7 terrain=10 cost=2.00
  expand #5: (157,156) boat=1 g=2.00 terrain=10 f_top=51.53
    neigh(157,155) d=0 terrain=10 cost=11.00
    neigh(158,155) d=1 terrain=10 cost=9.00
    neigh(158,156) d=2 terrain=10 cost=2.00
    neigh(158,157) d=3 terrain=10 cost=2.00
    neigh(157,157) d=4 terrain=10 cost=2.00
    neigh(156,157) d=5 terrain=10 cost=2.00
    neigh(156,156) d=6 terrain=10 cost=2.00
    neigh(156,155) d=7 terrain=10 cost=12.00
  expand #6: (157,157) boat=1 g=2.82 terrain=10 f_top=52.76
    neigh(157,156) d=0 terrain=10 cost=2.00
    neigh(158,156) d=1 terrain=10 cost=2.00
    neigh(158,157) d=2 terrain=10 cost=2.00
    neigh(158,158) d=3 terrain=10 cost=2.00
    neigh(157,158) d=4 terrain=10 cost=2.00
    neigh(156,158) d=5 terrain=10 cost=2.00
    neigh(156,157) d=6 terrain=10 cost=2.00
    neigh(156,156) d=7 terrain=10 cost=2.00
  expand #7: (156,158) boat=1 g=4.00 terrain=10 f_top=53.35
    neigh(156,157) d=0 terrain=10 cost=2.00
    neigh(157,157) d=1 terrain=10 cost=2.00
    neigh(157,158) d=2 terrain=10 cost=2.00
    neigh(157,159) d=3 terrain=10 cost=2.00
    neigh(156,159) d=4 terrain=10 cost=2.00
    neigh(155,159) d=5 terrain=10 cost=2.00
    neigh(155,158) d=6 terrain=10 cost=2.00
    neigh(155,157) d=7 terrain=10 cost=2.00
  expand #8: (154,158) boat=1 g=5.64 terrain=10 f_top=54.17
    neigh(154,157) d=0 terrain=10 cost=2.00
    neigh(155,157) d=1 terrain=10 cost=2.00
    neigh(155,158) d=2 terrain=10 cost=2.00
    neigh(155,159) d=3 terrain=10 cost=2.00
    neigh(154,159) d=4 terrain=10 cost=2.00
    neigh(153,159) d=5 terrain=10 cost=2.00
    neigh(153,158) d=6 terrain=10 cost=2.00
    neigh(153,157) d=7 terrain=10 cost=2.00
  expand #9: (154,157) boat=1 g=6.82 terrain=10 f_top=54.35
    neigh(154,156) d=0 terrain=10 cost=8.00
    neigh(155,156) d=1 terrain=10 cost=2.00
    neigh(155,157) d=2 terrain=10 cost=2.00
    neigh(155,158) d=3 terrain=10 cost=2.00
    neigh(154,158) d=4 terrain=10 cost=2.00
    neigh(153,158) d=5 terrain=10 cost=2.00
    neigh(153,157) d=6 terrain=10 cost=2.00
    neigh(153,156) d=7 terrain=10 cost=2.00
  expand #10: (158,156) boat=1 g=4.00 terrain=10 f_top=54.53
    neigh(158,155) d=0 terrain=10 cost=9.00
    neigh(159,155) d=1 terrain=10 cost=2.00
    neigh(159,156) d=2 terrain=10 cost=2.00
    neigh(159,157) d=3 terrain=10 cost=2.00
    neigh(158,157) d=4 terrain=10 cost=2.00
    neigh(157,157) d=5 terrain=10 cost=2.00
    neigh(157,156) d=6 terrain=10 cost=2.00
    neigh(157,155) d=7 terrain=10 cost=11.00
  expand #11: (155,158) boat=1 g=6.82 terrain=10 f_top=55.76
    neigh(155,157) d=0 terrain=10 cost=2.00
    neigh(156,157) d=1 terrain=10 cost=2.00
    neigh(156,158) d=2 terrain=10 cost=2.00
    neigh(156,159) d=3 terrain=10 cost=2.00
    neigh(155,159) d=4 terrain=10 cost=2.00
    neigh(154,159) d=5 terrain=10 cost=2.00
    neigh(154,158) d=6 terrain=10 cost=2.00
    neigh(154,157) d=7 terrain=10 cost=2.00
  expand #12: (153,157) boat=1 g=8.82 terrain=10 f_top=55.94
    neigh(153,156) d=0 terrain=10 cost=2.00
    neigh(154,156) d=1 terrain=10 cost=8.00
    neigh(154,157) d=2 terrain=10 cost=2.00
    neigh(154,158) d=3 terrain=10 cost=2.00
    neigh(153,158) d=4 terrain=10 cost=2.00
    neigh(152,158) d=5 terrain=10 cost=2.00
    neigh(152,157) d=6 terrain=10 cost=2.00
    neigh(152,156) d=7 terrain=10 cost=2.00
  expand #13: (156,159) boat=1 g=6.00 terrain=10 f_top=56.35
    neigh(156,158) d=0 terrain=10 cost=2.00
    neigh(157,158) d=1 terrain=10 cost=2.00
    neigh(157,159) d=2 terrain=10 cost=2.00
    neigh(157,160) d=3 terrain=10 cost=2.00
    neigh(156,160) d=4 terrain=10 cost=2.00
    neigh(155,160) d=5 terrain=10 cost=2.00
    neigh(155,159) d=6 terrain=10 cost=2.00
    neigh(155,158) d=7 terrain=10 cost=2.00
  expand #14: (154,156) boat=1 g=10.00 terrain=10 f_top=56.53
    neigh(154,155) d=0 terrain=10 cost=14.00
    neigh(155,155) d=1 terrain=10 cost=13.00
    neigh(155,156) d=2 terrain=10 cost=2.00
    neigh(155,157) d=3 terrain=10 cost=2.00
    neigh(154,157) d=4 terrain=10 cost=2.00
    neigh(153,157) d=5 terrain=10 cost=2.00
    neigh(153,156) d=6 terrain=10 cost=2.00
    neigh(153,155) d=7 terrain=10 cost=13.00
  expand #15: (158,158) boat=1 g=5.64 terrain=10 f_top=56.99
    neigh(158,157) d=0 terrain=10 cost=2.00
    neigh(159,157) d=1 terrain=10 cost=2.00
    neigh(159,158) d=2 terrain=10 cost=2.00
    neigh(159,159) d=3 terrain=10 cost=2.00
    neigh(158,159) d=4 terrain=10 cost=2.00
    neigh(157,159) d=5 terrain=10 cost=2.00
    neigh(157,158) d=6 terrain=10 cost=2.00
    neigh(157,157) d=7 terrain=10 cost=2.00
  expand #16: (157,158) boat=1 g=6.82 terrain=10 f_top=57.17
    neigh(157,157) d=0 terrain=10 cost=2.00
    neigh(158,157) d=1 terrain=10 cost=2.00
    neigh(158,158) d=2 terrain=10 cost=2.00
    neigh(158,159) d=3 terrain=10 cost=2.00
    neigh(157,159) d=4 terrain=10 cost=2.00
    neigh(156,159) d=5 terrain=10 cost=2.00
    neigh(156,158) d=6 terrain=10 cost=2.00
    neigh(156,157) d=7 terrain=10 cost=2.00
  expand #17: (159,156) boat=1 g=6.00 terrain=10 f_top=57.53
    neigh(159,155) d=0 terrain=10 cost=2.00
=== cost_to(172,100)->(165,146) boat=1 sh=40 tr=40 mn=40 arm=40 budget=16000 src_terrain=10 dst_terrain=4 ===
    neigh(160,155) d=1 terrain=10 cost=2.00
    neigh(160,156) d=2 terrain=10 cost=2.00
    neigh(160,157) d=3 terrain=10 cost=2.00
    neigh(159,157) d=4 terrain=10 cost=2.00
    neigh(158,157) d=5 terrain=10 cost=2.00
    neigh(158,156) d=6 terrain=10 cost=2.00
    neigh(158,155) d=7 terrain=10 cost=9.00
  expand #18: (152,157) boat=1 g=10.82 terrain=10 f_top=57.53
    neigh(152,156) d=0 terrain=10 cost=2.00
    neigh(153,156) d=1 terrain=10 cost=2.00
    neigh(153,157) d=2 terrain=10 cost=2.00
    neigh(153,158) d=3 terrain=10 cost=2.00
  expand #1: (172,100) boat=1 g=0.00 terrain=10 f_top=48.87
    neigh(172,99) d=0 terrain=10 cost=2.00
    neigh(173,99) d=1 terrain=10 cost=2.00
    neigh(173,100) d=2 terrain=10 cost=2.00
    neigh(173,101) d=3 terrain=10 cost=12.00
    neigh(152,158) d=4 terrain=10 cost=2.00
    neigh(172,101) d=4 terrain=10 cost=13.00
    neigh(171,101) d=5 terrain=10 cost=14.00
    neigh(171,100) d=6 terrain=10 cost=8.00
    neigh(171,99) d=7 terrain=10 cost=2.00
  expand #2: (173,100) boat=1 g=2.00 terrain=10 f_top=51.28
    neigh(173,99) d=0 terrain=10 cost=2.00
    neigh(174,99) d=1 terrain=10 cost=2.00
    neigh(174,100) d=2 terrain=10 cost=2.00
    neigh(174,101) d=3 terrain=10 cost=7.00
    neigh(173,101) d=4 terrain=10 cost=12.00
    neigh(172,101) d=5 terrain=10 cost=13.00
    neigh(172,100) d=6 terrain=10 cost=2.00
    neigh(172,99) d=7 terrain=10 cost=2.00
  expand #3: (172,99) boat=1 g=2.00 terrain=10 f_top=51.87
    neigh(172,98) d=0 terrain=10 cost=2.00
    neigh(173,98) d=1 terrain=10 cost=2.00
    neigh(173,99) d=2 terrain=10 cost=2.00
    neigh(173,100) d=3 terrain=10 cost=2.00
    neigh(172,100) d=4 terrain=10 cost=2.00
    neigh(171,100) d=5 terrain=10 cost=8.00
    neigh(171,99) d=6 terrain=10 cost=2.00
    neigh(171,98) d=7 terrain=10 cost=2.00
  expand #4: (171,99) boat=1 g=2.82 terrain=10 f_top=52.28
    neigh(171,98) d=0 terrain=10 cost=2.00
    neigh(172,98) d=1 terrain=10 cost=2.00
    neigh(172,99) d=2 terrain=10 cost=2.00
    neigh(172,100) d=3 terrain=10 cost=2.00
    neigh(171,100) d=4 terrain=10 cost=8.00
    neigh(170,100) d=5 terrain=10 cost=2.00
    neigh(170,99) d=6 terrain=10 cost=2.00
    neigh(170,98) d=7 terrain=10 cost=2.00
    neigh(151,158) d=5 terrain=10 cost=2.00
  expand #5: (173,99) boat=1 g=2.82 terrain=10 f_top=53.10
    neigh(173,98) d=0 terrain=10 cost=2.00
    neigh(174,98) d=1 terrain=10 cost=2.00
    neigh(174,99) d=2 terrain=10 cost=2.00
    neigh(174,100) d=3 terrain=10 cost=2.00
    neigh(173,100) d=4 terrain=10 cost=2.00
    neigh(172,100) d=5 terrain=10 cost=2.00
    neigh(172,99) d=6 terrain=10 cost=2.00
    neigh(172,98) d=7 terrain=10 cost=2.00
  expand #6: (174,100) boat=1 g=4.00 terrain=10 f_top=53.69
    neigh(174,99) d=0 terrain=10 cost=2.00
    neigh(175,99) d=1 terrain=10 cost=2.00
    neigh(175,100) d=2 terrain=10 cost=2.00
    neigh(151,157) d=6 terrain=10 cost=2.00
    neigh(175,101) d=3 terrain=10 cost=6.00
    neigh(174,101) d=4 terrain=10 cost=7.00
    neigh(173,101) d=5 terrain=10 cost=12.00
    neigh(173,100) d=6 terrain=10 cost=2.00
    neigh(173,99) d=7 terrain=10 cost=2.00
  expand #7: (172,98) boat=1 g=4.00 terrain=10 f_top=54.87
    neigh(172,97) d=0 terrain=10 cost=2.00
    neigh(151,156) d=7 terrain=10 cost=2.00
  expand #19: (153,159) boat=1 g=8.46 terrain=10 f_top=57.58
    neigh(153,158) d=0 terrain=10 cost=2.00
    neigh(173,97) d=1 terrain=10 cost=2.00
    neigh(154,158) d=1 terrain=10 cost=2.00
    neigh(154,159) d=2 terrain=10 cost=2.00
    neigh(154,160) d=3 terrain=10 cost=2.00
    neigh(153,160) d=4 terrain=10 cost=2.00
    neigh(152,160) d=5 terrain=10 cost=2.00
    neigh(152,159) d=6 terrain=10 cost=2.00
    neigh(152,158) d=7 terrain=10 cost=2.00
  expand #20: (153,158) boat=1 g=9.64 terrain=10 f_top=57.76
    neigh(153,157) d=0 terrain=10 cost=2.00
    neigh(154,157) d=1 terrain=10 cost=2.00
    neigh(154,158) d=2 terrain=10 cost=2.00
    neigh(154,159) d=3 terrain=10 cost=2.00
    neigh(153,159) d=4 terrain=10 cost=2.00
    neigh(152,159) d=5 terrain=10 cost=2.00
    neigh(152,158) d=6 terrain=10 cost=2.00
    neigh(152,157) d=7 terrain=10 cost=2.00
    neigh(173,98) d=2 terrain=10 cost=2.00
    neigh(173,99) d=3 terrain=10 cost=2.00
    neigh(172,99) d=4 terrain=10 cost=2.00
    neigh(171,99) d=5 terrain=10 cost=2.00
    neigh(171,98) d=6 terrain=10 cost=2.00
    neigh(171,97) d=7 terrain=10 cost=2.00
  expand #8: (170,98) boat=1 g=5.64 terrain=10 f_top=55.69
    neigh(170,97) d=0 terrain=10 cost=2.00
    neigh(171,97) d=1 terrain=10 cost=2.00
    neigh(171,98) d=2 terrain=10 cost=2.00
    neigh(171,99) d=3 terrain=10 cost=2.00
    neigh(170,99) d=4 terrain=10 cost=2.00
    neigh(169,99) d=5 terrain=10 cost=2.00
    neigh(169,98) d=6 terrain=10 cost=2.00
    neigh(169,97) d=7 terrain=10 cost=2.00
  expand #9: (170,99) boat=1 g=6.82 terrain=10 f_top=55.87
    neigh(170,98) d=0 terrain=10 cost=2.00
    neigh(171,98) d=1 terrain=10 cost=2.00
    neigh(171,99) d=2 terrain=10 cost=2.00
    neigh(171,100) d=3 terrain=10 cost=8.00
    neigh(170,100) d=4 terrain=10 cost=2.00
    neigh(169,100) d=5 terrain=10 cost=2.00
    neigh(169,99) d=6 terrain=10 cost=2.00
    neigh(169,98) d=7 terrain=10 cost=2.00
  expand #10: (175,100) boat=1 g=6.00 terrain=10 f_top=56.10
    neigh(175,99) d=0 terrain=10 cost=2.00
    neigh(176,99) d=1 terrain=10 cost=2.00
    neigh(176,100) d=2 terrain=10 cost=2.00
    neigh(176,101) d=3 terrain=10 cost=2.00
    neigh(175,101) d=4 terrain=10 cost=6.00
    neigh(174,101) d=5 terrain=10 cost=7.00
    neigh(174,100) d=6 terrain=10 cost=2.00
    neigh(174,99) d=7 terrain=10 cost=2.00
  expand #11: (171,100) boat=1 g=8.00 terrain=10 f_top=56.46
    neigh(171,99) d=0 terrain=10 cost=2.00
    neigh(172,99) d=1 terrain=10 cost=2.00
    neigh(172,100) d=2 terrain=10 cost=2.00
    neigh(172,101) d=3 terrain=10 cost=13.00
    neigh(171,101) d=4 terrain=10 cost=14.00
    neigh(170,101) d=5 terrain=10 cost=13.00
    neigh(170,100) d=6 terrain=10 cost=2.00
    neigh(170,99) d=7 terrain=10 cost=2.00
  expand #12: (171,98) boat=1 g=6.82 terrain=10 f_top=57.28
    neigh(171,97) d=0 terrain=10 cost=2.00
    neigh(172,97) d=1 terrain=10 cost=2.00
    neigh(172,98) d=2 terrain=10 cost=2.00
    neigh(172,99) d=3 terrain=10 cost=2.00
    neigh(171,99) d=4 terrain=10 cost=2.00
    neigh(170,99) d=5 terrain=10 cost=2.00
    neigh(170,98) d=6 terrain=10 cost=2.00
    neigh(170,97) d=7 terrain=10 cost=2.00
  expand #13: (174,98) boat=1 g=5.64 terrain=10 f_top=57.33
    neigh(174,97) d=0 terrain=10 cost=2.00
    neigh(175,97) d=1 terrain=10 cost=2.00
    neigh(175,98) d=2 terrain=10 cost=2.00
    neigh(175,99) d=3 terrain=10 cost=2.00
    neigh(174,99) d=4 terrain=10 cost=2.00
    neigh(173,99) d=5 terrain=10 cost=2.00
    neigh(173,98) d=6 terrain=10 cost=2.00
    neigh(173,97) d=7 terrain=10 cost=2.00
  expand #14: (169,99) boat=1 g=8.82 terrain=10 f_top=57.46
    neigh(169,98) d=0 terrain=10 cost=2.00
    neigh(170,98) d=1 terrain=10 cost=2.00
    neigh(170,99) d=2 terrain=10 cost=2.00
    neigh(170,100) d=3 terrain=10 cost=2.00
    neigh(169,100) d=4 terrain=10 cost=2.00
    neigh(168,100) d=5 terrain=10 cost=2.00
    neigh(168,99) d=6 terrain=10 cost=2.00
    neigh(168,98) d=7 terrain=10 cost=2.00
  expand #15: (174,99) boat=1 g=6.82 terrain=10 f_top=57.51
    neigh(174,98) d=0 terrain=10 cost=2.00
    neigh(175,98) d=1 terrain=10 cost=2.00
    neigh(175,99) d=2 terrain=10 cost=2.00
    neigh(175,100) d=3 terrain=10 cost=2.00
    neigh(174,100) d=4 terrain=10 cost=2.00
    neigh(173,100) d=5 terrain=10 cost=2.00
    neigh(173,99) d=6 terrain=10 cost=2.00
    neigh(173,98) d=7 terrain=10 cost=2.00
  expand #16: (172,97) boat=1 g=6.00 terrain=10 f_top=57.87
    neigh(172,96) d=0 terrain=10 cost=2.00
    neigh(173,96) d=1 terrain=10 cost=2.00
    neigh(173,97) d=2 terrain=10 cost=2.00
    neigh(173,98) d=3 terrain=10 cost=2.00
    neigh(172,98) d=4 terrain=10 cost=2.00
    neigh(171,98) d=5 terrain=10 cost=2.00
    neigh(171,97) d=6 terrain=10 cost=2.00
    neigh(171,96) d=7 terrain=10 cost=2.00
  expand #17: (170,100) boat=1 g=10.00 terrain=10 f_top=58.05
    neigh(170,99) d=0 terrain=10 cost=2.00
    neigh(171,99) d=1 terrain=10 cost=2.00
    neigh(171,100) d=2 terrain=10 cost=8.00
    neigh(171,101) d=3 terrain=10 cost=14.00
    neigh(170,101) d=4 terrain=10 cost=13.00
    neigh(169,101) d=5 terrain=10 cost=12.00
    neigh(169,100) d=6 terrain=10 cost=2.00
    neigh(169,99) d=7 terrain=10 cost=2.00
  expand #18: (173,98) boat=1 g=6.82 terrain=10 f_top=58.10
    neigh(173,97) d=0 terrain=10 cost=2.00
    neigh(174,97) d=1 terrain=10 cost=2.00
    neigh(174,98) d=2 terrain=10 cost=2.00
    neigh(174,99) d=3 terrain=10 cost=2.00
    neigh(173,99) d=4 terrain=10 cost=2.00
    neigh(172,99) d=5 terrain=10 cost=2.00
    neigh(172,98) d=6 terrain=10 cost=2.00
    neigh(172,97) d=7 terrain=10 cost=2.00
  expand #19: (176,100) boat=1 g=8.00 terrain=10 f_top=58.51
    neigh(176,99) d=0 terrain=10 cost=2.00
    neigh(177,99) d=1 terrain=10 cost=2.00
    neigh(177,100) d=2 terrain=10 cost=2.00
    neigh(177,101) d=3 terrain=10 cost=2.00
    neigh(176,101) d=4 terrain=10 cost=2.00
    neigh(175,101) d=5 terrain=10 cost=6.00
    neigh(175,100) d=6 terrain=10 cost=2.00
    neigh(175,99) d=7 terrain=10 cost=2.00
  expand #20: (168,99) boat=1 g=10.82 terrain=10 f_top=59.05
    neigh(168,98) d=0 terrain=10 cost=2.00
    neigh(169,98) d=1 terrain=10 cost=2.00
    neigh(169,99) d=2 terrain=10 cost=2.00
    neigh(169,100) d=3 terrain=10 cost=2.00
    neigh(168,100) d=4 terrain=10 cost=2.00
    neigh(167,100) d=5 terrain=10 cost=2.00
    neigh(167,99) d=6 terrain=10 cost=2.00
    neigh(167,98) d=7 terrain=10 cost=2.00
  FOUND dest at expand #4889, cost=162.22
  result=162.22 expanded=4889 open_remaining=1108 term=FOUND
  timing: init=30.4us search=1840.7us total=1871.1us  per-expand=0.38us
  heap: pushes=9604 pops=8496 stale_pops=3607 peak_open=1117
  neigh: total=39104 oob=0 diag_blocked=414 cost_inf=32 already_closed=18548 worse_g=10507 relaxed=9603

  FOUND dest at expand #6852, cost=192.60
  result=192.60 expanded=6852 open_remaining=1456 term=FOUND
  timing: init=36.6us search=2365.7us total=2402.3us  per-expand=0.35us
  heap: pushes=13026 pops=11570 stale_pops=4718 peak_open=1459
  neigh: total=54808 oob=0 diag_blocked=743 cost_inf=81 already_closed=25882 worse_g=15077 relaxed=13025

=== cost_to(172,100)->(154,146) boat=1 sh=40 tr=40 mn=40 arm=40 budget=16000 src_terrain=10 dst_terrain=2 ===
  expand #1: (172,100) boat=1 g=0.00 terrain=10 f_top=53.38
    neigh(172,99) d=0 terrain=10 cost=2.00
    neigh(173,99) d=1 terrain=10 cost=2.00
    neigh(173,100) d=2 terrain=10 cost=2.00
    neigh(173,101) d=3 terrain=10 cost=3.00
    neigh(172,101) d=4 terrain=10 cost=3.10
    neigh(171,101) d=5 terrain=10 cost=3.20
    neigh(171,100) d=6 terrain=10 cost=2.60
    neigh(171,99) d=7 terrain=10 cost=2.00
  expand #2: (172,101) boat=1 g=3.10 terrain=10 f_top=55.48
    neigh(172,100) d=0 terrain=10 cost=2.00
    neigh(173,100) d=1 terrain=10 cost=2.00
    neigh(173,101) d=2 terrain=10 cost=3.00
    neigh(173,102) d=3 terrain=1 cost=3.60
    neigh(172,102) d=4 terrain=1 cost=3.70
    neigh(171,102) d=5 terrain=1 cost=3.70
    neigh(171,101) d=6 terrain=10 cost=3.20
    neigh(171,100) d=7 terrain=10 cost=2.60
  expand #3: (171,100) boat=1 g=2.60 terrain=10 f_top=55.57
    neigh(171,99) d=0 terrain=10 cost=2.00
    neigh(172,99) d=1 terrain=10 cost=2.00
    neigh(172,100) d=2 terrain=10 cost=2.00
    neigh(172,101) d=3 terrain=10 cost=3.10
    neigh(171,101) d=4 terrain=10 cost=3.20
    neigh(170,101) d=5 terrain=10 cost=3.10
    neigh(170,100) d=6 terrain=10 cost=2.00
    neigh(170,99) d=7 terrain=10 cost=2.00
  expand #4: (173,100) boat=1 g=2.00 terrain=10 f_top=55.79
    neigh(173,99) d=0 terrain=10 cost=2.00
    neigh(174,99) d=1 terrain=10 cost=2.00
    neigh(174,100) d=2 terrain=10 cost=2.00
    neigh(174,101) d=3 terrain=10 cost=2.50
    neigh(173,101) d=4 terrain=10 cost=3.00
    neigh(172,101) d=5 terrain=10 cost=3.10
    neigh(172,100) d=6 terrain=10 cost=2.00
    neigh(172,99) d=7 terrain=10 cost=2.00
  expand #5: (172,99) boat=1 g=2.00 terrain=10 f_top=56.38
    neigh(172,98) d=0 terrain=10 cost=2.00
=== cost_to(156,156)->(171,110) boat=1 sh=40 tr=40 mn=40 arm=40 budget=16000 src_terrain=10 dst_terrain=2 ===
    neigh(173,98) d=1 terrain=10 cost=2.00
    neigh(173,99) d=2 terrain=10 cost=2.00
    neigh(173,100) d=3 terrain=10 cost=2.00
    neigh(172,100) d=4 terrain=10 cost=2.00
    neigh(171,100) d=5 terrain=10 cost=2.60
    neigh(171,99) d=6 terrain=10 cost=2.00
    neigh(171,98) d=7 terrain=10 cost=2.00
  expand #6: (171,101) boat=1 g=4.51 terrain=10 f_top=56.48
    neigh(171,100) d=0 terrain=10 cost=2.60
    neigh(172,100) d=1 terrain=10 cost=2.00
    neigh(172,101) d=2 terrain=10 cost=3.10
    neigh(172,102) d=3 terrain=1 cost=3.70
    neigh(171,102) d=4 terrain=1 cost=3.70
    neigh(170,102) d=5 terrain=1 cost=3.70
    neigh(170,101) d=6 terrain=10 cost=3.10
    neigh(170,100) d=7 terrain=10 cost=2.00
  expand #7: (171,99) boat=1 g=2.82 terrain=10 f_top=56.79
    neigh(171,98) d=0 terrain=10 cost=2.00
    neigh(172,98) d=1 terrain=10 cost=2.00
    neigh(172,99) d=2 terrain=10 cost=2.00
    neigh(172,100) d=3 terrain=10 cost=2.00
    neigh(171,100) d=4 terrain=10 cost=2.60
    neigh(170,100) d=5 terrain=10 cost=2.00
    neigh(170,99) d=6 terrain=10 cost=2.00
    neigh(170,98) d=7 terrain=10 cost=2.00
  expand #8: (173,101) boat=1 g=4.23 terrain=10 f_top=57.02
    neigh(173,100) d=0 terrain=10 cost=2.00
    neigh(174,100) d=1 terrain=10 cost=2.00
    neigh(174,101) d=2 terrain=10 cost=2.50
    neigh(174,102) d=3 terrain=1 cost=2.90
    neigh(173,102) d=4 terrain=1 cost=3.60
    neigh(172,102) d=5 terrain=1 cost=3.70
    neigh(172,101) d=6 terrain=10 cost=3.10
    neigh(172,100) d=7 terrain=10 cost=2.00
  expand #9: (170,100) boat=1 g=4.60 terrain=10 f_top=57.16
    neigh(170,99) d=0 terrain=10 cost=2.00
    neigh(171,99) d=1 terrain=10 cost=2.00
    neigh(171,100) d=2 terrain=10 cost=2.60
    neigh(171,101) d=3 terrain=10 cost=3.20
    neigh(170,101) d=4 terrain=10 cost=3.10
    neigh(169,101) d=5 terrain=10 cost=3.00
    neigh(169,100) d=6 terrain=10 cost=2.00
    neigh(169,99) d=7 terrain=10 cost=2.00
  expand #10: (173,99) boat=1 g=2.82 terrain=10 f_top=57.61
    neigh(173,98) d=0 terrain=10 cost=2.00
    neigh(174,98) d=1 terrain=10 cost=2.00
    neigh(174,99) d=2 terrain=10 cost=2.00
    neigh(174,100) d=3 terrain=10 cost=2.00
    neigh(173,100) d=4 terrain=10 cost=2.00
    neigh(172,100) d=5 terrain=10 cost=2.00
    neigh(172,99) d=6 terrain=10 cost=2.00
    neigh(172,98) d=7 terrain=10 cost=2.00
  expand #11: (172,102) boat=1 g=6.80 terrain=1 f_top=58.18
    neigh(172,101) d=0 terrain=10 cost=3.10
    neigh(173,101) d=1 terrain=10 cost=3.00
    neigh(173,102) d=2 terrain=1 cost=3.60
    neigh(172,103) d=4 terrain=2 cost=20.27
  expand #1: (156,156) boat=1 g=0.00 terrain=10 f_top=52.15
    neigh(171,102) d=6 terrain=1 cost=3.70
    neigh(171,101) d=7 terrain=10 cost=3.20
  expand #12: (174,100) boat=1 g=4.00 terrain=10 f_top=58.20
    neigh(174,99) d=0 terrain=10 cost=2.00
    neigh(175,99) d=1 terrain=10 cost=2.00
    neigh(175,100) d=2 terrain=10 cost=2.00
    neigh(175,101) d=3 terrain=10 cost=2.40
    neigh(174,101) d=4 terrain=10 cost=2.50
    neigh(173,101) d=5 terrain=10 cost=3.00
    neigh(173,100) d=6 terrain=10 cost=2.00
    neigh(173,99) d=7 terrain=10 cost=2.00
  expand #13: (169,100) boat=1 g=6.60 terrain=10 f_top=58.75
    neigh(169,99) d=0 terrain=10 cost=2.00
    neigh(170,99) d=1 terrain=10 cost=2.00
    neigh(170,100) d=2 terrain=10 cost=2.00
    neigh(170,101) d=3 terrain=10 cost=3.10
    neigh(169,101) d=4 terrain=10 cost=3.00
    neigh(168,101) d=5 terrain=10 cost=2.90
    neigh(168,100) d=6 terrain=10 cost=2.00
    neigh(168,99) d=7 terrain=10 cost=2.00
  expand #14: (172,98) boat=1 g=4.00 terrain=10 f_top=59.38
    neigh(172,97) d=0 terrain=10 cost=2.00
    neigh(173,97) d=1 terrain=10 cost=2.00
    neigh(173,98) d=2 terrain=10 cost=2.00
    neigh(173,99) d=3 terrain=10 cost=2.00
    neigh(172,99) d=4 terrain=10 cost=2.00
    neigh(171,99) d=5 terrain=10 cost=2.00
    neigh(171,98) d=6 terrain=10 cost=2.00
    neigh(171,97) d=7 terrain=10 cost=2.00
  expand #15: (170,98) boat=1 g=5.64 terrain=10 f_top=60.20
    neigh(170,97) d=0 terrain=10 cost=2.00
    neigh(156,155) d=0 terrain=10 cost=3.00
    neigh(171,97) d=1 terrain=10 cost=2.00
    neigh(171,98) d=2 terrain=10 cost=2.00
    neigh(171,99) d=3 terrain=10 cost=2.00
    neigh(170,99) d=4 terrain=10 cost=2.00
    neigh(169,99) d=5 terrain=10 cost=2.00
    neigh(169,98) d=6 terrain=10 cost=2.00
    neigh(169,97) d=7 terrain=10 cost=2.00
  expand #16: (170,102) boat=1 g=9.73 terrain=1 f_top=60.29
    neigh(170,101) d=0 terrain=10 cost=3.10
    neigh(171,101) d=1 terrain=10 cost=3.20
    neigh(171,102) d=2 terrain=1 cost=3.70
    neigh(170,103) d=4 terrain=2 cost=20.27
    neigh(169,102) d=6 terrain=1 cost=3.60
    neigh(169,101) d=7 terrain=10 cost=3.00
  expand #17: (168,100) boat=1 g=8.60 terrain=10 f_top=60.34
    neigh(168,99) d=0 terrain=10 cost=2.00
    neigh(169,99) d=1 terrain=10 cost=2.00
    neigh(169,100) d=2 terrain=10 cost=2.00
    neigh(169,101) d=3 terrain=10 cost=3.00
    neigh(168,101) d=4 terrain=10 cost=2.90
    neigh(167,101) d=5 terrain=10 cost=2.70
    neigh(167,100) d=6 terrain=10 cost=2.00
    neigh(167,99) d=7 terrain=10 cost=2.00
  expand #18: (170,99) boat=1 g=6.82 terrain=10 f_top=60.38
    neigh(170,98) d=0 terrain=10 cost=2.00
    neigh(171,98) d=1 terrain=10 cost=2.00
    neigh(171,99) d=2 terrain=10 cost=2.00
    neigh(171,100) d=3 terrain=10 cost=2.60
    neigh(170,100) d=4 terrain=10 cost=2.00
    neigh(169,100) d=5 terrain=10 cost=2.00
    neigh(169,99) d=6 terrain=10 cost=2.00
    neigh(169,98) d=7 terrain=10 cost=2.00
  expand #19: (174,102) boat=1 g=8.32 terrain=1 f_top=60.52
    neigh(174,101) d=0 terrain=10 cost=2.50
    neigh(175,101) d=1 terrain=10 cost=2.40
    neigh(175,102) d=2 terrain=1 cost=2.70
    neigh(174,103) d=4 terrain=2 cost=14.40
    neigh(173,102) d=6 terrain=1 cost=3.60
    neigh(173,101) d=7 terrain=10 cost=3.00
  expand #20: (175,100) boat=1 g=6.00 terrain=10 f_top=60.61
    neigh(175,99) d=0 terrain=10 cost=2.00
    neigh(176,99) d=1 terrain=10 cost=2.00
    neigh(176,100) d=2 terrain=10 cost=2.00
    neigh(176,101) d=3 terrain=10 cost=2.00
    neigh(175,101) d=4 terrain=10 cost=2.40
    neigh(174,101) d=5 terrain=10 cost=2.50
    neigh(174,100) d=6 terrain=10 cost=2.00
    neigh(174,99) d=7 terrain=10 cost=2.00
    neigh(157,155) d=1 terrain=10 cost=2.90
    neigh(157,156) d=2 terrain=10 cost=2.00
    neigh(157,157) d=3 terrain=10 cost=2.00
    neigh(156,157) d=4 terrain=10 cost=2.00
    neigh(155,157) d=5 terrain=10 cost=2.00
    neigh(155,156) d=6 terrain=10 cost=2.00
    neigh(155,155) d=7 terrain=10 cost=3.10
  expand #2: (157,156) boat=1 g=2.00 terrain=10 f_top=53.74
    neigh(157,155) d=0 terrain=10 cost=2.90
    neigh(158,155) d=1 terrain=10 cost=2.70
    neigh(158,156) d=2 terrain=10 cost=2.00
    neigh(158,157) d=3 terrain=10 cost=2.00
    neigh(157,157) d=4 terrain=10 cost=2.00
    neigh(156,157) d=5 terrain=10 cost=2.00
    neigh(156,156) d=6 terrain=10 cost=2.00
    neigh(156,155) d=7 terrain=10 cost=3.00
  expand #3: (156,155) boat=1 g=3.00 terrain=10 f_top=54.15
    neigh(156,154) d=0 terrain=10 cost=3.60
    neigh(157,154) d=1 terrain=10 cost=3.40
    neigh(157,155) d=2 terrain=10 cost=2.90
    neigh(157,156) d=3 terrain=10 cost=2.00
    neigh(156,156) d=4 terrain=10 cost=2.00
    neigh(155,156) d=5 terrain=10 cost=2.00
    neigh(155,155) d=6 terrain=10 cost=3.10
    neigh(155,154) d=7 terrain=10 cost=3.70
  expand #4: (155,156) boat=1 g=2.00 terrain=10 f_top=54.56
    neigh(155,155) d=0 terrain=10 cost=3.10
    neigh(156,155) d=1 terrain=10 cost=3.00
    neigh(156,156) d=2 terrain=10 cost=2.00
    neigh(156,157) d=3 terrain=10 cost=2.00
    neigh(155,157) d=4 terrain=10 cost=2.00
    neigh(154,157) d=5 terrain=10 cost=2.00
    neigh(154,156) d=6 terrain=10 cost=2.60
    neigh(154,155) d=7 terrain=10 cost=3.20
  expand #5: (157,155) boat=1 g=4.09 terrain=10 f_top=54.83
    neigh(157,154) d=0 terrain=10 cost=3.40
    neigh(158,154) d=1 terrain=10 cost=3.20
    neigh(158,155) d=2 terrain=10 cost=2.70
    neigh(158,156) d=3 terrain=10 cost=2.00
    neigh(157,156) d=4 terrain=10 cost=2.00
    neigh(156,156) d=5 terrain=10 cost=2.00
    neigh(156,155) d=6 terrain=10 cost=3.00
    neigh(156,154) d=7 terrain=10 cost=3.60
  expand #6: (156,157) boat=1 g=2.00 terrain=10 f_top=55.15
    neigh(156,156) d=0 terrain=10 cost=2.00
    neigh(157,156) d=1 terrain=10 cost=2.00
    neigh(157,157) d=2 terrain=10 cost=2.00
    neigh(157,158) d=3 terrain=10 cost=2.00
    neigh(156,158) d=4 terrain=10 cost=2.00
    neigh(155,158) d=5 terrain=10 cost=2.00
    neigh(155,157) d=6 terrain=10 cost=2.00
    neigh(155,156) d=7 terrain=10 cost=2.00
  expand #7: (158,156) boat=1 g=4.00 terrain=10 f_top=55.33
    neigh(158,155) d=0 terrain=10 cost=2.70
    neigh(159,155) d=1 terrain=10 cost=2.00
    neigh(159,156) d=2 terrain=10 cost=2.00
    neigh(159,157) d=3 terrain=10 cost=2.00
    neigh(158,157) d=4 terrain=10 cost=2.00
    neigh(157,157) d=5 terrain=10 cost=2.00
    neigh(157,156) d=6 terrain=10 cost=2.00
    neigh(157,155) d=7 terrain=10 cost=2.90
  expand #8: (157,157) boat=1 g=2.82 terrain=10 f_top=55.56
    neigh(157,156) d=0 terrain=10 cost=2.00
    neigh(158,156) d=1 terrain=10 cost=2.00
    neigh(158,157) d=2 terrain=10 cost=2.00
    neigh(158,158) d=3 terrain=10 cost=2.00
    neigh(157,158) d=4 terrain=10 cost=2.00
    neigh(156,158) d=5 terrain=10 cost=2.00
    neigh(156,157) d=6 terrain=10 cost=2.00
    neigh(156,156) d=7 terrain=10 cost=2.00
  expand #9: (155,155) boat=1 g=4.37 terrain=10 f_top=55.93
    neigh(155,154) d=0 terrain=10 cost=3.70
    neigh(156,154) d=1 terrain=10 cost=3.60
    neigh(156,155) d=2 terrain=10 cost=3.00
    neigh(156,156) d=3 terrain=10 cost=2.00
    neigh(155,156) d=4 terrain=10 cost=2.00
    neigh(154,156) d=5 terrain=10 cost=2.60
    neigh(154,155) d=6 terrain=10 cost=3.20
    neigh(154,154) d=7 terrain=10 cost=3.70
  expand #10: (155,157) boat=1 g=2.82 terrain=10 f_top=56.38
    neigh(155,156) d=0 terrain=10 cost=2.00
    neigh(156,156) d=1 terrain=10 cost=2.00
    neigh(156,157) d=2 terrain=10 cost=2.00
    neigh(156,158) d=3 terrain=10 cost=2.00
    neigh(155,158) d=4 terrain=10 cost=2.00
    neigh(154,158) d=5 terrain=10 cost=2.00
    neigh(154,157) d=6 terrain=10 cost=2.00
    neigh(154,156) d=7 terrain=10 cost=2.60
  expand #11: (156,154) boat=1 g=6.60 terrain=10 f_top=56.75
    neigh(156,153) d=0 terrain=1 cost=4.20
    neigh(157,153) d=1 terrain=1 cost=4.00
    neigh(157,154) d=2 terrain=10 cost=3.40
    neigh(157,155) d=3 terrain=10 cost=2.90
    neigh(156,155) d=4 terrain=10 cost=3.00
    neigh(155,155) d=5 terrain=10 cost=3.10
    neigh(155,154) d=6 terrain=10 cost=3.70
    neigh(155,153) d=7 terrain=1 cost=4.30
  expand #12: (159,156) boat=1 g=6.00 terrain=10 f_top=56.92
    neigh(159,155) d=0 terrain=10 cost=2.00
    neigh(160,155) d=1 terrain=10 cost=2.00
    neigh(160,156) d=2 terrain=10 cost=2.00
    neigh(160,157) d=3 terrain=10 cost=2.00
    neigh(159,157) d=4 terrain=10 cost=2.00
    neigh(158,157) d=5 terrain=10 cost=2.00
    neigh(158,156) d=6 terrain=10 cost=2.00
    neigh(158,155) d=7 terrain=10 cost=2.70
  expand #13: (154,156) boat=1 g=4.60 terrain=10 f_top=57.57
    neigh(154,155) d=0 terrain=10 cost=3.20
    neigh(155,155) d=1 terrain=10 cost=3.10
    neigh(155,156) d=2 terrain=10 cost=2.00
    neigh(155,157) d=3 terrain=10 cost=2.00
    neigh(154,157) d=4 terrain=10 cost=2.00
    neigh(153,157) d=5 terrain=10 cost=2.00
    neigh(153,156) d=6 terrain=10 cost=2.00
    neigh(153,155) d=7 terrain=10 cost=3.10
  expand #14: (158,154) boat=1 g=8.60 terrain=10 f_top=57.93
    neigh(158,153) d=0 terrain=1 cost=3.70
    neigh(159,153) d=1 terrain=1 cost=3.40
    neigh(159,154) d=2 terrain=10 cost=2.90
    neigh(159,155) d=3 terrain=10 cost=2.00
    neigh(158,155) d=4 terrain=10 cost=2.70
    neigh(157,155) d=5 terrain=10 cost=2.90
    neigh(157,154) d=6 terrain=10 cost=3.40
    neigh(157,153) d=7 terrain=1 cost=4.00
  expand #15: (156,158) boat=1 g=4.00 terrain=10 f_top=58.15
    neigh(156,157) d=0 terrain=10 cost=2.00
    neigh(157,157) d=1 terrain=10 cost=2.00
    neigh(157,158) d=2 terrain=10 cost=2.00
    neigh(157,159) d=3 terrain=10 cost=2.00
    neigh(156,159) d=4 terrain=10 cost=2.00
    neigh(155,159) d=5 terrain=10 cost=2.00
    neigh(155,158) d=6 terrain=10 cost=2.00
    neigh(155,157) d=7 terrain=10 cost=2.00
  expand #16: (160,156) boat=1 g=8.00 terrain=10 f_top=58.51
    neigh(160,155) d=0 terrain=10 cost=2.00
    neigh(161,155) d=1 terrain=10 cost=2.00
    neigh(161,156) d=2 terrain=10 cost=2.00
    neigh(161,157) d=3 terrain=10 cost=2.00
    neigh(160,157) d=4 terrain=10 cost=2.00
    neigh(159,157) d=5 terrain=10 cost=2.00
    neigh(159,156) d=6 terrain=10 cost=2.00
    neigh(159,155) d=7 terrain=10 cost=2.00
  expand #17: (158,155) boat=1 g=8.63 terrain=10 f_top=58.96
    neigh(158,154) d=0 terrain=10 cost=3.20
    neigh(159,154) d=1 terrain=10 cost=2.90
    neigh(159,155) d=2 terrain=10 cost=2.00
    neigh(159,156) d=3 terrain=10 cost=2.00
    neigh(158,156) d=4 terrain=10 cost=2.00
    neigh(157,156) d=5 terrain=10 cost=2.00
    neigh(157,155) d=6 terrain=10 cost=2.90
    neigh(157,154) d=7 terrain=10 cost=3.40
  expand #18: (158,158) boat=1 g=5.64 terrain=10 f_top=58.97
    neigh(158,157) d=0 terrain=10 cost=2.00
    neigh(159,157) d=1 terrain=10 cost=2.00
    neigh(159,158) d=2 terrain=10 cost=2.00
    neigh(159,159) d=3 terrain=10 cost=2.00
    neigh(158,159) d=4 terrain=10 cost=2.00
    neigh(157,159) d=5 terrain=10 cost=2.00
    neigh(157,158) d=6 terrain=10 cost=2.00
    neigh(157,157) d=7 terrain=10 cost=2.00
  expand #19: (158,157) boat=1 g=6.82 terrain=10 f_top=59.15
    neigh(158,156) d=0 terrain=10 cost=2.00
    neigh(159,156) d=1 terrain=10 cost=2.00
    neigh(159,157) d=2 terrain=10 cost=2.00
    neigh(159,158) d=3 terrain=10 cost=2.00
    neigh(158,158) d=4 terrain=10 cost=2.00
    neigh(157,158) d=5 terrain=10 cost=2.00
    neigh(157,157) d=6 terrain=10 cost=2.00
    neigh(157,156) d=7 terrain=10 cost=2.00
  expand #20: (157,154) boat=1 g=9.49 terrain=10 f_top=59.23
    neigh(157,153) d=0 terrain=1 cost=4.00
    neigh(158,153) d=1 terrain=1 cost=3.70
    neigh(158,154) d=2 terrain=10 cost=3.20
    neigh(158,155) d=3 terrain=10 cost=2.70
    neigh(157,155) d=4 terrain=10 cost=2.90
    neigh(156,155) d=5 terrain=10 cost=3.00
    neigh(156,154) d=6 terrain=10 cost=3.60
    neigh(156,153) d=7 terrain=1 cost=4.20
  result=1000000015047466219876688855040.00 expanded=16000 open_remaining=1648 term=BUDGET_EXHAUSTED
  timing: init=30.7us search=4387.0us total=4417.7us  per-expand=0.27us
  heap: pushes=28518 pops=26870 stale_pops=10870 peak_open=1731
  neigh: total=128000 oob=0 diag_blocked=1448 cost_inf=117 already_closed=61987 worse_g=35931 relaxed=28517

  result=1000000015047466219876688855040.00 expanded=16000 open_remaining=1667 term=BUDGET_EXHAUSTED
  timing: init=37.3us search=4645.3us total=4682.6us  per-expand=0.29us
  heap: pushes=28879 pops=27212 stale_pops=11212 peak_open=1673
  neigh: total=128000 oob=0 diag_blocked=1596 cost_inf=132 already_closed=62048 worse_g=35346 relaxed=28878

=== cost_to(172,100)->(154,139) boat=1 sh=40 tr=40 mn=40 arm=40 budget=16000 src_terrain=10 dst_terrain=4 ===
  expand #1: (172,100) boat=1 g=0.00 terrain=10 f_top=46.38
    neigh(172,99) d=0 terrain=10 cost=2.00
    neigh(173,99) d=1 terrain=10 cost=2.00
    neigh(173,100) d=2 terrain=10 cost=2.00
    neigh(173,101) d=3 terrain=10 cost=3.00
    neigh(172,101) d=4 terrain=10 cost=3.10
    neigh(171,101) d=5 terrain=10 cost=3.20
    neigh(171,100) d=6 terrain=10 cost=2.60
    neigh(171,99) d=7 terrain=10 cost=2.00
  expand #2: (172,101) boat=1 g=3.10 terrain=10 f_top=48.48
    neigh(172,100) d=0 terrain=10 cost=2.00
    neigh(173,100) d=1 terrain=10 cost=2.00
    neigh(173,101) d=2 terrain=10 cost=3.00
    neigh(173,102) d=3 terrain=1 cost=3.60
    neigh(172,102) d=4 terrain=1 cost=3.70
    neigh(171,102) d=5 terrain=1 cost=3.70
    neigh(171,101) d=6 terrain=10 cost=3.20
    neigh(171,100) d=7 terrain=10 cost=2.60
  expand #3: (171,100) boat=1 g=2.60 terrain=10 f_top=48.57
    neigh(171,99) d=0 terrain=10 cost=2.00
    neigh(172,99) d=1 terrain=10 cost=2.00
    neigh(172,100) d=2 terrain=10 cost=2.00
    neigh(172,101) d=3 terrain=10 cost=3.10
    neigh(171,101) d=4 terrain=10 cost=3.20
    neigh(170,101) d=5 terrain=10 cost=3.10
    neigh(170,100) d=6 terrain=10 cost=2.00
    neigh(170,99) d=7 terrain=10 cost=2.00
  expand #4: (173,100) boat=1 g=2.00 terrain=10 f_top=48.79
    neigh(173,99) d=0 terrain=10 cost=2.00
    neigh(174,99) d=1 terrain=10 cost=2.00
    neigh(174,100) d=2 terrain=10 cost=2.00
    neigh(174,101) d=3 terrain=10 cost=2.50
    neigh(173,101) d=4 terrain=10 cost=3.00
    neigh(172,101) d=5 terrain=10 cost=3.10
    neigh(172,100) d=6 terrain=10 cost=2.00
    neigh(172,99) d=7 terrain=10 cost=2.00
  expand #5: (172,99) boat=1 g=2.00 terrain=10 f_top=49.38
    neigh(172,98) d=0 terrain=10 cost=2.00
    neigh(173,98) d=1 terrain=10 cost=2.00
    neigh(173,99) d=2 terrain=10 cost=2.00
    neigh(173,100) d=3 terrain=10 cost=2.00
    neigh(172,100) d=4 terrain=10 cost=2.00
    neigh(171,100) d=5 terrain=10 cost=2.60
    neigh(171,99) d=6 terrain=10 cost=2.00
    neigh(171,98) d=7 terrain=10 cost=2.00
  expand #6: (171,101) boat=1 g=4.51 terrain=10 f_top=49.48
    neigh(171,100) d=0 terrain=10 cost=2.60
    neigh(172,100) d=1 terrain=10 cost=2.00
    neigh(172,101) d=2 terrain=10 cost=3.10
    neigh(172,102) d=3 terrain=1 cost=3.70
    neigh(171,102) d=4 terrain=1 cost=3.70
    neigh(170,102) d=5 terrain=1 cost=3.70
    neigh(170,101) d=6 terrain=10 cost=3.10
    neigh(170,100) d=7 terrain=10 cost=2.00
  expand #7: (171,99) boat=1 g=2.82 terrain=10 f_top=49.79
    neigh(171,98) d=0 terrain=10 cost=2.00
    neigh(172,98) d=1 terrain=10 cost=2.00
    neigh(172,99) d=2 terrain=10 cost=2.00
    neigh(172,100) d=3 terrain=10 cost=2.00
    neigh(171,100) d=4 terrain=10 cost=2.60
    neigh(170,100) d=5 terrain=10 cost=2.00
    neigh(170,99) d=6 terrain=10 cost=2.00
    neigh(170,98) d=7 terrain=10 cost=2.00
  expand #8: (173,101) boat=1 g=4.23 terrain=10 f_top=50.02
    neigh(173,100) d=0 terrain=10 cost=2.00
    neigh(174,100) d=1 terrain=10 cost=2.00
    neigh(174,101) d=2 terrain=10 cost=2.50
    neigh(174,102) d=3 terrain=1 cost=2.90
    neigh(173,102) d=4 terrain=1 cost=3.60
    neigh(172,102) d=5 terrain=1 cost=3.70
    neigh(172,101) d=6 terrain=10 cost=3.10
    neigh(172,100) d=7 terrain=10 cost=2.00
  expand #9: (170,100) boat=1 g=4.60 terrain=10 f_top=50.16
    neigh(170,99) d=0 terrain=10 cost=2.00
    neigh(171,99) d=1 terrain=10 cost=2.00
    neigh(171,100) d=2 terrain=10 cost=2.60
    neigh(171,101) d=3 terrain=10 cost=3.20
    neigh(170,101) d=4 terrain=10 cost=3.10
    neigh(169,101) d=5 terrain=10 cost=3.00
    neigh(169,100) d=6 terrain=10 cost=2.00
    neigh(169,99) d=7 terrain=10 cost=2.00
  expand #10: (173,99) boat=1 g=2.82 terrain=10 f_top=50.61
    neigh(173,98) d=0 terrain=10 cost=2.00
    neigh(174,98) d=1 terrain=10 cost=2.00
    neigh(174,99) d=2 terrain=10 cost=2.00
    neigh(174,100) d=3 terrain=10 cost=2.00
    neigh(173,100) d=4 terrain=10 cost=2.00
    neigh(172,100) d=5 terrain=10 cost=2.00
    neigh(172,99) d=6 terrain=10 cost=2.00
    neigh(172,98) d=7 terrain=10 cost=2.00
  expand #11: (172,102) boat=1 g=6.80 terrain=1 f_top=51.18
    neigh(172,101) d=0 terrain=10 cost=3.10
    neigh(173,101) d=1 terrain=10 cost=3.00
    neigh(173,102) d=2 terrain=1 cost=3.60
    neigh(172,103) d=4 terrain=2 cost=20.27
    neigh(171,102) d=6 terrain=1 cost=3.70
    neigh(171,101) d=7 terrain=10 cost=3.20
  expand #12: (174,100) boat=1 g=4.00 terrain=10 f_top=51.20
    neigh(174,99) d=0 terrain=10 cost=2.00
    neigh(175,99) d=1 terrain=10 cost=2.00
    neigh(175,100) d=2 terrain=10 cost=2.00
    neigh(175,101) d=3 terrain=10 cost=2.40
    neigh(174,101) d=4 terrain=10 cost=2.50
    neigh(173,101) d=5 terrain=10 cost=3.00
    neigh(173,100) d=6 terrain=10 cost=2.00
    neigh(173,99) d=7 terrain=10 cost=2.00
  expand #13: (169,100) boat=1 g=6.60 terrain=10 f_top=51.75
    neigh(169,99) d=0 terrain=10 cost=2.00
    neigh(170,99) d=1 terrain=10 cost=2.00
    neigh(170,100) d=2 terrain=10 cost=2.00
    neigh(170,101) d=3 terrain=10 cost=3.10
    neigh(169,101) d=4 terrain=10 cost=3.00
    neigh(168,101) d=5 terrain=10 cost=2.90
    neigh(168,100) d=6 terrain=10 cost=2.00
    neigh(168,99) d=7 terrain=10 cost=2.00
  expand #14: (172,98) boat=1 g=4.00 terrain=10 f_top=52.38
    neigh(172,97) d=0 terrain=10 cost=2.00
    neigh(173,97) d=1 terrain=10 cost=2.00
    neigh(173,98) d=2 terrain=10 cost=2.00
    neigh(173,99) d=3 terrain=10 cost=2.00
    neigh(172,99) d=4 terrain=10 cost=2.00
    neigh(171,99) d=5 terrain=10 cost=2.00
    neigh(171,98) d=6 terrain=10 cost=2.00
    neigh(171,97) d=7 terrain=10 cost=2.00
  expand #15: (170,98) boat=1 g=5.64 terrain=10 f_top=53.20
    neigh(170,97) d=0 terrain=10 cost=2.00
    neigh(171,97) d=1 terrain=10 cost=2.00
    neigh(171,98) d=2 terrain=10 cost=2.00
    neigh(171,99) d=3 terrain=10 cost=2.00
    neigh(170,99) d=4 terrain=10 cost=2.00
    neigh(169,99) d=5 terrain=10 cost=2.00
    neigh(169,98) d=6 terrain=10 cost=2.00
    neigh(169,97) d=7 terrain=10 cost=2.00
  expand #16: (170,102) boat=1 g=9.73 terrain=1 f_top=53.29
    neigh(170,101) d=0 terrain=10 cost=3.10
    neigh(171,101) d=1 terrain=10 cost=3.20
    neigh(171,102) d=2 terrain=1 cost=3.70
    neigh(170,103) d=4 terrain=2 cost=20.27
    neigh(169,102) d=6 terrain=1 cost=3.60
    neigh(169,101) d=7 terrain=10 cost=3.00
  expand #17: (168,100) boat=1 g=8.60 terrain=10 f_top=53.34
    neigh(168,99) d=0 terrain=10 cost=2.00
    neigh(169,99) d=1 terrain=10 cost=2.00
    neigh(169,100) d=2 terrain=10 cost=2.00
    neigh(169,101) d=3 terrain=10 cost=3.00
    neigh(168,101) d=4 terrain=10 cost=2.90
    neigh(167,101) d=5 terrain=10 cost=2.70
    neigh(167,100) d=6 terrain=10 cost=2.00
    neigh(167,99) d=7 terrain=10 cost=2.00
  expand #18: (170,99) boat=1 g=6.82 terrain=10 f_top=53.38
    neigh(170,98) d=0 terrain=10 cost=2.00
    neigh(171,98) d=1 terrain=10 cost=2.00
    neigh(171,99) d=2 terrain=10 cost=2.00
    neigh(171,100) d=3 terrain=10 cost=2.60
    neigh(170,100) d=4 terrain=10 cost=2.00
    neigh(169,100) d=5 terrain=10 cost=2.00
    neigh(169,99) d=6 terrain=10 cost=2.00
    neigh(169,98) d=7 terrain=10 cost=2.00
  expand #19: (174,102) boat=1 g=8.32 terrain=1 f_top=53.52
    neigh(174,101) d=0 terrain=10 cost=2.50
    neigh(175,101) d=1 terrain=10 cost=2.40
    neigh(175,102) d=2 terrain=1 cost=2.70
    neigh(174,103) d=4 terrain=2 cost=14.40
    neigh(173,102) d=6 terrain=1 cost=3.60
    neigh(173,101) d=7 terrain=10 cost=3.00
  expand #20: (175,100) boat=1 g=6.00 terrain=10 f_top=53.61
    neigh(175,99) d=0 terrain=10 cost=2.00
    neigh(176,99) d=1 terrain=10 cost=2.00
    neigh(176,100) d=2 terrain=10 cost=2.00
    neigh(176,101) d=3 terrain=10 cost=2.00
    neigh(175,101) d=4 terrain=10 cost=2.40
    neigh(174,101) d=5 terrain=10 cost=2.50
    neigh(174,100) d=6 terrain=10 cost=2.00
    neigh(174,99) d=7 terrain=10 cost=2.00
  FOUND dest at expand #6474, cost=170.80
  result=170.80 expanded=6474 open_remaining=1381 term=FOUND
  timing: init=25.1us search=2004.0us total=2029.1us  per-expand=0.31us
  heap: pushes=11873 pops=10492 stale_pops=4018 peak_open=1384
  neigh: total=51784 oob=0 diag_blocked=715 cost_inf=52 already_closed=24410 worse_g=14735 relaxed=11872

=== cost_to(156,156)->(166,115) boat=1 sh=40 tr=40 mn=40 arm=40 budget=16000 src_terrain=10 dst_terrain=7 ===
  expand #1: (156,156) boat=1 g=0.00 terrain=10 f_top=45.10
    neigh(156,155) d=0 terrain=10 cost=3.00
    neigh(157,155) d=1 terrain=10 cost=2.90
    neigh(157,156) d=2 terrain=10 cost=2.00
    neigh(157,157) d=3 terrain=10 cost=2.00
    neigh(156,157) d=4 terrain=10 cost=2.00
    neigh(155,157) d=5 terrain=10 cost=2.00
    neigh(155,156) d=6 terrain=10 cost=2.00
    neigh(155,155) d=7 terrain=10 cost=3.10
  expand #2: (157,156) boat=1 g=2.00 terrain=10 f_top=46.69
    neigh(157,155) d=0 terrain=10 cost=2.90
    neigh(158,155) d=1 terrain=10 cost=2.70
    neigh(158,156) d=2 terrain=10 cost=2.00
    neigh(158,157) d=3 terrain=10 cost=2.00
    neigh(157,157) d=4 terrain=10 cost=2.00
    neigh(156,157) d=5 terrain=10 cost=2.00
    neigh(156,156) d=6 terrain=10 cost=2.00
    neigh(156,155) d=7 terrain=10 cost=3.00
  expand #3: (156,155) boat=1 g=3.00 terrain=10 f_top=47.10
    neigh(156,154) d=0 terrain=10 cost=3.60
    neigh(157,154) d=1 terrain=10 cost=3.40
    neigh(157,155) d=2 terrain=10 cost=2.90
    neigh(157,156) d=3 terrain=10 cost=2.00
    neigh(156,156) d=4 terrain=10 cost=2.00
    neigh(155,156) d=5 terrain=10 cost=2.00
    neigh(155,155) d=6 terrain=10 cost=3.10
    neigh(155,154) d=7 terrain=10 cost=3.70
  expand #4: (155,156) boat=1 g=2.00 terrain=10 f_top=47.51
    neigh(155,155) d=0 terrain=10 cost=3.10
    neigh(156,155) d=1 terrain=10 cost=3.00
    neigh(156,156) d=2 terrain=10 cost=2.00
    neigh(156,157) d=3 terrain=10 cost=2.00
    neigh(155,157) d=4 terrain=10 cost=2.00
    neigh(154,157) d=5 terrain=10 cost=2.00
    neigh(154,156) d=6 terrain=10 cost=2.60
    neigh(154,155) d=7 terrain=10 cost=3.20
  expand #5: (157,155) boat=1 g=4.09 terrain=10 f_top=47.78
    neigh(157,154) d=0 terrain=10 cost=3.40
    neigh(158,154) d=1 terrain=10 cost=3.20
    neigh(158,155) d=2 terrain=10 cost=2.70
    neigh(158,156) d=3 terrain=10 cost=2.00
    neigh(157,156) d=4 terrain=10 cost=2.00
    neigh(156,156) d=5 terrain=10 cost=2.00
    neigh(156,155) d=6 terrain=10 cost=3.00
    neigh(156,154) d=7 terrain=10 cost=3.60
  expand #6: (156,157) boat=1 g=2.00 terrain=10 f_top=48.10
    neigh(156,156) d=0 terrain=10 cost=2.00
    neigh(157,156) d=1 terrain=10 cost=2.00
    neigh(157,157) d=2 terrain=10 cost=2.00
    neigh(157,158) d=3 terrain=10 cost=2.00
    neigh(156,158) d=4 terrain=10 cost=2.00
    neigh(155,158) d=5 terrain=10 cost=2.00
    neigh(155,157) d=6 terrain=10 cost=2.00
    neigh(155,156) d=7 terrain=10 cost=2.00
  expand #7: (158,156) boat=1 g=4.00 terrain=10 f_top=48.28
    neigh(158,155) d=0 terrain=10 cost=2.70
    neigh(159,155) d=1 terrain=10 cost=2.00
    neigh(159,156) d=2 terrain=10 cost=2.00
    neigh(159,157) d=3 terrain=10 cost=2.00
    neigh(158,157) d=4 terrain=10 cost=2.00
    neigh(157,157) d=5 terrain=10 cost=2.00
    neigh(157,156) d=6 terrain=10 cost=2.00
    neigh(157,155) d=7 terrain=10 cost=2.90
  expand #8: (157,157) boat=1 g=2.82 terrain=10 f_top=48.51
    neigh(157,156) d=0 terrain=10 cost=2.00
    neigh(158,156) d=1 terrain=10 cost=2.00
    neigh(158,157) d=2 terrain=10 cost=2.00
    neigh(158,158) d=3 terrain=10 cost=2.00
    neigh(157,158) d=4 terrain=10 cost=2.00
    neigh(156,158) d=5 terrain=10 cost=2.00
    neigh(156,157) d=6 terrain=10 cost=2.00
    neigh(156,156) d=7 terrain=10 cost=2.00
  expand #9: (155,155) boat=1 g=4.37 terrain=10 f_top=48.88
    neigh(155,154) d=0 terrain=10 cost=3.70
    neigh(156,154) d=1 terrain=10 cost=3.60
    neigh(156,155) d=2 terrain=10 cost=3.00
    neigh(156,156) d=3 terrain=10 cost=2.00
    neigh(155,156) d=4 terrain=10 cost=2.00
    neigh(154,156) d=5 terrain=10 cost=2.60
    neigh(154,155) d=6 terrain=10 cost=3.20
    neigh(154,154) d=7 terrain=10 cost=3.70
  expand #10: (155,157) boat=1 g=2.82 terrain=10 f_top=49.33
    neigh(155,156) d=0 terrain=10 cost=2.00
    neigh(156,156) d=1 terrain=10 cost=2.00
    neigh(156,157) d=2 terrain=10 cost=2.00
    neigh(156,158) d=3 terrain=10 cost=2.00
    neigh(155,158) d=4 terrain=10 cost=2.00
    neigh(154,158) d=5 terrain=10 cost=2.00
    neigh(154,157) d=6 terrain=10 cost=2.00
    neigh(154,156) d=7 terrain=10 cost=2.60
  expand #11: (156,154) boat=1 g=6.60 terrain=10 f_top=49.70
    neigh(156,153) d=0 terrain=1 cost=4.20
    neigh(157,153) d=1 terrain=1 cost=4.00
    neigh(157,154) d=2 terrain=10 cost=3.40
    neigh(157,155) d=3 terrain=10 cost=2.90
    neigh(156,155) d=4 terrain=10 cost=3.00
    neigh(155,155) d=5 terrain=10 cost=3.10
    neigh(155,154) d=6 terrain=10 cost=3.70
    neigh(155,153) d=7 terrain=1 cost=4.30
  expand #12: (159,156) boat=1 g=6.00 terrain=10 f_top=49.87
    neigh(159,155) d=0 terrain=10 cost=2.00
    neigh(160,155) d=1 terrain=10 cost=2.00
    neigh(160,156) d=2 terrain=10 cost=2.00
    neigh(160,157) d=3 terrain=10 cost=2.00
    neigh(159,157) d=4 terrain=10 cost=2.00
    neigh(158,157) d=5 terrain=10 cost=2.00
    neigh(158,156) d=6 terrain=10 cost=2.00
    neigh(158,155) d=7 terrain=10 cost=2.70
  expand #13: (154,156) boat=1 g=4.60 terrain=10 f_top=50.52
    neigh(154,155) d=0 terrain=10 cost=3.20
    neigh(155,155) d=1 terrain=10 cost=3.10
    neigh(155,156) d=2 terrain=10 cost=2.00
    neigh(155,157) d=3 terrain=10 cost=2.00
    neigh(154,157) d=4 terrain=10 cost=2.00
    neigh(153,157) d=5 terrain=10 cost=2.00
    neigh(153,156) d=6 terrain=10 cost=2.00
    neigh(153,155) d=7 terrain=10 cost=3.10
  expand #14: (158,154) boat=1 g=8.60 terrain=10 f_top=50.88
    neigh(158,153) d=0 terrain=1 cost=3.70
    neigh(159,153) d=1 terrain=1 cost=3.40
    neigh(159,154) d=2 terrain=10 cost=2.90
    neigh(159,155) d=3 terrain=10 cost=2.00
    neigh(158,155) d=4 terrain=10 cost=2.70
    neigh(157,155) d=5 terrain=10 cost=2.90
    neigh(157,154) d=6 terrain=10 cost=3.40
    neigh(157,153) d=7 terrain=1 cost=4.00
  expand #15: (156,158) boat=1 g=4.00 terrain=10 f_top=51.10
    neigh(156,157) d=0 terrain=10 cost=2.00
    neigh(157,157) d=1 terrain=10 cost=2.00
    neigh(157,158) d=2 terrain=10 cost=2.00
    neigh(157,159) d=3 terrain=10 cost=2.00
    neigh(156,159) d=4 terrain=10 cost=2.00
    neigh(155,159) d=5 terrain=10 cost=2.00
    neigh(155,158) d=6 terrain=10 cost=2.00
    neigh(155,157) d=7 terrain=10 cost=2.00
  expand #16: (160,156) boat=1 g=8.00 terrain=10 f_top=51.46
    neigh(160,155) d=0 terrain=10 cost=2.00
    neigh(161,155) d=1 terrain=10 cost=2.00
    neigh(161,156) d=2 terrain=10 cost=2.00
    neigh(161,157) d=3 terrain=10 cost=2.00
    neigh(160,157) d=4 terrain=10 cost=2.00
    neigh(159,157) d=5 terrain=10 cost=2.00
    neigh(159,156) d=6 terrain=10 cost=2.00
    neigh(159,155) d=7 terrain=10 cost=2.00
  expand #17: (158,155) boat=1 g=8.63 terrain=10 f_top=51.91
    neigh(158,154) d=0 terrain=10 cost=3.20
    neigh(159,154) d=1 terrain=10 cost=2.90
    neigh(159,155) d=2 terrain=10 cost=2.00
    neigh(159,156) d=3 terrain=10 cost=2.00
    neigh(158,156) d=4 terrain=10 cost=2.00
    neigh(157,156) d=5 terrain=10 cost=2.00
    neigh(157,155) d=6 terrain=10 cost=2.90
    neigh(157,154) d=7 terrain=10 cost=3.40
  expand #18: (158,158) boat=1 g=5.64 terrain=10 f_top=51.92
    neigh(158,157) d=0 terrain=10 cost=2.00
    neigh(159,157) d=1 terrain=10 cost=2.00
    neigh(159,158) d=2 terrain=10 cost=2.00
    neigh(159,159) d=3 terrain=10 cost=2.00
    neigh(158,159) d=4 terrain=10 cost=2.00
    neigh(157,159) d=5 terrain=10 cost=2.00
    neigh(157,158) d=6 terrain=10 cost=2.00
    neigh(157,157) d=7 terrain=10 cost=2.00
  expand #19: (158,157) boat=1 g=6.82 terrain=10 f_top=52.10
    neigh(158,156) d=0 terrain=10 cost=2.00
    neigh(159,156) d=1 terrain=10 cost=2.00
    neigh(159,157) d=2 terrain=10 cost=2.00
    neigh(159,158) d=3 terrain=10 cost=2.00
    neigh(158,158) d=4 terrain=10 cost=2.00
    neigh(157,158) d=5 terrain=10 cost=2.00
    neigh(157,157) d=6 terrain=10 cost=2.00
    neigh(157,156) d=7 terrain=10 cost=2.00
  expand #20: (157,154) boat=1 g=9.49 terrain=10 f_top=52.18
    neigh(157,153) d=0 terrain=1 cost=4.00
    neigh(158,153) d=1 terrain=1 cost=3.70
    neigh(158,154) d=2 terrain=10 cost=3.20
    neigh(158,155) d=3 terrain=10 cost=2.70
    neigh(157,155) d=4 terrain=10 cost=2.90
    neigh(156,155) d=5 terrain=10 cost=3.00
    neigh(156,154) d=6 terrain=10 cost=3.60
    neigh(156,153) d=7 terrain=1 cost=4.20
  FOUND dest at expand #3540, cost=136.53
  result=136.53 expanded=3540 open_remaining=1028 term=FOUND
  timing: init=29.2us search=1384.8us total=1414.0us  per-expand=0.39us
  heap: pushes=6920 pops=5892 stale_pops=2352 peak_open=1049
  neigh: total=28312 oob=0 diag_blocked=526 cost_inf=38 already_closed=13165 worse_g=7664 relaxed=6919

=== cost_to(156,156)->(109,139) boat=1 sh=40 tr=40 mn=40 arm=40 budget=16000 src_terrain=10 dst_terrain=4 ===
  expand #1: (156,156) boat=1 g=0.00 terrain=10 f_top=53.97
    neigh(156,155) d=0 terrain=10 cost=12.00
    neigh(157,155) d=1 terrain=10 cost=11.00
    neigh(157,156) d=2 terrain=10 cost=2.00
    neigh(157,157) d=3 terrain=10 cost=2.00
    neigh(156,157) d=4 terrain=10 cost=2.00
    neigh(155,157) d=5 terrain=10 cost=2.00
    neigh(155,156) d=6 terrain=10 cost=2.00
    neigh(155,155) d=7 terrain=10 cost=13.00
  expand #2: (155,156) boat=1 g=2.00 terrain=10 f_top=54.97
    neigh(155,155) d=0 terrain=10 cost=13.00
    neigh(156,155) d=1 terrain=10 cost=12.00
    neigh(156,156) d=2 terrain=10 cost=2.00
    neigh(156,157) d=3 terrain=10 cost=2.00
    neigh(155,157) d=4 terrain=10 cost=2.00
    neigh(154,157) d=5 terrain=10 cost=2.00
    neigh(154,156) d=6 terrain=10 cost=8.00
    neigh(154,155) d=7 terrain=10 cost=14.00
  expand #3: (155,157) boat=1 g=2.82 terrain=10 f_top=56.20
    neigh(155,156) d=0 terrain=10 cost=2.00
    neigh(156,156) d=1 terrain=10 cost=2.00
    neigh(156,157) d=2 terrain=10 cost=2.00
    neigh(156,158) d=3 terrain=10 cost=2.00
    neigh(155,158) d=4 terrain=10 cost=2.00
    neigh(154,158) d=5 terrain=10 cost=2.00
    neigh(154,157) d=6 terrain=10 cost=2.00
    neigh(154,156) d=7 terrain=10 cost=8.00
=== cost_to(172,100)->(121,123) boat=1 sh=40 tr=40 mn=40 arm=40 budget=16000 src_terrain=10 dst_terrain=4 ===
  expand #4: (156,157) boat=1 g=2.00 terrain=10 f_top=56.38
    neigh(156,156) d=0 terrain=10 cost=2.00
    neigh(157,156) d=1 terrain=10 cost=2.00
    neigh(157,157) d=2 terrain=10 cost=2.00
    neigh(157,158) d=3 terrain=10 cost=2.00
    neigh(156,158) d=4 terrain=10 cost=2.00
    neigh(155,158) d=5 terrain=10 cost=2.00
    neigh(155,157) d=6 terrain=10 cost=2.00
    neigh(155,156) d=7 terrain=10 cost=2.00
  expand #5: (157,156) boat=1 g=2.00 terrain=10 f_top=56.97
    neigh(157,155) d=0 terrain=10 cost=11.00
    neigh(158,155) d=1 terrain=10 cost=9.00
    neigh(158,156) d=2 terrain=10 cost=2.00
    neigh(158,157) d=3 terrain=10 cost=2.00
    neigh(157,157) d=4 terrain=10 cost=2.00
    neigh(156,157) d=5 terrain=10 cost=2.00
    neigh(156,156) d=6 terrain=10 cost=2.00
    neigh(156,155) d=7 terrain=10 cost=12.00
  expand #6: (157,157) boat=1 g=2.82 terrain=10 f_top=58.20
    neigh(157,156) d=0 terrain=10 cost=2.00
    neigh(158,156) d=1 terrain=10 cost=2.00
    neigh(158,157) d=2 terrain=10 cost=2.00
    neigh(158,158) d=3 terrain=10 cost=2.00
    neigh(157,158) d=4 terrain=10 cost=2.00
    neigh(156,158) d=5 terrain=10 cost=2.00
    neigh(156,157) d=6 terrain=10 cost=2.00
    neigh(156,156) d=7 terrain=10 cost=2.00
  expand #7: (154,158) boat=1 g=5.64 terrain=10 f_top=58.43
    neigh(154,157) d=0 terrain=10 cost=2.00
    neigh(155,157) d=1 terrain=10 cost=2.00
    neigh(155,158) d=2 terrain=10 cost=2.00
    neigh(155,159) d=3 terrain=10 cost=2.00
    neigh(154,159) d=4 terrain=10 cost=2.00
    neigh(153,159) d=5 terrain=10 cost=2.00
    neigh(153,158) d=6 terrain=10 cost=2.00
    neigh(153,157) d=7 terrain=10 cost=2.00
  expand #8: (156,158) boat=1 g=4.00 terrain=10 f_top=58.79
    neigh(156,157) d=0 terrain=10 cost=2.00
    neigh(157,157) d=1 terrain=10 cost=2.00
    neigh(157,158) d=2 terrain=10 cost=2.00
    neigh(157,159) d=3 terrain=10 cost=2.00
    neigh(156,159) d=4 terrain=10 cost=2.00
    neigh(155,159) d=5 terrain=10 cost=2.00
    neigh(155,158) d=6 terrain=10 cost=2.00
    neigh(155,157) d=7 terrain=10 cost=2.00
  expand #9: (154,157) boat=1 g=6.82 terrain=10 f_top=59.20
    neigh(154,156) d=0 terrain=10 cost=8.00
    neigh(155,156) d=1 terrain=10 cost=2.00
    neigh(155,157) d=2 terrain=10 cost=2.00
    neigh(155,158) d=3 terrain=10 cost=2.00
    neigh(154,158) d=4 terrain=10 cost=2.00
    neigh(153,158) d=5 terrain=10 cost=2.00
    neigh(153,157) d=6 terrain=10 cost=2.00
    neigh(153,156) d=7 terrain=10 cost=2.00
  expand #10: (158,156) boat=1 g=4.00 terrain=10 f_top=59.97
    neigh(158,155) d=0 terrain=10 cost=9.00
    neigh(159,155) d=1 terrain=10 cost=2.00
    neigh(159,156) d=2 terrain=10 cost=2.00
    neigh(159,157) d=3 terrain=10 cost=2.00
  expand #1: (172,100) boat=1 g=0.00 terrain=10 f_top=60.43
    neigh(158,157) d=4 terrain=10 cost=2.00
    neigh(157,157) d=5 terrain=10 cost=2.00
    neigh(157,156) d=6 terrain=10 cost=2.00
    neigh(157,155) d=7 terrain=10 cost=11.00
  expand #11: (153,157) boat=1 g=8.82 terrain=10 f_top=60.20
    neigh(153,156) d=0 terrain=10 cost=2.00
    neigh(154,156) d=1 terrain=10 cost=8.00
    neigh(154,157) d=2 terrain=10 cost=2.00
    neigh(154,158) d=3 terrain=10 cost=2.00
    neigh(153,158) d=4 terrain=10 cost=2.00
    neigh(152,158) d=5 terrain=10 cost=2.00
    neigh(152,157) d=6 terrain=10 cost=2.00
    neigh(152,156) d=7 terrain=10 cost=2.00
  expand #12: (155,158) boat=1 g=6.82 terrain=10 f_top=60.61
    neigh(155,157) d=0 terrain=10 cost=2.00
    neigh(156,157) d=1 terrain=10 cost=2.00
    neigh(156,158) d=2 terrain=10 cost=2.00
    neigh(156,159) d=3 terrain=10 cost=2.00
    neigh(155,159) d=4 terrain=10 cost=2.00
    neigh(154,159) d=5 terrain=10 cost=2.00
    neigh(154,158) d=6 terrain=10 cost=2.00
    neigh(154,157) d=7 terrain=10 cost=2.00
  expand #13: (153,159) boat=1 g=8.46 terrain=10 f_top=60.66
    neigh(153,158) d=0 terrain=10 cost=2.00
    neigh(154,158) d=1 terrain=10 cost=2.00
    neigh(154,159) d=2 terrain=10 cost=2.00
    neigh(154,160) d=3 terrain=10 cost=2.00
    neigh(153,160) d=4 terrain=10 cost=2.00
    neigh(152,160) d=5 terrain=10 cost=2.00
    neigh(152,159) d=6 terrain=10 cost=2.00
    neigh(152,158) d=7 terrain=10 cost=2.00
  expand #14: (156,159) boat=1 g=6.00 terrain=10 f_top=61.20
    neigh(156,158) d=0 terrain=10 cost=2.00
    neigh(157,158) d=1 terrain=10 cost=2.00
    neigh(157,159) d=2 terrain=10 cost=2.00
    neigh(157,160) d=3 terrain=10 cost=2.00
    neigh(156,160) d=4 terrain=10 cost=2.00
    neigh(155,160) d=5 terrain=10 cost=2.00
    neigh(155,159) d=6 terrain=10 cost=2.00
    neigh(155,158) d=7 terrain=10 cost=2.00
  expand #15: (152,157) boat=1 g=10.82 terrain=10 f_top=61.20
    neigh(152,156) d=0 terrain=10 cost=2.00
    neigh(153,156) d=1 terrain=10 cost=2.00
    neigh(153,157) d=2 terrain=10 cost=2.00
    neigh(153,158) d=3 terrain=10 cost=2.00
    neigh(152,158) d=4 terrain=10 cost=2.00
    neigh(151,158) d=5 terrain=10 cost=2.00
    neigh(172,99) d=0 terrain=10 cost=2.00
    neigh(151,157) d=6 terrain=10 cost=2.00
    neigh(151,156) d=7 terrain=10 cost=2.00
  expand #16: (153,158) boat=1 g=9.64 terrain=10 f_top=61.43
    neigh(153,157) d=0 terrain=10 cost=2.00
    neigh(154,157) d=1 terrain=10 cost=2.00
    neigh(154,158) d=2 terrain=10 cost=2.00
    neigh(154,159) d=3 terrain=10 cost=2.00
    neigh(153,159) d=4 terrain=10 cost=2.00
    neigh(152,159) d=5 terrain=10 cost=2.00
    neigh(152,158) d=6 terrain=10 cost=2.00
    neigh(152,157) d=7 terrain=10 cost=2.00
  expand #17: (154,156) boat=1 g=10.00 terrain=10 f_top=61.97
    neigh(154,155) d=0 terrain=10 cost=14.00
    neigh(155,155) d=1 terrain=10 cost=13.00
    neigh(155,156) d=2 terrain=10 cost=2.00
    neigh(155,157) d=3 terrain=10 cost=2.00
    neigh(154,157) d=4 terrain=10 cost=2.00
    neigh(153,157) d=5 terrain=10 cost=2.00
    neigh(153,156) d=6 terrain=10 cost=2.00
    neigh(153,155) d=7 terrain=10 cost=13.00
  expand #18: (151,157) boat=1 g=12.82 terrain=10 f_top=62.20
    neigh(151,156) d=0 terrain=10 cost=2.00
    neigh(152,156) d=1 terrain=10 cost=2.00
    neigh(152,157) d=2 terrain=10 cost=2.00
    neigh(152,158) d=3 terrain=10 cost=2.00
    neigh(151,158) d=4 terrain=10 cost=2.00
    neigh(150,158) d=5 terrain=10 cost=2.00
    neigh(150,157) d=6 terrain=10 cost=2.00
    neigh(150,156) d=7 terrain=10 cost=2.00
  expand #19: (152,158) boat=1 g=11.64 terrain=10 f_top=62.43
    neigh(152,157) d=0 terrain=10 cost=2.00
    neigh(153,157) d=1 terrain=10 cost=2.00
    neigh(153,158) d=2 terrain=10 cost=2.00
    neigh(153,159) d=3 terrain=10 cost=2.00
    neigh(152,159) d=4 terrain=10 cost=2.00
    neigh(151,159) d=5 terrain=10 cost=2.00
    neigh(151,158) d=6 terrain=10 cost=2.00
    neigh(151,157) d=7 terrain=10 cost=2.00
  expand #20: (158,158) boat=1 g=5.64 terrain=10 f_top=62.43
    neigh(158,157) d=0 terrain=10 cost=2.00
    neigh(159,157) d=1 terrain=10 cost=2.00
    neigh(159,158) d=2 terrain=10 cost=2.00
    neigh(159,159) d=3 terrain=10 cost=2.00
    neigh(158,159) d=4 terrain=10 cost=2.00
    neigh(157,159) d=5 terrain=10 cost=2.00
    neigh(157,158) d=6 terrain=10 cost=2.00
    neigh(157,157) d=7 terrain=10 cost=2.00
    neigh(173,99) d=1 terrain=10 cost=2.00
    neigh(173,100) d=2 terrain=10 cost=2.00
    neigh(173,101) d=3 terrain=10 cost=12.00
    neigh(172,101) d=4 terrain=10 cost=13.00
    neigh(171,101) d=5 terrain=10 cost=14.00
    neigh(171,100) d=6 terrain=10 cost=8.00
    neigh(171,99) d=7 terrain=10 cost=2.00
  expand #2: (171,99) boat=1 g=2.82 terrain=10 f_top=62.66
    neigh(171,98) d=0 terrain=10 cost=2.00
    neigh(172,98) d=1 terrain=10 cost=2.00
    neigh(172,99) d=2 terrain=10 cost=2.00
    neigh(172,100) d=3 terrain=10 cost=2.00
    neigh(171,100) d=4 terrain=10 cost=8.00
    neigh(170,100) d=5 terrain=10 cost=2.00
    neigh(170,99) d=6 terrain=10 cost=2.00
    neigh(170,98) d=7 terrain=10 cost=2.00
  expand #3: (172,99) boat=1 g=2.00 terrain=10 f_top=62.84
    neigh(172,98) d=0 terrain=10 cost=2.00
    neigh(173,98) d=1 terrain=10 cost=2.00
    neigh(173,99) d=2 terrain=10 cost=2.00
    neigh(173,100) d=3 terrain=10 cost=2.00
    neigh(172,100) d=4 terrain=10 cost=2.00
    neigh(171,100) d=5 terrain=10 cost=8.00
    neigh(171,99) d=6 terrain=10 cost=2.00
    neigh(171,98) d=7 terrain=10 cost=2.00
  expand #4: (173,100) boat=1 g=2.00 terrain=10 f_top=63.43
    neigh(173,99) d=0 terrain=10 cost=2.00
    neigh(174,99) d=1 terrain=10 cost=2.00
    neigh(174,100) d=2 terrain=10 cost=2.00
    neigh(174,101) d=3 terrain=10 cost=7.00
    neigh(173,101) d=4 terrain=10 cost=12.00
    neigh(172,101) d=5 terrain=10 cost=13.00
    neigh(172,100) d=6 terrain=10 cost=2.00
    neigh(172,99) d=7 terrain=10 cost=2.00
  expand #5: (173,99) boat=1 g=2.82 terrain=10 f_top=64.66
    neigh(173,98) d=0 terrain=10 cost=2.00
    neigh(174,98) d=1 terrain=10 cost=2.00
    neigh(174,99) d=2 terrain=10 cost=2.00
    neigh(174,100) d=3 terrain=10 cost=2.00
    neigh(173,100) d=4 terrain=10 cost=2.00
    neigh(172,100) d=5 terrain=10 cost=2.00
    neigh(172,99) d=6 terrain=10 cost=2.00
    neigh(172,98) d=7 terrain=10 cost=2.00
  expand #6: (170,98) boat=1 g=5.64 terrain=10 f_top=64.89
    neigh(170,97) d=0 terrain=10 cost=2.00
    neigh(171,97) d=1 terrain=10 cost=2.00
    neigh(171,98) d=2 terrain=10 cost=2.00
    neigh(171,99) d=3 terrain=10 cost=2.00
    neigh(170,99) d=4 terrain=10 cost=2.00
    neigh(169,99) d=5 terrain=10 cost=2.00
    neigh(169,98) d=6 terrain=10 cost=2.00
    neigh(169,97) d=7 terrain=10 cost=2.00
  expand #7: (172,98) boat=1 g=4.00 terrain=10 f_top=65.25
    neigh(172,97) d=0 terrain=10 cost=2.00
    neigh(173,97) d=1 terrain=10 cost=2.00
    neigh(173,98) d=2 terrain=10 cost=2.00
    neigh(173,99) d=3 terrain=10 cost=2.00
    neigh(172,99) d=4 terrain=10 cost=2.00
    neigh(171,99) d=5 terrain=10 cost=2.00
    neigh(171,98) d=6 terrain=10 cost=2.00
    neigh(171,97) d=7 terrain=10 cost=2.00
  expand #8: (170,99) boat=1 g=6.82 terrain=10 f_top=65.66
    neigh(170,98) d=0 terrain=10 cost=2.00
    neigh(171,98) d=1 terrain=10 cost=2.00
    neigh(171,99) d=2 terrain=10 cost=2.00
    neigh(171,100) d=3 terrain=10 cost=8.00
    neigh(170,100) d=4 terrain=10 cost=2.00
    neigh(169,100) d=5 terrain=10 cost=2.00
    neigh(169,99) d=6 terrain=10 cost=2.00
    neigh(169,98) d=7 terrain=10 cost=2.00
  expand #9: (174,100) boat=1 g=4.00 terrain=10 f_top=66.43
    neigh(174,99) d=0 terrain=10 cost=2.00
    neigh(175,99) d=1 terrain=10 cost=2.00
    neigh(175,100) d=2 terrain=10 cost=2.00
    neigh(175,101) d=3 terrain=10 cost=6.00
    neigh(174,101) d=4 terrain=10 cost=7.00
    neigh(173,101) d=5 terrain=10 cost=12.00
    neigh(173,100) d=6 terrain=10 cost=2.00
    neigh(173,99) d=7 terrain=10 cost=2.00
  expand #10: (169,99) boat=1 g=8.82 terrain=10 f_top=66.66
    neigh(169,98) d=0 terrain=10 cost=2.00
    neigh(170,98) d=1 terrain=10 cost=2.00
    neigh(170,99) d=2 terrain=10 cost=2.00
    neigh(170,100) d=3 terrain=10 cost=2.00
    neigh(169,100) d=4 terrain=10 cost=2.00
    neigh(168,100) d=5 terrain=10 cost=2.00
    neigh(168,99) d=6 terrain=10 cost=2.00
    neigh(168,98) d=7 terrain=10 cost=2.00
  expand #11: (171,98) boat=1 g=6.82 terrain=10 f_top=67.07
    neigh(171,97) d=0 terrain=10 cost=2.00
    neigh(172,97) d=1 terrain=10 cost=2.00
    neigh(172,98) d=2 terrain=10 cost=2.00
    neigh(172,99) d=3 terrain=10 cost=2.00
    neigh(171,99) d=4 terrain=10 cost=2.00
    neigh(170,99) d=5 terrain=10 cost=2.00
    neigh(170,98) d=6 terrain=10 cost=2.00
    neigh(170,97) d=7 terrain=10 cost=2.00
  expand #12: (169,97) boat=1 g=8.46 terrain=10 f_top=67.12
    neigh(169,96) d=0 terrain=10 cost=2.00
    neigh(170,96) d=1 terrain=10 cost=2.00
    neigh(170,97) d=2 terrain=10 cost=2.00
    neigh(170,98) d=3 terrain=10 cost=2.00
    neigh(169,98) d=4 terrain=10 cost=2.00
    neigh(168,98) d=5 terrain=10 cost=2.00
    neigh(168,97) d=6 terrain=10 cost=2.00
    neigh(168,96) d=7 terrain=10 cost=2.00
  expand #13: (171,100) boat=1 g=8.00 terrain=10 f_top=67.43
    neigh(171,99) d=0 terrain=10 cost=2.00
    neigh(172,99) d=1 terrain=10 cost=2.00
    neigh(172,100) d=2 terrain=10 cost=2.00
    neigh(172,101) d=3 terrain=10 cost=13.00
    neigh(171,101) d=4 terrain=10 cost=14.00
    neigh(170,101) d=5 terrain=10 cost=13.00
    neigh(170,100) d=6 terrain=10 cost=2.00
    neigh(170,99) d=7 terrain=10 cost=2.00
  expand #14: (168,99) boat=1 g=10.82 terrain=10 f_top=67.66
    neigh(168,98) d=0 terrain=10 cost=2.00
    neigh(169,98) d=1 terrain=10 cost=2.00
    neigh(169,99) d=2 terrain=10 cost=2.00
    neigh(169,100) d=3 terrain=10 cost=2.00
    neigh(168,100) d=4 terrain=10 cost=2.00
    neigh(167,100) d=5 terrain=10 cost=2.00
    neigh(167,99) d=6 terrain=10 cost=2.00
    neigh(167,98) d=7 terrain=10 cost=2.00
  expand #15: (172,97) boat=1 g=6.00 terrain=10 f_top=67.66
    neigh(172,96) d=0 terrain=10 cost=2.00
    neigh(173,96) d=1 terrain=10 cost=2.00
    neigh(173,97) d=2 terrain=10 cost=2.00
    neigh(173,98) d=3 terrain=10 cost=2.00
    neigh(172,98) d=4 terrain=10 cost=2.00
    neigh(171,98) d=5 terrain=10 cost=2.00
    neigh(171,97) d=6 terrain=10 cost=2.00
    neigh(171,96) d=7 terrain=10 cost=2.00
  expand #16: (169,98) boat=1 g=9.64 terrain=10 f_top=67.89
    neigh(169,97) d=0 terrain=10 cost=2.00
    neigh(170,97) d=1 terrain=10 cost=2.00
    neigh(170,98) d=2 terrain=10 cost=2.00
    neigh(170,99) d=3 terrain=10 cost=2.00
    neigh(169,99) d=4 terrain=10 cost=2.00
    neigh(168,99) d=5 terrain=10 cost=2.00
    neigh(168,98) d=6 terrain=10 cost=2.00
    neigh(168,97) d=7 terrain=10 cost=2.00
  expand #17: (170,100) boat=1 g=10.00 terrain=10 f_top=68.43
    neigh(170,99) d=0 terrain=10 cost=2.00
    neigh(171,99) d=1 terrain=10 cost=2.00
    neigh(171,100) d=2 terrain=10 cost=8.00
    neigh(171,101) d=3 terrain=10 cost=14.00
    neigh(170,101) d=4 terrain=10 cost=13.00
    neigh(169,101) d=5 terrain=10 cost=12.00
    neigh(169,100) d=6 terrain=10 cost=2.00
    neigh(169,99) d=7 terrain=10 cost=2.00
  expand #18: (167,99) boat=1 g=12.82 terrain=10 f_top=68.66
    neigh(167,98) d=0 terrain=10 cost=2.00
    neigh(168,98) d=1 terrain=10 cost=2.00
    neigh(168,99) d=2 terrain=10 cost=2.00
    neigh(168,100) d=3 terrain=10 cost=2.00
    neigh(167,100) d=4 terrain=10 cost=2.00
    neigh(166,100) d=5 terrain=10 cost=2.00
    neigh(166,99) d=6 terrain=10 cost=2.00
    neigh(166,98) d=7 terrain=10 cost=2.00
  expand #19: (168,98) boat=1 g=11.64 terrain=10 f_top=68.89
    neigh(168,97) d=0 terrain=10 cost=2.00
    neigh(169,97) d=1 terrain=10 cost=2.00
    neigh(169,98) d=2 terrain=10 cost=2.00
    neigh(169,99) d=3 terrain=10 cost=2.00
    neigh(168,99) d=4 terrain=10 cost=2.00
    neigh(167,99) d=5 terrain=10 cost=2.00
    neigh(167,98) d=6 terrain=10 cost=2.00
    neigh(167,97) d=7 terrain=10 cost=2.00
  expand #20: (174,98) boat=1 g=5.64 terrain=10 f_top=68.89
    neigh(174,97) d=0 terrain=10 cost=2.00
    neigh(175,97) d=1 terrain=10 cost=2.00
    neigh(175,98) d=2 terrain=10 cost=2.00
    neigh(175,99) d=3 terrain=10 cost=2.00
    neigh(174,99) d=4 terrain=10 cost=2.00
    neigh(173,99) d=5 terrain=10 cost=2.00
    neigh(173,98) d=6 terrain=10 cost=2.00
    neigh(173,97) d=7 terrain=10 cost=2.00
  FOUND dest at expand #10934, cost=226.45
  result=226.45 expanded=10934 open_remaining=1887 term=FOUND
  timing: init=13.9us search=3440.7us total=3454.6us  per-expand=0.31us
  heap: pushes=20420 pops=18533 stale_pops=7599 peak_open=1894
  neigh: total=87464 oob=0 diag_blocked=714 cost_inf=51 already_closed=42045 worse_g=24235 relaxed=20419

  FOUND dest at expand #15804, cost=266.81
  result=266.81 expanded=15804 open_remaining=2010 term=FOUND
  timing: init=24.0us search=4236.2us total=4260.2us  per-expand=0.27us
  heap: pushes=29182 pops=27172 stale_pops=11368 peak_open=2020
  neigh: total=126424 oob=0 diag_blocked=1428 cost_inf=123 already_closed=61074 worse_g=34618 relaxed=29181

=== cost_to(172,100)->(112,108) boat=1 sh=40 tr=40 mn=40 arm=40 budget=16000 src_terrain=10 dst_terrain=4 ===
  expand #1: (172,100) boat=1 g=0.00 terrain=10 f_top=63.28
    neigh(172,99) d=0 terrain=10 cost=2.00
    neigh(173,99) d=1 terrain=10 cost=2.00
    neigh(173,100) d=2 terrain=10 cost=2.00
    neigh(173,101) d=3 terrain=10 cost=3.00
    neigh(172,101) d=4 terrain=10 cost=3.10
    neigh(171,101) d=5 terrain=10 cost=3.20
    neigh(171,100) d=6 terrain=10 cost=2.60
    neigh(171,99) d=7 terrain=10 cost=2.00
  expand #2: (171,100) boat=1 g=2.60 terrain=10 f_top=64.88
    neigh(171,99) d=0 terrain=10 cost=2.00
    neigh(172,99) d=1 terrain=10 cost=2.00
    neigh(172,100) d=2 terrain=10 cost=2.00
    neigh(172,101) d=3 terrain=10 cost=3.10
    neigh(171,101) d=4 terrain=10 cost=3.20
    neigh(170,101) d=5 terrain=10 cost=3.10
    neigh(170,100) d=6 terrain=10 cost=2.00
    neigh(170,99) d=7 terrain=10 cost=2.00
  expand #3: (171,99) boat=1 g=2.82 terrain=10 f_top=65.51
    neigh(171,98) d=0 terrain=10 cost=2.00
    neigh(172,98) d=1 terrain=10 cost=2.00
    neigh(172,99) d=2 terrain=10 cost=2.00
    neigh(172,100) d=3 terrain=10 cost=2.00
    neigh(171,100) d=4 terrain=10 cost=2.60
    neigh(170,100) d=5 terrain=10 cost=2.00
    neigh(170,99) d=6 terrain=10 cost=2.00
    neigh(170,98) d=7 terrain=10 cost=2.00
  expand #4: (172,99) boat=1 g=2.00 terrain=10 f_top=65.69
    neigh(172,98) d=0 terrain=10 cost=2.00
    neigh(173,98) d=1 terrain=10 cost=2.00
    neigh(173,99) d=2 terrain=10 cost=2.00
    neigh(173,100) d=3 terrain=10 cost=2.00
    neigh(172,100) d=4 terrain=10 cost=2.00
    neigh(171,100) d=5 terrain=10 cost=2.60
    neigh(171,99) d=6 terrain=10 cost=2.00
    neigh(171,98) d=7 terrain=10 cost=2.00
  expand #5: (170,100) boat=1 g=4.60 terrain=10 f_top=65.88
    neigh(170,99) d=0 terrain=10 cost=2.00
    neigh(171,99) d=1 terrain=10 cost=2.00
    neigh(171,100) d=2 terrain=10 cost=2.60
    neigh(171,101) d=3 terrain=10 cost=3.20
    neigh(170,101) d=4 terrain=10 cost=3.10
    neigh(169,101) d=5 terrain=10 cost=3.00
    neigh(169,100) d=6 terrain=10 cost=2.00
    neigh(169,99) d=7 terrain=10 cost=2.00
  expand #6: (172,101) boat=1 g=3.10 terrain=10 f_top=65.97
    neigh(172,100) d=0 terrain=10 cost=2.00
    neigh(173,100) d=1 terrain=10 cost=2.00
    neigh(173,101) d=2 terrain=10 cost=3.00
    neigh(173,102) d=3 terrain=1 cost=3.60
    neigh(172,102) d=4 terrain=1 cost=3.70
    neigh(171,102) d=5 terrain=1 cost=3.70
    neigh(171,101) d=6 terrain=10 cost=3.20
    neigh(171,100) d=7 terrain=10 cost=2.60
  expand #7: (173,100) boat=1 g=2.00 terrain=10 f_top=66.28
    neigh(173,99) d=0 terrain=10 cost=2.00
    neigh(174,99) d=1 terrain=10 cost=2.00
    neigh(174,100) d=2 terrain=10 cost=2.00
    neigh(174,101) d=3 terrain=10 cost=2.50
    neigh(173,101) d=4 terrain=10 cost=3.00
    neigh(172,101) d=5 terrain=10 cost=3.10
    neigh(172,100) d=6 terrain=10 cost=2.00
    neigh(172,99) d=7 terrain=10 cost=2.00
  expand #8: (171,101) boat=1 g=4.51 terrain=10 f_top=66.38
    neigh(171,100) d=0 terrain=10 cost=2.60
    neigh(172,100) d=1 terrain=10 cost=2.00
    neigh(172,101) d=2 terrain=10 cost=3.10
    neigh(172,102) d=3 terrain=1 cost=3.70
    neigh(171,102) d=4 terrain=1 cost=3.70
    neigh(170,102) d=5 terrain=1 cost=3.70
    neigh(170,101) d=6 terrain=10 cost=3.10
    neigh(170,100) d=7 terrain=10 cost=2.00
  expand #9: (169,100) boat=1 g=6.60 terrain=10 f_top=66.88
    neigh(169,99) d=0 terrain=10 cost=2.00
    neigh(170,99) d=1 terrain=10 cost=2.00
    neigh(170,100) d=2 terrain=10 cost=2.00
    neigh(170,101) d=3 terrain=10 cost=3.10
    neigh(169,101) d=4 terrain=10 cost=3.00
    neigh(168,101) d=5 terrain=10 cost=2.90
    neigh(168,100) d=6 terrain=10 cost=2.00
    neigh(168,99) d=7 terrain=10 cost=2.00
  expand #10: (173,99) boat=1 g=2.82 terrain=10 f_top=67.51
    neigh(173,98) d=0 terrain=10 cost=2.00
    neigh(174,98) d=1 terrain=10 cost=2.00
    neigh(174,99) d=2 terrain=10 cost=2.00
    neigh(174,100) d=3 terrain=10 cost=2.00
    neigh(173,100) d=4 terrain=10 cost=2.00
    neigh(172,100) d=5 terrain=10 cost=2.00
    neigh(172,99) d=6 terrain=10 cost=2.00
    neigh(172,98) d=7 terrain=10 cost=2.00
  expand #11: (170,98) boat=1 g=5.64 terrain=10 f_top=67.74
    neigh(170,97) d=0 terrain=10 cost=2.00
    neigh(171,97) d=1 terrain=10 cost=2.00
    neigh(171,98) d=2 terrain=10 cost=2.00
    neigh(171,99) d=3 terrain=10 cost=2.00
    neigh(170,99) d=4 terrain=10 cost=2.00
    neigh(169,99) d=5 terrain=10 cost=2.00
    neigh(169,98) d=6 terrain=10 cost=2.00
    neigh(169,97) d=7 terrain=10 cost=2.00
  expand #12: (168,100) boat=1 g=8.60 terrain=10 f_top=67.88
    neigh(168,99) d=0 terrain=10 cost=2.00
    neigh(169,99) d=1 terrain=10 cost=2.00
    neigh(169,100) d=2 terrain=10 cost=2.00
    neigh(169,101) d=3 terrain=10 cost=3.00
    neigh(168,101) d=4 terrain=10 cost=2.90
    neigh(167,101) d=5 terrain=10 cost=2.70
    neigh(167,100) d=6 terrain=10 cost=2.00
    neigh(167,99) d=7 terrain=10 cost=2.00
  expand #13: (172,98) boat=1 g=4.00 terrain=10 f_top=68.10
    neigh(172,97) d=0 terrain=10 cost=2.00
    neigh(173,97) d=1 terrain=10 cost=2.00
    neigh(173,98) d=2 terrain=10 cost=2.00
    neigh(173,99) d=3 terrain=10 cost=2.00
    neigh(172,99) d=4 terrain=10 cost=2.00
    neigh(171,99) d=5 terrain=10 cost=2.00
    neigh(171,98) d=6 terrain=10 cost=2.00
    neigh(171,97) d=7 terrain=10 cost=2.00
  expand #14: (173,101) boat=1 g=4.23 terrain=10 f_top=68.10
    neigh(173,100) d=0 terrain=10 cost=2.00
    neigh(174,100) d=1 terrain=10 cost=2.00
    neigh(174,101) d=2 terrain=10 cost=2.50
    neigh(174,102) d=3 terrain=1 cost=2.90
    neigh(173,102) d=4 terrain=1 cost=3.60
    neigh(172,102) d=5 terrain=1 cost=3.70
    neigh(172,101) d=6 terrain=10 cost=3.10
    neigh(172,100) d=7 terrain=10 cost=2.00
  expand #15: (170,99) boat=1 g=6.82 terrain=10 f_top=68.51
    neigh(170,98) d=0 terrain=10 cost=2.00
    neigh(171,98) d=1 terrain=10 cost=2.00
    neigh(171,99) d=2 terrain=10 cost=2.00
    neigh(171,100) d=3 terrain=10 cost=2.60
    neigh(170,100) d=4 terrain=10 cost=2.00
    neigh(169,100) d=5 terrain=10 cost=2.00
    neigh(169,99) d=6 terrain=10 cost=2.00
    neigh(169,98) d=7 terrain=10 cost=2.00
  expand #16: (167,100) boat=1 g=10.60 terrain=10 f_top=68.88
    neigh(167,99) d=0 terrain=10 cost=2.00
    neigh(168,99) d=1 terrain=10 cost=2.00
    neigh(168,100) d=2 terrain=10 cost=2.00
    neigh(168,101) d=3 terrain=10 cost=2.90
    neigh(167,101) d=4 terrain=10 cost=2.70
    neigh(166,101) d=5 terrain=10 cost=2.00
    neigh(166,100) d=6 terrain=10 cost=2.00
    neigh(166,99) d=7 terrain=10 cost=2.00
  expand #17: (172,102) boat=1 g=6.80 terrain=1 f_top=69.26
    neigh(172,101) d=0 terrain=10 cost=3.10
    neigh(173,101) d=1 terrain=10 cost=3.00
    neigh(173,102) d=2 terrain=1 cost=3.60
    neigh(172,103) d=4 terrain=2 cost=20.27
    neigh(171,102) d=6 terrain=1 cost=3.70
    neigh(171,101) d=7 terrain=10 cost=3.20
  expand #18: (174,100) boat=1 g=4.00 terrain=10 f_top=69.28
    neigh(174,99) d=0 terrain=10 cost=2.00
    neigh(175,99) d=1 terrain=10 cost=2.00
    neigh(175,100) d=2 terrain=10 cost=2.00
    neigh(175,101) d=3 terrain=10 cost=2.40
    neigh(174,101) d=4 terrain=10 cost=2.50
    neigh(173,101) d=5 terrain=10 cost=3.00
    neigh(173,100) d=6 terrain=10 cost=2.00
    neigh(173,99) d=7 terrain=10 cost=2.00
  expand #19: (169,99) boat=1 g=8.82 terrain=10 f_top=69.51
    neigh(169,98) d=0 terrain=10 cost=2.00
    neigh(170,98) d=1 terrain=10 cost=2.00
    neigh(170,99) d=2 terrain=10 cost=2.00
    neigh(170,100) d=3 terrain=10 cost=2.00
    neigh(169,100) d=4 terrain=10 cost=2.00
    neigh(168,100) d=5 terrain=10 cost=2.00
    neigh(168,99) d=6 terrain=10 cost=2.00
    neigh(168,98) d=7 terrain=10 cost=2.00
  expand #20: (166,100) boat=1 g=12.60 terrain=10 f_top=69.88
    neigh(166,99) d=0 terrain=10 cost=2.00
    neigh(167,99) d=1 terrain=10 cost=2.00
    neigh(167,100) d=2 terrain=10 cost=2.00
    neigh(167,101) d=3 terrain=10 cost=2.70
    neigh(166,101) d=4 terrain=10 cost=2.00
    neigh(165,101) d=5 terrain=10 cost=2.00
    neigh(165,100) d=6 terrain=10 cost=2.00
    neigh(165,99) d=7 terrain=10 cost=2.00
  FOUND dest at expand #4992, cost=163.20
  result=163.20 expanded=4992 open_remaining=1195 term=FOUND
  timing: init=21.3us search=1660.0us total=1681.3us  per-expand=0.33us
  heap: pushes=9396 pops=8201 stale_pops=3209 peak_open=1206
  neigh: total=39928 oob=0 diag_blocked=615 cost_inf=51 already_closed=18659 worse_g=11208 relaxed=9395

=== cost_to(156,156)->(98,137) boat=1 sh=40 tr=40 mn=40 arm=40 budget=16000 src_terrain=10 dst_terrain=5 ===
  expand #1: (156,156) boat=1 g=0.00 terrain=10 f_top=65.79
    neigh(156,155) d=0 terrain=10 cost=3.00
    neigh(157,155) d=1 terrain=10 cost=2.90
    neigh(157,156) d=2 terrain=10 cost=2.00
    neigh(157,157) d=3 terrain=10 cost=2.00
    neigh(156,157) d=4 terrain=10 cost=2.00
    neigh(155,157) d=5 terrain=10 cost=2.00
    neigh(155,156) d=6 terrain=10 cost=2.00
    neigh(155,155) d=7 terrain=10 cost=3.10
  expand #2: (155,156) boat=1 g=2.00 terrain=10 f_top=66.79
    neigh(155,155) d=0 terrain=10 cost=3.10
    neigh(156,155) d=1 terrain=10 cost=3.00
    neigh(156,156) d=2 terrain=10 cost=2.00
    neigh(156,157) d=3 terrain=10 cost=2.00
    neigh(155,157) d=4 terrain=10 cost=2.00
    neigh(154,157) d=5 terrain=10 cost=2.00
    neigh(154,156) d=6 terrain=10 cost=2.60
    neigh(154,155) d=7 terrain=10 cost=3.20
  expand #3: (155,157) boat=1 g=2.82 terrain=10 f_top=68.02
    neigh(155,156) d=0 terrain=10 cost=2.00
    neigh(156,156) d=1 terrain=10 cost=2.00
    neigh(156,157) d=2 terrain=10 cost=2.00
    neigh(156,158) d=3 terrain=10 cost=2.00
    neigh(155,158) d=4 terrain=10 cost=2.00
    neigh(154,158) d=5 terrain=10 cost=2.00
    neigh(154,157) d=6 terrain=10 cost=2.00
    neigh(154,156) d=7 terrain=10 cost=2.60
  expand #4: (156,157) boat=1 g=2.00 terrain=10 f_top=68.20
    neigh(156,156) d=0 terrain=10 cost=2.00
    neigh(157,156) d=1 terrain=10 cost=2.00
    neigh(157,157) d=2 terrain=10 cost=2.00
    neigh(157,158) d=3 terrain=10 cost=2.00
    neigh(156,158) d=4 terrain=10 cost=2.00
    neigh(155,158) d=5 terrain=10 cost=2.00
    neigh(155,157) d=6 terrain=10 cost=2.00
    neigh(155,156) d=7 terrain=10 cost=2.00
  expand #5: (156,155) boat=1 g=3.00 terrain=10 f_top=68.38
    neigh(156,154) d=0 terrain=10 cost=3.60
    neigh(157,154) d=1 terrain=10 cost=3.40
    neigh(157,155) d=2 terrain=10 cost=2.90
    neigh(157,156) d=3 terrain=10 cost=2.00
    neigh(156,156) d=4 terrain=10 cost=2.00
    neigh(155,156) d=5 terrain=10 cost=2.00
    neigh(155,155) d=6 terrain=10 cost=3.10
    neigh(155,154) d=7 terrain=10 cost=3.70
  expand #6: (154,156) boat=1 g=4.60 terrain=10 f_top=68.39
    neigh(154,155) d=0 terrain=10 cost=3.20
    neigh(155,155) d=1 terrain=10 cost=3.10
    neigh(155,156) d=2 terrain=10 cost=2.00
    neigh(155,157) d=3 terrain=10 cost=2.00
    neigh(154,157) d=4 terrain=10 cost=2.00
    neigh(153,157) d=5 terrain=10 cost=2.00
    neigh(153,156) d=6 terrain=10 cost=2.00
    neigh(153,155) d=7 terrain=10 cost=3.10
  expand #7: (155,155) boat=1 g=4.37 terrain=10 f_top=68.75
    neigh(155,154) d=0 terrain=10 cost=3.70
    neigh(156,154) d=1 terrain=10 cost=3.60
    neigh(156,155) d=2 terrain=10 cost=3.00
    neigh(156,156) d=3 terrain=10 cost=2.00
    neigh(155,156) d=4 terrain=10 cost=2.00
    neigh(154,156) d=5 terrain=10 cost=2.60
    neigh(154,155) d=6 terrain=10 cost=3.20
    neigh(154,154) d=7 terrain=10 cost=3.70
  expand #8: (157,156) boat=1 g=2.00 terrain=10 f_top=68.79
    neigh(157,155) d=0 terrain=10 cost=2.90
    neigh(158,155) d=1 terrain=10 cost=2.70
    neigh(158,156) d=2 terrain=10 cost=2.00
    neigh(158,157) d=3 terrain=10 cost=2.00
    neigh(157,157) d=4 terrain=10 cost=2.00
    neigh(156,157) d=5 terrain=10 cost=2.00
    neigh(156,156) d=6 terrain=10 cost=2.00
    neigh(156,155) d=7 terrain=10 cost=3.00
  expand #9: (153,156) boat=1 g=6.60 terrain=10 f_top=69.39
    neigh(153,155) d=0 terrain=10 cost=3.10
    neigh(154,155) d=1 terrain=10 cost=3.20
    neigh(154,156) d=2 terrain=10 cost=2.60
    neigh(154,157) d=3 terrain=10 cost=2.00
    neigh(153,157) d=4 terrain=10 cost=2.00
    neigh(152,157) d=5 terrain=10 cost=2.00
    neigh(152,156) d=6 terrain=10 cost=2.00
    neigh(152,155) d=7 terrain=10 cost=3.00
  expand #10: (157,157) boat=1 g=2.82 terrain=10 f_top=70.02
    neigh(157,156) d=0 terrain=10 cost=2.00
    neigh(158,156) d=1 terrain=10 cost=2.00
    neigh(158,157) d=2 terrain=10 cost=2.00
    neigh(158,158) d=3 terrain=10 cost=2.00
    neigh(157,158) d=4 terrain=10 cost=2.00
    neigh(156,158) d=5 terrain=10 cost=2.00
    neigh(156,157) d=6 terrain=10 cost=2.00
    neigh(156,156) d=7 terrain=10 cost=2.00
  expand #11: (154,158) boat=1 g=5.64 terrain=10 f_top=70.25
    neigh(154,157) d=0 terrain=10 cost=2.00
    neigh(155,157) d=1 terrain=10 cost=2.00
    neigh(155,158) d=2 terrain=10 cost=2.00
    neigh(155,159) d=3 terrain=10 cost=2.00
    neigh(154,159) d=4 terrain=10 cost=2.00
    neigh(153,159) d=5 terrain=10 cost=2.00
    neigh(153,158) d=6 terrain=10 cost=2.00
    neigh(153,157) d=7 terrain=10 cost=2.00
  expand #12: (152,156) boat=1 g=8.60 terrain=10 f_top=70.39
    neigh(152,155) d=0 terrain=10 cost=3.00
    neigh(153,155) d=1 terrain=10 cost=3.10
    neigh(153,156) d=2 terrain=10 cost=2.00
    neigh(153,157) d=3 terrain=10 cost=2.00
    neigh(152,157) d=4 terrain=10 cost=2.00
    neigh(151,157) d=5 terrain=10 cost=2.00
    neigh(151,156) d=6 terrain=10 cost=2.00
    neigh(151,155) d=7 terrain=10 cost=2.90
  expand #13: (157,155) boat=1 g=4.09 terrain=10 f_top=70.47
    neigh(157,154) d=0 terrain=10 cost=3.40
    neigh(158,154) d=1 terrain=10 cost=3.20
    neigh(158,155) d=2 terrain=10 cost=2.70
    neigh(158,156) d=3 terrain=10 cost=2.00
    neigh(157,156) d=4 terrain=10 cost=2.00
    neigh(156,156) d=5 terrain=10 cost=2.00
    neigh(156,155) d=6 terrain=10 cost=3.00
    neigh(156,154) d=7 terrain=10 cost=3.60
  expand #14: (156,158) boat=1 g=4.00 terrain=10 f_top=70.61
    neigh(156,157) d=0 terrain=10 cost=2.00
    neigh(157,157) d=1 terrain=10 cost=2.00
    neigh(157,158) d=2 terrain=10 cost=2.00
    neigh(157,159) d=3 terrain=10 cost=2.00
    neigh(156,159) d=4 terrain=10 cost=2.00
    neigh(155,159) d=5 terrain=10 cost=2.00
    neigh(155,158) d=6 terrain=10 cost=2.00
    neigh(155,157) d=7 terrain=10 cost=2.00
  expand #15: (154,157) boat=1 g=6.82 terrain=10 f_top=71.02
    neigh(154,156) d=0 terrain=10 cost=2.60
    neigh(155,156) d=1 terrain=10 cost=2.00
    neigh(155,157) d=2 terrain=10 cost=2.00
    neigh(155,158) d=3 terrain=10 cost=2.00
    neigh(154,158) d=4 terrain=10 cost=2.00
    neigh(153,158) d=5 terrain=10 cost=2.00
    neigh(153,157) d=6 terrain=10 cost=2.00
    neigh(153,156) d=7 terrain=10 cost=2.00
  expand #16: (151,156) boat=1 g=10.60 terrain=10 f_top=71.39
    neigh(151,155) d=0 terrain=10 cost=2.90
    neigh(152,155) d=1 terrain=10 cost=3.00
    neigh(152,156) d=2 terrain=10 cost=2.00
    neigh(152,157) d=3 terrain=10 cost=2.00
    neigh(151,157) d=4 terrain=10 cost=2.00
    neigh(150,157) d=5 terrain=10 cost=2.00
    neigh(150,156) d=6 terrain=10 cost=2.00
    neigh(150,155) d=7 terrain=10 cost=2.70
  expand #17: (156,154) boat=1 g=6.60 terrain=10 f_top=71.57
    neigh(156,153) d=0 terrain=1 cost=4.20
    neigh(157,153) d=1 terrain=1 cost=4.00
    neigh(157,154) d=2 terrain=10 cost=3.40
    neigh(157,155) d=3 terrain=10 cost=2.90
    neigh(156,155) d=4 terrain=10 cost=3.00
    neigh(155,155) d=5 terrain=10 cost=3.10
    neigh(155,154) d=6 terrain=10 cost=3.70
    neigh(155,153) d=7 terrain=1 cost=4.30
  expand #18: (158,156) boat=1 g=4.00 terrain=10 f_top=71.79
    neigh(158,155) d=0 terrain=10 cost=2.70
    neigh(159,155) d=1 terrain=10 cost=2.00
    neigh(159,156) d=2 terrain=10 cost=2.00
    neigh(159,157) d=3 terrain=10 cost=2.00
    neigh(158,157) d=4 terrain=10 cost=2.00
    neigh(157,157) d=5 terrain=10 cost=2.00
    neigh(157,156) d=6 terrain=10 cost=2.00
    neigh(157,155) d=7 terrain=10 cost=2.90
  expand #19: (153,157) boat=1 g=8.82 terrain=10 f_top=72.02
    neigh(153,156) d=0 terrain=10 cost=2.00
    neigh(154,156) d=1 terrain=10 cost=2.60
    neigh(154,157) d=2 terrain=10 cost=2.00
    neigh(154,158) d=3 terrain=10 cost=2.00
    neigh(153,158) d=4 terrain=10 cost=2.00
    neigh(152,158) d=5 terrain=10 cost=2.00
    neigh(152,157) d=6 terrain=10 cost=2.00
    neigh(152,156) d=7 terrain=10 cost=2.00
  expand #20: (150,156) boat=1 g=12.60 terrain=10 f_top=72.39
    neigh(150,155) d=0 terrain=10 cost=2.70
    neigh(151,155) d=1 terrain=10 cost=2.90
    neigh(151,156) d=2 terrain=10 cost=2.00
    neigh(151,157) d=3 terrain=10 cost=2.00
    neigh(150,157) d=4 terrain=10 cost=2.00
    neigh(149,157) d=5 terrain=10 cost=2.00
    neigh(149,156) d=6 terrain=10 cost=2.00
    neigh(149,155) d=7 terrain=10 cost=2.00
  FOUND dest at expand #5881, cost=177.28
  result=177.28 expanded=5881 open_remaining=1357 term=FOUND
  timing: init=21.5us search=1869.4us total=1890.9us  per-expand=0.32us
  heap: pushes=11083 pops=9726 stale_pops=3845 peak_open=1377
  neigh: total=47040 oob=0 diag_blocked=983 cost_inf=75 already_closed=22019 worse_g=12881 relaxed=11082

=== cost_to(172,100)->(117,113) boat=1 sh=40 tr=40 mn=40 arm=40 budget=16000 src_terrain=10 dst_terrain=7 ===
  expand #1: (172,100) boat=1 g=0.00 terrain=10 f_top=60.33
    neigh(172,99) d=0 terrain=10 cost=2.00
    neigh(173,99) d=1 terrain=10 cost=2.00
    neigh(173,100) d=2 terrain=10 cost=2.00
    neigh(173,101) d=3 terrain=10 cost=3.00
    neigh(172,101) d=4 terrain=10 cost=3.10
    neigh(171,101) d=5 terrain=10 cost=3.20
    neigh(171,100) d=6 terrain=10 cost=2.60
    neigh(171,99) d=7 terrain=10 cost=2.00
  expand #2: (171,100) boat=1 g=2.60 terrain=10 f_top=61.93
    neigh(171,99) d=0 terrain=10 cost=2.00
    neigh(172,99) d=1 terrain=10 cost=2.00
    neigh(172,100) d=2 terrain=10 cost=2.00
    neigh(172,101) d=3 terrain=10 cost=3.10
    neigh(171,101) d=4 terrain=10 cost=3.20
    neigh(170,101) d=5 terrain=10 cost=3.10
    neigh(170,100) d=6 terrain=10 cost=2.00
    neigh(170,99) d=7 terrain=10 cost=2.00
  expand #3: (171,99) boat=1 g=2.82 terrain=10 f_top=62.56
    neigh(171,98) d=0 terrain=10 cost=2.00
    neigh(172,98) d=1 terrain=10 cost=2.00
    neigh(172,99) d=2 terrain=10 cost=2.00
    neigh(172,100) d=3 terrain=10 cost=2.00
    neigh(171,100) d=4 terrain=10 cost=2.60
    neigh(170,100) d=5 terrain=10 cost=2.00
    neigh(170,99) d=6 terrain=10 cost=2.00
    neigh(170,98) d=7 terrain=10 cost=2.00
  expand #4: (172,99) boat=1 g=2.00 terrain=10 f_top=62.74
    neigh(172,98) d=0 terrain=10 cost=2.00
    neigh(173,98) d=1 terrain=10 cost=2.00
    neigh(173,99) d=2 terrain=10 cost=2.00
    neigh(173,100) d=3 terrain=10 cost=2.00
    neigh(172,100) d=4 terrain=10 cost=2.00
    neigh(171,100) d=5 terrain=10 cost=2.60
    neigh(171,99) d=6 terrain=10 cost=2.00
    neigh(171,98) d=7 terrain=10 cost=2.00
  expand #5: (170,100) boat=1 g=4.60 terrain=10 f_top=62.93
    neigh(170,99) d=0 terrain=10 cost=2.00
    neigh(171,99) d=1 terrain=10 cost=2.00
    neigh(171,100) d=2 terrain=10 cost=2.60
    neigh(171,101) d=3 terrain=10 cost=3.20
    neigh(170,101) d=4 terrain=10 cost=3.10
    neigh(169,101) d=5 terrain=10 cost=3.00
    neigh(169,100) d=6 terrain=10 cost=2.00
    neigh(169,99) d=7 terrain=10 cost=2.00
  expand #6: (172,101) boat=1 g=3.10 terrain=10 f_top=63.02
    neigh(172,100) d=0 terrain=10 cost=2.00
    neigh(173,100) d=1 terrain=10 cost=2.00
    neigh(173,101) d=2 terrain=10 cost=3.00
    neigh(173,102) d=3 terrain=1 cost=3.60
    neigh(172,102) d=4 terrain=1 cost=3.70
    neigh(171,102) d=5 terrain=1 cost=3.70
    neigh(171,101) d=6 terrain=10 cost=3.20
    neigh(171,100) d=7 terrain=10 cost=2.60
  expand #7: (173,100) boat=1 g=2.00 terrain=10 f_top=63.33
    neigh(173,99) d=0 terrain=10 cost=2.00
    neigh(174,99) d=1 terrain=10 cost=2.00
    neigh(174,100) d=2 terrain=10 cost=2.00
    neigh(174,101) d=3 terrain=10 cost=2.50
    neigh(173,101) d=4 terrain=10 cost=3.00
    neigh(172,101) d=5 terrain=10 cost=3.10
    neigh(172,100) d=6 terrain=10 cost=2.00
    neigh(172,99) d=7 terrain=10 cost=2.00
  expand #8: (171,101) boat=1 g=4.51 terrain=10 f_top=63.43
    neigh(171,100) d=0 terrain=10 cost=2.60
    neigh(172,100) d=1 terrain=10 cost=2.00
    neigh(172,101) d=2 terrain=10 cost=3.10
    neigh(172,102) d=3 terrain=1 cost=3.70
    neigh(171,102) d=4 terrain=1 cost=3.70
    neigh(170,102) d=5 terrain=1 cost=3.70
    neigh(170,101) d=6 terrain=10 cost=3.10
    neigh(170,100) d=7 terrain=10 cost=2.00
  expand #9: (169,100) boat=1 g=6.60 terrain=10 f_top=63.93
    neigh(169,99) d=0 terrain=10 cost=2.00
    neigh(170,99) d=1 terrain=10 cost=2.00
    neigh(170,100) d=2 terrain=10 cost=2.00
    neigh(170,101) d=3 terrain=10 cost=3.10
    neigh(169,101) d=4 terrain=10 cost=3.00
    neigh(168,101) d=5 terrain=10 cost=2.90
    neigh(168,100) d=6 terrain=10 cost=2.00
    neigh(168,99) d=7 terrain=10 cost=2.00
  expand #10: (173,99) boat=1 g=2.82 terrain=10 f_top=64.56
    neigh(173,98) d=0 terrain=10 cost=2.00
    neigh(174,98) d=1 terrain=10 cost=2.00
    neigh(174,99) d=2 terrain=10 cost=2.00
    neigh(174,100) d=3 terrain=10 cost=2.00
    neigh(173,100) d=4 terrain=10 cost=2.00
    neigh(172,100) d=5 terrain=10 cost=2.00
    neigh(172,99) d=6 terrain=10 cost=2.00
    neigh(172,98) d=7 terrain=10 cost=2.00
  expand #11: (170,98) boat=1 g=5.64 terrain=10 f_top=64.79
    neigh(170,97) d=0 terrain=10 cost=2.00
    neigh(171,97) d=1 terrain=10 cost=2.00
    neigh(171,98) d=2 terrain=10 cost=2.00
    neigh(171,99) d=3 terrain=10 cost=2.00
    neigh(170,99) d=4 terrain=10 cost=2.00
    neigh(169,99) d=5 terrain=10 cost=2.00
    neigh(169,98) d=6 terrain=10 cost=2.00
    neigh(169,97) d=7 terrain=10 cost=2.00
  expand #12: (168,100) boat=1 g=8.60 terrain=10 f_top=64.93
    neigh(168,99) d=0 terrain=10 cost=2.00
    neigh(169,99) d=1 terrain=10 cost=2.00
    neigh(169,100) d=2 terrain=10 cost=2.00
    neigh(169,101) d=3 terrain=10 cost=3.00
    neigh(168,101) d=4 terrain=10 cost=2.90
    neigh(167,101) d=5 terrain=10 cost=2.70
    neigh(167,100) d=6 terrain=10 cost=2.00
    neigh(167,99) d=7 terrain=10 cost=2.00
  expand #13: (172,98) boat=1 g=4.00 terrain=10 f_top=65.15
    neigh(172,97) d=0 terrain=10 cost=2.00
    neigh(173,97) d=1 terrain=10 cost=2.00
    neigh(173,98) d=2 terrain=10 cost=2.00
    neigh(173,99) d=3 terrain=10 cost=2.00
    neigh(172,99) d=4 terrain=10 cost=2.00
    neigh(171,99) d=5 terrain=10 cost=2.00
    neigh(171,98) d=6 terrain=10 cost=2.00
    neigh(171,97) d=7 terrain=10 cost=2.00
  expand #14: (173,101) boat=1 g=4.23 terrain=10 f_top=65.15
    neigh(173,100) d=0 terrain=10 cost=2.00
    neigh(174,100) d=1 terrain=10 cost=2.00
    neigh(174,101) d=2 terrain=10 cost=2.50
    neigh(174,102) d=3 terrain=1 cost=2.90
    neigh(173,102) d=4 terrain=1 cost=3.60
    neigh(172,102) d=5 terrain=1 cost=3.70
    neigh(172,101) d=6 terrain=10 cost=3.10
    neigh(172,100) d=7 terrain=10 cost=2.00
  expand #15: (170,99) boat=1 g=6.82 terrain=10 f_top=65.56
    neigh(170,98) d=0 terrain=10 cost=2.00
    neigh(171,98) d=1 terrain=10 cost=2.00
    neigh(171,99) d=2 terrain=10 cost=2.00
    neigh(171,100) d=3 terrain=10 cost=2.60
    neigh(170,100) d=4 terrain=10 cost=2.00
    neigh(169,100) d=5 terrain=10 cost=2.00
    neigh(169,99) d=6 terrain=10 cost=2.00
    neigh(169,98) d=7 terrain=10 cost=2.00
  expand #16: (167,100) boat=1 g=10.60 terrain=10 f_top=65.93
    neigh(167,99) d=0 terrain=10 cost=2.00
    neigh(168,99) d=1 terrain=10 cost=2.00
    neigh(168,100) d=2 terrain=10 cost=2.00
    neigh(168,101) d=3 terrain=10 cost=2.90
    neigh(167,101) d=4 terrain=10 cost=2.70
    neigh(166,101) d=5 terrain=10 cost=2.00
    neigh(166,100) d=6 terrain=10 cost=2.00
    neigh(166,99) d=7 terrain=10 cost=2.00
  expand #17: (172,102) boat=1 g=6.80 terrain=1 f_top=66.31
    neigh(172,101) d=0 terrain=10 cost=3.10
    neigh(173,101) d=1 terrain=10 cost=3.00
    neigh(173,102) d=2 terrain=1 cost=3.60
    neigh(172,103) d=4 terrain=2 cost=20.27
    neigh(171,102) d=6 terrain=1 cost=3.70
    neigh(171,101) d=7 terrain=10 cost=3.20
  expand #18: (174,100) boat=1 g=4.00 terrain=10 f_top=66.33
    neigh(174,99) d=0 terrain=10 cost=2.00
    neigh(175,99) d=1 terrain=10 cost=2.00
    neigh(175,100) d=2 terrain=10 cost=2.00
    neigh(175,101) d=3 terrain=10 cost=2.40
    neigh(174,101) d=4 terrain=10 cost=2.50
    neigh(173,101) d=5 terrain=10 cost=3.00
    neigh(173,100) d=6 terrain=10 cost=2.00
    neigh(173,99) d=7 terrain=10 cost=2.00
  expand #19: (169,99) boat=1 g=8.82 terrain=10 f_top=66.56
    neigh(169,98) d=0 terrain=10 cost=2.00
    neigh(170,98) d=1 terrain=10 cost=2.00
    neigh(170,99) d=2 terrain=10 cost=2.00
    neigh(170,100) d=3 terrain=10 cost=2.00
    neigh(169,100) d=4 terrain=10 cost=2.00
    neigh(168,100) d=5 terrain=10 cost=2.00
    neigh(168,99) d=6 terrain=10 cost=2.00
    neigh(168,98) d=7 terrain=10 cost=2.00
  expand #20: (166,100) boat=1 g=12.60 terrain=10 f_top=66.93
    neigh(166,99) d=0 terrain=10 cost=2.00
    neigh(167,99) d=1 terrain=10 cost=2.00
    neigh(167,100) d=2 terrain=10 cost=2.00
    neigh(167,101) d=3 terrain=10 cost=2.70
    neigh(166,101) d=4 terrain=10 cost=2.00
    neigh(165,101) d=5 terrain=10 cost=2.00
    neigh(165,100) d=6 terrain=10 cost=2.00
    neigh(165,99) d=7 terrain=10 cost=2.00
  FOUND dest at expand #4582, cost=156.99
  result=156.99 expanded=4582 open_remaining=1140 term=FOUND
  timing: init=23.5us search=1602.2us total=1625.7us  per-expand=0.35us
  heap: pushes=8622 pops=7482 stale_pops=2900 peak_open=1152
  neigh: total=36648 oob=0 diag_blocked=601 cost_inf=51 already_closed=17049 worse_g=10326 relaxed=8621

=== cost_to(156,156)->(175,105) boat=1 sh=40 tr=40 mn=40 arm=40 budget=16000 src_terrain=10 dst_terrain=4 ===
  expand #1: (156,156) boat=1 g=0.00 terrain=10 f_top=58.79
    neigh(156,155) d=0 terrain=10 cost=12.00
    neigh(157,155) d=1 terrain=10 cost=11.00
    neigh(157,156) d=2 terrain=10 cost=2.00
    neigh(157,157) d=3 terrain=10 cost=2.00
    neigh(156,157) d=4 terrain=10 cost=2.00
    neigh(155,157) d=5 terrain=10 cost=2.00
    neigh(155,156) d=6 terrain=10 cost=2.00
    neigh(155,155) d=7 terrain=10 cost=13.00
  expand #2: (157,156) boat=1 g=2.00 terrain=10 f_top=60.38
    neigh(157,155) d=0 terrain=10 cost=11.00
    neigh(158,155) d=1 terrain=10 cost=9.00
    neigh(158,156) d=2 terrain=10 cost=2.00
    neigh(158,157) d=3 terrain=10 cost=2.00
    neigh(157,157) d=4 terrain=10 cost=2.00
    neigh(156,157) d=5 terrain=10 cost=2.00
    neigh(156,156) d=6 terrain=10 cost=2.00
    neigh(156,155) d=7 terrain=10 cost=12.00
  expand #3: (155,156) boat=1 g=2.00 terrain=10 f_top=61.20
    neigh(155,155) d=0 terrain=10 cost=13.00
    neigh(156,155) d=1 terrain=10 cost=12.00
    neigh(156,156) d=2 terrain=10 cost=2.00
    neigh(156,157) d=3 terrain=10 cost=2.00
    neigh(155,157) d=4 terrain=10 cost=2.00
    neigh(154,157) d=5 terrain=10 cost=2.00
    neigh(154,156) d=6 terrain=10 cost=8.00
    neigh(154,155) d=7 terrain=10 cost=14.00
  expand #4: (156,157) boat=1 g=2.00 terrain=10 f_top=61.79
    neigh(156,156) d=0 terrain=10 cost=2.00
    neigh(157,156) d=1 terrain=10 cost=2.00
    neigh(157,157) d=2 terrain=10 cost=2.00
    neigh(157,158) d=3 terrain=10 cost=2.00
    neigh(156,158) d=4 terrain=10 cost=2.00
    neigh(155,158) d=5 terrain=10 cost=2.00
    neigh(155,157) d=6 terrain=10 cost=2.00
    neigh(155,156) d=7 terrain=10 cost=2.00
  expand #5: (158,156) boat=1 g=4.00 terrain=10 f_top=61.97
    neigh(158,155) d=0 terrain=10 cost=9.00
    neigh(159,155) d=1 terrain=10 cost=2.00
    neigh(159,156) d=2 terrain=10 cost=2.00
    neigh(159,157) d=3 terrain=10 cost=2.00
    neigh(158,157) d=4 terrain=10 cost=2.00
    neigh(157,157) d=5 terrain=10 cost=2.00
    neigh(157,156) d=6 terrain=10 cost=2.00
    neigh(157,155) d=7 terrain=10 cost=11.00
  expand #6: (157,157) boat=1 g=2.82 terrain=10 f_top=62.20
    neigh(157,156) d=0 terrain=10 cost=2.00
    neigh(158,156) d=1 terrain=10 cost=2.00
    neigh(158,157) d=2 terrain=10 cost=2.00
    neigh(158,158) d=3 terrain=10 cost=2.00
    neigh(157,158) d=4 terrain=10 cost=2.00
    neigh(156,158) d=5 terrain=10 cost=2.00
    neigh(156,157) d=6 terrain=10 cost=2.00
    neigh(156,156) d=7 terrain=10 cost=2.00
  expand #7: (155,157) boat=1 g=2.82 terrain=10 f_top=63.02
    neigh(155,156) d=0 terrain=10 cost=2.00
    neigh(156,156) d=1 terrain=10 cost=2.00
    neigh(156,157) d=2 terrain=10 cost=2.00
    neigh(156,158) d=3 terrain=10 cost=2.00
    neigh(155,158) d=4 terrain=10 cost=2.00
    neigh(154,158) d=5 terrain=10 cost=2.00
    neigh(154,157) d=6 terrain=10 cost=2.00
    neigh(154,156) d=7 terrain=10 cost=8.00
  expand #8: (159,156) boat=1 g=6.00 terrain=10 f_top=63.56
    neigh(159,155) d=0 terrain=10 cost=2.00
    neigh(160,155) d=1 terrain=10 cost=2.00
    neigh(160,156) d=2 terrain=10 cost=2.00
    neigh(160,157) d=3 terrain=10 cost=2.00
    neigh(159,157) d=4 terrain=10 cost=2.00
    neigh(158,157) d=5 terrain=10 cost=2.00
    neigh(158,156) d=6 terrain=10 cost=2.00
    neigh(158,155) d=7 terrain=10 cost=9.00
  expand #9: (156,158) boat=1 g=4.00 terrain=10 f_top=64.79
    neigh(156,157) d=0 terrain=10 cost=2.00
    neigh(157,157) d=1 terrain=10 cost=2.00
    neigh(157,158) d=2 terrain=10 cost=2.00
    neigh(157,159) d=3 terrain=10 cost=2.00
    neigh(156,159) d=4 terrain=10 cost=2.00
    neigh(155,159) d=5 terrain=10 cost=2.00
    neigh(155,158) d=6 terrain=10 cost=2.00
    neigh(155,157) d=7 terrain=10 cost=2.00
  expand #10: (160,156) boat=1 g=8.00 terrain=10 f_top=65.15
    neigh(160,155) d=0 terrain=10 cost=2.00
    neigh(161,155) d=1 terrain=10 cost=2.00
    neigh(161,156) d=2 terrain=10 cost=2.00
    neigh(161,157) d=3 terrain=10 cost=2.00
    neigh(160,157) d=4 terrain=10 cost=2.00
    neigh(159,157) d=5 terrain=10 cost=2.00
    neigh(159,156) d=6 terrain=10 cost=2.00
    neigh(159,155) d=7 terrain=10 cost=2.00
  expand #11: (158,158) boat=1 g=5.64 terrain=10 f_top=65.61
    neigh(158,157) d=0 terrain=10 cost=2.00
    neigh(159,157) d=1 terrain=10 cost=2.00
    neigh(159,158) d=2 terrain=10 cost=2.00
    neigh(159,159) d=3 terrain=10 cost=2.00
    neigh(158,159) d=4 terrain=10 cost=2.00
    neigh(157,159) d=5 terrain=10 cost=2.00
    neigh(157,158) d=6 terrain=10 cost=2.00
    neigh(157,157) d=7 terrain=10 cost=2.00
  expand #12: (158,157) boat=1 g=6.82 terrain=10 f_top=65.79
    neigh(158,156) d=0 terrain=10 cost=2.00
    neigh(159,156) d=1 terrain=10 cost=2.00
    neigh(159,157) d=2 terrain=10 cost=2.00
    neigh(159,158) d=3 terrain=10 cost=2.00
    neigh(158,158) d=4 terrain=10 cost=2.00
    neigh(157,158) d=5 terrain=10 cost=2.00
    neigh(157,157) d=6 terrain=10 cost=2.00
    neigh(157,156) d=7 terrain=10 cost=2.00
  expand #13: (159,155) boat=1 g=9.64 terrain=10 f_top=66.20
    neigh(159,154) d=0 terrain=10 cost=11.00
    neigh(160,154) d=1 terrain=10 cost=8.00
    neigh(160,155) d=2 terrain=10 cost=2.00
    neigh(160,156) d=3 terrain=10 cost=2.00
    neigh(159,156) d=4 terrain=10 cost=2.00
    neigh(158,156) d=5 terrain=10 cost=2.00
    neigh(158,155) d=6 terrain=10 cost=9.00
    neigh(158,154) d=7 terrain=10 cost=14.00
=== cost_to(172,100)->(108,120) boat=1 sh=40 tr=40 mn=40 arm=40 budget=16000 src_terrain=10 dst_terrain=2 ===
  expand #14: (161,156) boat=1 g=10.00 terrain=10 f_top=66.74
    neigh(161,155) d=0 terrain=10 cost=2.00
    neigh(162,155) d=1 terrain=10 cost=2.00
    neigh(162,156) d=2 terrain=10 cost=2.00
    neigh(162,157) d=3 terrain=10 cost=2.00
    neigh(161,157) d=4 terrain=10 cost=2.00
    neigh(160,157) d=5 terrain=10 cost=2.00
    neigh(160,156) d=6 terrain=10 cost=2.00
    neigh(160,155) d=7 terrain=10 cost=2.00
  expand #15: (157,158) boat=1 g=6.82 terrain=10 f_top=67.20
    neigh(157,157) d=0 terrain=10 cost=2.00
    neigh(158,157) d=1 terrain=10 cost=2.00
    neigh(158,158) d=2 terrain=10 cost=2.00
    neigh(158,159) d=3 terrain=10 cost=2.00
    neigh(157,159) d=4 terrain=10 cost=2.00
    neigh(156,159) d=5 terrain=10 cost=2.00
    neigh(156,158) d=6 terrain=10 cost=2.00
    neigh(156,157) d=7 terrain=10 cost=2.00
  expand #16: (154,158) boat=1 g=5.64 terrain=10 f_top=67.25
    neigh(154,157) d=0 terrain=10 cost=2.00
    neigh(155,157) d=1 terrain=10 cost=2.00
    neigh(155,158) d=2 terrain=10 cost=2.00
    neigh(155,159) d=3 terrain=10 cost=2.00
    neigh(154,159) d=4 terrain=10 cost=2.00
    neigh(153,159) d=5 terrain=10 cost=2.00
    neigh(153,158) d=6 terrain=10 cost=2.00
    neigh(153,157) d=7 terrain=10 cost=2.00
  expand #17: (159,157) boat=1 g=8.82 terrain=10 f_top=67.38
    neigh(159,156) d=0 terrain=10 cost=2.00
    neigh(160,156) d=1 terrain=10 cost=2.00
    neigh(160,157) d=2 terrain=10 cost=2.00
    neigh(160,158) d=3 terrain=10 cost=2.00
    neigh(159,158) d=4 terrain=10 cost=2.00
    neigh(158,158) d=5 terrain=10 cost=2.00
    neigh(158,157) d=6 terrain=10 cost=2.00
    neigh(158,156) d=7 terrain=10 cost=2.00
  expand #18: (154,157) boat=1 g=6.82 terrain=10 f_top=67.43
    neigh(154,156) d=0 terrain=10 cost=8.00
    neigh(155,156) d=1 terrain=10 cost=2.00
    neigh(155,157) d=2 terrain=10 cost=2.00
    neigh(155,158) d=3 terrain=10 cost=2.00
    neigh(154,158) d=4 terrain=10 cost=2.00
    neigh(153,158) d=5 terrain=10 cost=2.00
    neigh(153,157) d=6 terrain=10 cost=2.00
    neigh(153,156) d=7 terrain=10 cost=2.00
  expand #19: (156,159) boat=1 g=6.00 terrain=10 f_top=67.79
    neigh(156,158) d=0 terrain=10 cost=2.00
    neigh(157,158) d=1 terrain=10 cost=2.00
    neigh(157,159) d=2 terrain=10 cost=2.00
    neigh(157,160) d=3 terrain=10 cost=2.00
    neigh(156,160) d=4 terrain=10 cost=2.00
    neigh(155,160) d=5 terrain=10 cost=2.00
    neigh(155,159) d=6 terrain=10 cost=2.00
    neigh(155,158) d=7 terrain=10 cost=2.00
  expand #20: (160,155) boat=1 g=11.64 terrain=10 f_top=67.79
    neigh(160,154) d=0 terrain=10 cost=8.00
  expand #1: (172,100) boat=1 g=0.00 terrain=10 f_top=72.20
    neigh(172,99) d=0 terrain=10 cost=2.00
    neigh(161,154) d=1 terrain=10 cost=2.00
    neigh(173,99) d=1 terrain=10 cost=2.00
    neigh(161,155) d=2 terrain=10 cost=2.00
    neigh(161,156) d=3 terrain=10 cost=2.00
    neigh(160,156) d=4 terrain=10 cost=2.00
    neigh(159,156) d=5 terrain=10 cost=2.00
    neigh(159,155) d=6 terrain=10 cost=2.00
    neigh(159,154) d=7 terrain=10 cost=11.00
    neigh(173,100) d=2 terrain=10 cost=2.00
    neigh(173,101) d=3 terrain=10 cost=3.00
    neigh(172,101) d=4 terrain=10 cost=3.10
    neigh(171,101) d=5 terrain=10 cost=3.20
    neigh(171,100) d=6 terrain=10 cost=2.60
    neigh(171,99) d=7 terrain=10 cost=2.00
  expand #2: (171,100) boat=1 g=2.60 terrain=10 f_top=73.80
    neigh(171,99) d=0 terrain=10 cost=2.00
    neigh(172,99) d=1 terrain=10 cost=2.00
    neigh(172,100) d=2 terrain=10 cost=2.00
    neigh(172,101) d=3 terrain=10 cost=3.10
    neigh(171,101) d=4 terrain=10 cost=3.20
    neigh(170,101) d=5 terrain=10 cost=3.10
    neigh(170,100) d=6 terrain=10 cost=2.00
    neigh(170,99) d=7 terrain=10 cost=2.00
  expand #3: (171,99) boat=1 g=2.82 terrain=10 f_top=74.43
    neigh(171,98) d=0 terrain=10 cost=2.00
    neigh(172,98) d=1 terrain=10 cost=2.00
    neigh(172,99) d=2 terrain=10 cost=2.00
    neigh(172,100) d=3 terrain=10 cost=2.00
    neigh(171,100) d=4 terrain=10 cost=2.60
    neigh(170,100) d=5 terrain=10 cost=2.00
    neigh(170,99) d=6 terrain=10 cost=2.00
    neigh(170,98) d=7 terrain=10 cost=2.00
  expand #4: (172,99) boat=1 g=2.00 terrain=10 f_top=74.61
    neigh(172,98) d=0 terrain=10 cost=2.00
    neigh(173,98) d=1 terrain=10 cost=2.00
    neigh(173,99) d=2 terrain=10 cost=2.00
    neigh(173,100) d=3 terrain=10 cost=2.00
    neigh(172,100) d=4 terrain=10 cost=2.00
    neigh(171,100) d=5 terrain=10 cost=2.60
    neigh(171,99) d=6 terrain=10 cost=2.00
    neigh(171,98) d=7 terrain=10 cost=2.00
  expand #5: (170,100) boat=1 g=4.60 terrain=10 f_top=74.80
    neigh(170,99) d=0 terrain=10 cost=2.00
    neigh(171,99) d=1 terrain=10 cost=2.00
    neigh(171,100) d=2 terrain=10 cost=2.60
    neigh(171,101) d=3 terrain=10 cost=3.20
    neigh(170,101) d=4 terrain=10 cost=3.10
    neigh(169,101) d=5 terrain=10 cost=3.00
    neigh(169,100) d=6 terrain=10 cost=2.00
    neigh(169,99) d=7 terrain=10 cost=2.00
  expand #6: (172,101) boat=1 g=3.10 terrain=10 f_top=74.89
    neigh(172,100) d=0 terrain=10 cost=2.00
    neigh(173,100) d=1 terrain=10 cost=2.00
    neigh(173,101) d=2 terrain=10 cost=3.00
    neigh(173,102) d=3 terrain=1 cost=3.60
    neigh(172,102) d=4 terrain=1 cost=3.70
    neigh(171,102) d=5 terrain=1 cost=3.70
    neigh(171,101) d=6 terrain=10 cost=3.20
    neigh(171,100) d=7 terrain=10 cost=2.60
  expand #7: (173,100) boat=1 g=2.00 terrain=10 f_top=75.20
    neigh(173,99) d=0 terrain=10 cost=2.00
    neigh(174,99) d=1 terrain=10 cost=2.00
    neigh(174,100) d=2 terrain=10 cost=2.00
    neigh(174,101) d=3 terrain=10 cost=2.50
    neigh(173,101) d=4 terrain=10 cost=3.00
    neigh(172,101) d=5 terrain=10 cost=3.10
    neigh(172,100) d=6 terrain=10 cost=2.00
    neigh(172,99) d=7 terrain=10 cost=2.00
  expand #8: (171,101) boat=1 g=4.51 terrain=10 f_top=75.30
    neigh(171,100) d=0 terrain=10 cost=2.60
    neigh(172,100) d=1 terrain=10 cost=2.00
    neigh(172,101) d=2 terrain=10 cost=3.10
    neigh(172,102) d=3 terrain=1 cost=3.70
    neigh(171,102) d=4 terrain=1 cost=3.70
    neigh(170,102) d=5 terrain=1 cost=3.70
    neigh(170,101) d=6 terrain=10 cost=3.10
    neigh(170,100) d=7 terrain=10 cost=2.00
  expand #9: (169,100) boat=1 g=6.60 terrain=10 f_top=75.80
    neigh(169,99) d=0 terrain=10 cost=2.00
    neigh(170,99) d=1 terrain=10 cost=2.00
    neigh(170,100) d=2 terrain=10 cost=2.00
    neigh(170,101) d=3 terrain=10 cost=3.10
    neigh(169,101) d=4 terrain=10 cost=3.00
    neigh(168,101) d=5 terrain=10 cost=2.90
    neigh(168,100) d=6 terrain=10 cost=2.00
    neigh(168,99) d=7 terrain=10 cost=2.00
  expand #10: (173,99) boat=1 g=2.82 terrain=10 f_top=76.43
    neigh(173,98) d=0 terrain=10 cost=2.00
    neigh(174,98) d=1 terrain=10 cost=2.00
    neigh(174,99) d=2 terrain=10 cost=2.00
    neigh(174,100) d=3 terrain=10 cost=2.00
    neigh(173,100) d=4 terrain=10 cost=2.00
    neigh(172,100) d=5 terrain=10 cost=2.00
    neigh(172,99) d=6 terrain=10 cost=2.00
    neigh(172,98) d=7 terrain=10 cost=2.00
  expand #11: (170,98) boat=1 g=5.64 terrain=10 f_top=76.66
    neigh(170,97) d=0 terrain=10 cost=2.00
    neigh(171,97) d=1 terrain=10 cost=2.00
    neigh(171,98) d=2 terrain=10 cost=2.00
    neigh(171,99) d=3 terrain=10 cost=2.00
    neigh(170,99) d=4 terrain=10 cost=2.00
    neigh(169,99) d=5 terrain=10 cost=2.00
    neigh(169,98) d=6 terrain=10 cost=2.00
    neigh(169,97) d=7 terrain=10 cost=2.00
  expand #12: (168,100) boat=1 g=8.60 terrain=10 f_top=76.80
    neigh(168,99) d=0 terrain=10 cost=2.00
    neigh(169,99) d=1 terrain=10 cost=2.00
    neigh(169,100) d=2 terrain=10 cost=2.00
    neigh(169,101) d=3 terrain=10 cost=3.00
    neigh(168,101) d=4 terrain=10 cost=2.90
    neigh(167,101) d=5 terrain=10 cost=2.70
    neigh(167,100) d=6 terrain=10 cost=2.00
    neigh(167,99) d=7 terrain=10 cost=2.00
  expand #13: (172,98) boat=1 g=4.00 terrain=10 f_top=77.02
    neigh(172,97) d=0 terrain=10 cost=2.00
    neigh(173,97) d=1 terrain=10 cost=2.00
    neigh(173,98) d=2 terrain=10 cost=2.00
    neigh(173,99) d=3 terrain=10 cost=2.00
    neigh(172,99) d=4 terrain=10 cost=2.00
    neigh(171,99) d=5 terrain=10 cost=2.00
    neigh(171,98) d=6 terrain=10 cost=2.00
    neigh(171,97) d=7 terrain=10 cost=2.00
  expand #14: (173,101) boat=1 g=4.23 terrain=10 f_top=77.02
    neigh(173,100) d=0 terrain=10 cost=2.00
    neigh(174,100) d=1 terrain=10 cost=2.00
    neigh(174,101) d=2 terrain=10 cost=2.50
    neigh(174,102) d=3 terrain=1 cost=2.90
    neigh(173,102) d=4 terrain=1 cost=3.60
    neigh(172,102) d=5 terrain=1 cost=3.70
    neigh(172,101) d=6 terrain=10 cost=3.10
    neigh(172,100) d=7 terrain=10 cost=2.00
  expand #15: (170,99) boat=1 g=6.82 terrain=10 f_top=77.43
    neigh(170,98) d=0 terrain=10 cost=2.00
    neigh(171,98) d=1 terrain=10 cost=2.00
    neigh(171,99) d=2 terrain=10 cost=2.00
    neigh(171,100) d=3 terrain=10 cost=2.60
    neigh(170,100) d=4 terrain=10 cost=2.00
    neigh(169,100) d=5 terrain=10 cost=2.00
    neigh(169,99) d=6 terrain=10 cost=2.00
    neigh(169,98) d=7 terrain=10 cost=2.00
  expand #16: (167,100) boat=1 g=10.60 terrain=10 f_top=77.80
    neigh(167,99) d=0 terrain=10 cost=2.00
    neigh(168,99) d=1 terrain=10 cost=2.00
    neigh(168,100) d=2 terrain=10 cost=2.00
    neigh(168,101) d=3 terrain=10 cost=2.90
    neigh(167,101) d=4 terrain=10 cost=2.70
    neigh(166,101) d=5 terrain=10 cost=2.00
    neigh(166,100) d=6 terrain=10 cost=2.00
    neigh(166,99) d=7 terrain=10 cost=2.00
  expand #17: (172,102) boat=1 g=6.80 terrain=1 f_top=78.18
    neigh(172,101) d=0 terrain=10 cost=3.10
    neigh(173,101) d=1 terrain=10 cost=3.00
    neigh(173,102) d=2 terrain=1 cost=3.60
    neigh(172,103) d=4 terrain=2 cost=20.27
    neigh(171,102) d=6 terrain=1 cost=3.70
    neigh(171,101) d=7 terrain=10 cost=3.20
  expand #18: (174,100) boat=1 g=4.00 terrain=10 f_top=78.20
    neigh(174,99) d=0 terrain=10 cost=2.00
    neigh(175,99) d=1 terrain=10 cost=2.00
    neigh(175,100) d=2 terrain=10 cost=2.00
    neigh(175,101) d=3 terrain=10 cost=2.40
    neigh(174,101) d=4 terrain=10 cost=2.50
    neigh(173,101) d=5 terrain=10 cost=3.00
    neigh(173,100) d=6 terrain=10 cost=2.00
    neigh(173,99) d=7 terrain=10 cost=2.00
  expand #19: (169,99) boat=1 g=8.82 terrain=10 f_top=78.43
    neigh(169,98) d=0 terrain=10 cost=2.00
    neigh(170,98) d=1 terrain=10 cost=2.00
    neigh(170,99) d=2 terrain=10 cost=2.00
    neigh(170,100) d=3 terrain=10 cost=2.00
    neigh(169,100) d=4 terrain=10 cost=2.00
    neigh(168,100) d=5 terrain=10 cost=2.00
    neigh(168,99) d=6 terrain=10 cost=2.00
    neigh(168,98) d=7 terrain=10 cost=2.00
  expand #20: (166,100) boat=1 g=12.60 terrain=10 f_top=78.80
    neigh(166,99) d=0 terrain=10 cost=2.00
    neigh(167,99) d=1 terrain=10 cost=2.00
    neigh(167,100) d=2 terrain=10 cost=2.00
    neigh(167,101) d=3 terrain=10 cost=2.70
    neigh(166,101) d=4 terrain=10 cost=2.00
    neigh(165,101) d=5 terrain=10 cost=2.00
    neigh(165,100) d=6 terrain=10 cost=2.00
    neigh(165,99) d=7 terrain=10 cost=2.00
  result=1000000015047466219876688855040.00 expanded=16000 open_remaining=1843 term=BUDGET_EXHAUSTED
  timing: init=24.0us search=4374.9us total=4398.9us  per-expand=0.27us
  heap: pushes=29917 pops=28074 stale_pops=12074 peak_open=1844
  neigh: total=128000 oob=0 diag_blocked=1125 cost_inf=94 already_closed=62123 worse_g=34742 relaxed=29916

  result=1000000015047466219876688855040.00 expanded=16000 open_remaining=2055 term=BUDGET_EXHAUSTED
  timing: init=12.9us search=4518.8us total=4531.7us  per-expand=0.28us
  heap: pushes=29322 pops=27267 stale_pops=11267 peak_open=2071
  neigh: total=128000 oob=0 diag_blocked=1411 cost_inf=131 already_closed=61829 worse_g=35308 relaxed=29321

=== cost_to(172,100)->(108,113) boat=1 sh=40 tr=40 mn=40 arm=40 budget=16000 src_terrain=10 dst_terrain=7 ===
  expand #1: (172,100) boat=1 g=0.00 terrain=10 f_top=69.33
    neigh(172,99) d=0 terrain=10 cost=2.00
    neigh(173,99) d=1 terrain=10 cost=2.00
    neigh(173,100) d=2 terrain=10 cost=2.00
    neigh(173,101) d=3 terrain=10 cost=3.00
    neigh(172,101) d=4 terrain=10 cost=3.10
    neigh(171,101) d=5 terrain=10 cost=3.20
    neigh(171,100) d=6 terrain=10 cost=2.60
    neigh(171,99) d=7 terrain=10 cost=2.00
  expand #2: (171,100) boat=1 g=2.60 terrain=10 f_top=70.93
    neigh(171,99) d=0 terrain=10 cost=2.00
    neigh(172,99) d=1 terrain=10 cost=2.00
    neigh(172,100) d=2 terrain=10 cost=2.00
    neigh(172,101) d=3 terrain=10 cost=3.10
    neigh(171,101) d=4 terrain=10 cost=3.20
    neigh(170,101) d=5 terrain=10 cost=3.10
    neigh(170,100) d=6 terrain=10 cost=2.00
    neigh(170,99) d=7 terrain=10 cost=2.00
  expand #3: (171,99) boat=1 g=2.82 terrain=10 f_top=71.56
    neigh(171,98) d=0 terrain=10 cost=2.00
    neigh(172,98) d=1 terrain=10 cost=2.00
    neigh(172,99) d=2 terrain=10 cost=2.00
    neigh(172,100) d=3 terrain=10 cost=2.00
    neigh(171,100) d=4 terrain=10 cost=2.60
    neigh(170,100) d=5 terrain=10 cost=2.00
    neigh(170,99) d=6 terrain=10 cost=2.00
    neigh(170,98) d=7 terrain=10 cost=2.00
  expand #4: (172,99) boat=1 g=2.00 terrain=10 f_top=71.74
    neigh(172,98) d=0 terrain=10 cost=2.00
    neigh(173,98) d=1 terrain=10 cost=2.00
    neigh(173,99) d=2 terrain=10 cost=2.00
    neigh(173,100) d=3 terrain=10 cost=2.00
    neigh(172,100) d=4 terrain=10 cost=2.00
    neigh(171,100) d=5 terrain=10 cost=2.60
    neigh(171,99) d=6 terrain=10 cost=2.00
    neigh(171,98) d=7 terrain=10 cost=2.00
  expand #5: (170,100) boat=1 g=4.60 terrain=10 f_top=71.93
    neigh(170,99) d=0 terrain=10 cost=2.00
    neigh(171,99) d=1 terrain=10 cost=2.00
    neigh(171,100) d=2 terrain=10 cost=2.60
    neigh(171,101) d=3 terrain=10 cost=3.20
    neigh(170,101) d=4 terrain=10 cost=3.10
    neigh(169,101) d=5 terrain=10 cost=3.00
    neigh(169,100) d=6 terrain=10 cost=2.00
    neigh(169,99) d=7 terrain=10 cost=2.00
  expand #6: (172,101) boat=1 g=3.10 terrain=10 f_top=72.02
    neigh(172,100) d=0 terrain=10 cost=2.00
    neigh(173,100) d=1 terrain=10 cost=2.00
    neigh(173,101) d=2 terrain=10 cost=3.00
    neigh(173,102) d=3 terrain=1 cost=3.60
    neigh(172,102) d=4 terrain=1 cost=3.70
    neigh(171,102) d=5 terrain=1 cost=3.70
    neigh(171,101) d=6 terrain=10 cost=3.20
    neigh(171,100) d=7 terrain=10 cost=2.60
  expand #7: (173,100) boat=1 g=2.00 terrain=10 f_top=72.33
    neigh(173,99) d=0 terrain=10 cost=2.00
    neigh(174,99) d=1 terrain=10 cost=2.00
    neigh(174,100) d=2 terrain=10 cost=2.00
    neigh(174,101) d=3 terrain=10 cost=2.50
    neigh(173,101) d=4 terrain=10 cost=3.00
    neigh(172,101) d=5 terrain=10 cost=3.10
    neigh(172,100) d=6 terrain=10 cost=2.00
    neigh(172,99) d=7 terrain=10 cost=2.00
  expand #8: (171,101) boat=1 g=4.51 terrain=10 f_top=72.43
    neigh(171,100) d=0 terrain=10 cost=2.60
    neigh(172,100) d=1 terrain=10 cost=2.00
    neigh(172,101) d=2 terrain=10 cost=3.10
    neigh(172,102) d=3 terrain=1 cost=3.70
    neigh(171,102) d=4 terrain=1 cost=3.70
    neigh(170,102) d=5 terrain=1 cost=3.70
    neigh(170,101) d=6 terrain=10 cost=3.10
    neigh(170,100) d=7 terrain=10 cost=2.00
  expand #9: (169,100) boat=1 g=6.60 terrain=10 f_top=72.93
    neigh(169,99) d=0 terrain=10 cost=2.00
    neigh(170,99) d=1 terrain=10 cost=2.00
    neigh(170,100) d=2 terrain=10 cost=2.00
    neigh(170,101) d=3 terrain=10 cost=3.10
    neigh(169,101) d=4 terrain=10 cost=3.00
    neigh(168,101) d=5 terrain=10 cost=2.90
    neigh(168,100) d=6 terrain=10 cost=2.00
    neigh(168,99) d=7 terrain=10 cost=2.00
  expand #10: (173,99) boat=1 g=2.82 terrain=10 f_top=73.56
    neigh(173,98) d=0 terrain=10 cost=2.00
    neigh(174,98) d=1 terrain=10 cost=2.00
    neigh(174,99) d=2 terrain=10 cost=2.00
    neigh(174,100) d=3 terrain=10 cost=2.00
    neigh(173,100) d=4 terrain=10 cost=2.00
    neigh(172,100) d=5 terrain=10 cost=2.00
    neigh(172,99) d=6 terrain=10 cost=2.00
    neigh(172,98) d=7 terrain=10 cost=2.00
  expand #11: (170,98) boat=1 g=5.64 terrain=10 f_top=73.79
    neigh(170,97) d=0 terrain=10 cost=2.00
    neigh(171,97) d=1 terrain=10 cost=2.00
    neigh(171,98) d=2 terrain=10 cost=2.00
    neigh(171,99) d=3 terrain=10 cost=2.00
    neigh(170,99) d=4 terrain=10 cost=2.00
    neigh(169,99) d=5 terrain=10 cost=2.00
    neigh(169,98) d=6 terrain=10 cost=2.00
    neigh(169,97) d=7 terrain=10 cost=2.00
  expand #12: (168,100) boat=1 g=8.60 terrain=10 f_top=73.93
    neigh(168,99) d=0 terrain=10 cost=2.00
    neigh(169,99) d=1 terrain=10 cost=2.00
    neigh(169,100) d=2 terrain=10 cost=2.00
    neigh(169,101) d=3 terrain=10 cost=3.00
    neigh(168,101) d=4 terrain=10 cost=2.90
    neigh(167,101) d=5 terrain=10 cost=2.70
    neigh(167,100) d=6 terrain=10 cost=2.00
    neigh(167,99) d=7 terrain=10 cost=2.00
  expand #13: (172,98) boat=1 g=4.00 terrain=10 f_top=74.15
    neigh(172,97) d=0 terrain=10 cost=2.00
    neigh(173,97) d=1 terrain=10 cost=2.00
    neigh(173,98) d=2 terrain=10 cost=2.00
    neigh(173,99) d=3 terrain=10 cost=2.00
    neigh(172,99) d=4 terrain=10 cost=2.00
    neigh(171,99) d=5 terrain=10 cost=2.00
    neigh(171,98) d=6 terrain=10 cost=2.00
    neigh(171,97) d=7 terrain=10 cost=2.00
  expand #14: (173,101) boat=1 g=4.23 terrain=10 f_top=74.15
    neigh(173,100) d=0 terrain=10 cost=2.00
    neigh(174,100) d=1 terrain=10 cost=2.00
    neigh(174,101) d=2 terrain=10 cost=2.50
    neigh(174,102) d=3 terrain=1 cost=2.90
    neigh(173,102) d=4 terrain=1 cost=3.60
    neigh(172,102) d=5 terrain=1 cost=3.70
    neigh(172,101) d=6 terrain=10 cost=3.10
    neigh(172,100) d=7 terrain=10 cost=2.00
  expand #15: (170,99) boat=1 g=6.82 terrain=10 f_top=74.56
    neigh(170,98) d=0 terrain=10 cost=2.00
    neigh(171,98) d=1 terrain=10 cost=2.00
    neigh(171,99) d=2 terrain=10 cost=2.00
    neigh(171,100) d=3 terrain=10 cost=2.60
    neigh(170,100) d=4 terrain=10 cost=2.00
    neigh(169,100) d=5 terrain=10 cost=2.00
    neigh(169,99) d=6 terrain=10 cost=2.00
    neigh(169,98) d=7 terrain=10 cost=2.00
  expand #16: (167,100) boat=1 g=10.60 terrain=10 f_top=74.93
    neigh(167,99) d=0 terrain=10 cost=2.00
    neigh(168,99) d=1 terrain=10 cost=2.00
    neigh(168,100) d=2 terrain=10 cost=2.00
    neigh(168,101) d=3 terrain=10 cost=2.90
    neigh(167,101) d=4 terrain=10 cost=2.70
    neigh(166,101) d=5 terrain=10 cost=2.00
    neigh(166,100) d=6 terrain=10 cost=2.00
    neigh(166,99) d=7 terrain=10 cost=2.00
  expand #17: (172,102) boat=1 g=6.80 terrain=1 f_top=75.31
    neigh(172,101) d=0 terrain=10 cost=3.10
    neigh(173,101) d=1 terrain=10 cost=3.00
    neigh(173,102) d=2 terrain=1 cost=3.60
    neigh(172,103) d=4 terrain=2 cost=20.27
    neigh(171,102) d=6 terrain=1 cost=3.70
    neigh(171,101) d=7 terrain=10 cost=3.20
  expand #18: (174,100) boat=1 g=4.00 terrain=10 f_top=75.33
    neigh(174,99) d=0 terrain=10 cost=2.00
    neigh(175,99) d=1 terrain=10 cost=2.00
    neigh(175,100) d=2 terrain=10 cost=2.00
    neigh(175,101) d=3 terrain=10 cost=2.40
    neigh(174,101) d=4 terrain=10 cost=2.50
    neigh(173,101) d=5 terrain=10 cost=3.00
    neigh(173,100) d=6 terrain=10 cost=2.00
    neigh(173,99) d=7 terrain=10 cost=2.00
  expand #19: (169,99) boat=1 g=8.82 terrain=10 f_top=75.56
    neigh(169,98) d=0 terrain=10 cost=2.00
    neigh(170,98) d=1 terrain=10 cost=2.00
    neigh(170,99) d=2 terrain=10 cost=2.00
    neigh(170,100) d=3 terrain=10 cost=2.00
    neigh(169,100) d=4 terrain=10 cost=2.00
    neigh(168,100) d=5 terrain=10 cost=2.00
    neigh(168,99) d=6 terrain=10 cost=2.00
    neigh(168,98) d=7 terrain=10 cost=2.00
  expand #20: (166,100) boat=1 g=12.60 terrain=10 f_top=75.93
    neigh(166,99) d=0 terrain=10 cost=2.00
    neigh(167,99) d=1 terrain=10 cost=2.00
    neigh(167,100) d=2 terrain=10 cost=2.00
    neigh(167,101) d=3 terrain=10 cost=2.70
    neigh(166,101) d=4 terrain=10 cost=2.00
    neigh(165,101) d=5 terrain=10 cost=2.00
    neigh(165,100) d=6 terrain=10 cost=2.00
    neigh(165,99) d=7 terrain=10 cost=2.00
  FOUND dest at expand #6204, cost=180.26
  result=180.26 expanded=6204 open_remaining=1299 term=FOUND
  timing: init=17.6us search=1890.2us total=1907.8us  per-expand=0.30us
  heap: pushes=11546 pops=10247 stale_pops=4043 peak_open=1303
  neigh: total=49624 oob=0 diag_blocked=696 cost_inf=51 already_closed=23365 worse_g=13967 relaxed=11545

=== cost_to(156,156)->(129,107) boat=1 sh=40 tr=40 mn=40 arm=40 budget=16000 src_terrain=10 dst_terrain=2 ===
  expand #1: (156,156) boat=1 g=0.00 terrain=10 f_top=60.07
    neigh(156,155) d=0 terrain=10 cost=3.00
    neigh(157,155) d=1 terrain=10 cost=2.90
    neigh(157,156) d=2 terrain=10 cost=2.00
    neigh(157,157) d=3 terrain=10 cost=2.00
    neigh(156,157) d=4 terrain=10 cost=2.00
    neigh(155,157) d=5 terrain=10 cost=2.00
    neigh(155,156) d=6 terrain=10 cost=2.00
    neigh(155,155) d=7 terrain=10 cost=3.10
  expand #2: (155,156) boat=1 g=2.00 terrain=10 f_top=61.66
    neigh(155,155) d=0 terrain=10 cost=3.10
    neigh(156,155) d=1 terrain=10 cost=3.00
    neigh(156,156) d=2 terrain=10 cost=2.00
    neigh(156,157) d=3 terrain=10 cost=2.00
    neigh(155,157) d=4 terrain=10 cost=2.00
    neigh(154,157) d=5 terrain=10 cost=2.00
    neigh(154,156) d=6 terrain=10 cost=2.60
    neigh(154,155) d=7 terrain=10 cost=3.20
  expand #3: (156,155) boat=1 g=3.00 terrain=10 f_top=62.07
    neigh(156,154) d=0 terrain=10 cost=3.60
=== cost_to(172,100)->(108,124) boat=1 sh=40 tr=40 mn=40 arm=40 budget=16000 src_terrain=10 dst_terrain=2 ===
    neigh(157,154) d=1 terrain=10 cost=3.40
    neigh(157,155) d=2 terrain=10 cost=2.90
    neigh(157,156) d=3 terrain=10 cost=2.00
    neigh(156,156) d=4 terrain=10 cost=2.00
    neigh(155,156) d=5 terrain=10 cost=2.00
    neigh(155,155) d=6 terrain=10 cost=3.10
    neigh(155,154) d=7 terrain=10 cost=3.70
  expand #4: (157,156) boat=1 g=2.00 terrain=10 f_top=62.48
    neigh(157,155) d=0 terrain=10 cost=2.90
    neigh(158,155) d=1 terrain=10 cost=2.70
    neigh(158,156) d=2 terrain=10 cost=2.00
    neigh(158,157) d=3 terrain=10 cost=2.00
    neigh(157,157) d=4 terrain=10 cost=2.00
    neigh(156,157) d=5 terrain=10 cost=2.00
    neigh(156,156) d=6 terrain=10 cost=2.00
    neigh(156,155) d=7 terrain=10 cost=3.00
  expand #5: (155,155) boat=1 g=4.37 terrain=10 f_top=63.03
    neigh(155,154) d=0 terrain=10 cost=3.70
    neigh(156,154) d=1 terrain=10 cost=3.60
    neigh(156,155) d=2 terrain=10 cost=3.00
    neigh(156,156) d=3 terrain=10 cost=2.00
    neigh(155,156) d=4 terrain=10 cost=2.00
    neigh(154,156) d=5 terrain=10 cost=2.60
    neigh(154,155) d=6 terrain=10 cost=3.20
    neigh(154,154) d=7 terrain=10 cost=3.70
  expand #6: (156,157) boat=1 g=2.00 terrain=10 f_top=63.07
    neigh(156,156) d=0 terrain=10 cost=2.00
    neigh(157,156) d=1 terrain=10 cost=2.00
    neigh(157,157) d=2 terrain=10 cost=2.00
    neigh(157,158) d=3 terrain=10 cost=2.00
    neigh(156,158) d=4 terrain=10 cost=2.00
    neigh(155,158) d=5 terrain=10 cost=2.00
    neigh(155,157) d=6 terrain=10 cost=2.00
    neigh(155,156) d=7 terrain=10 cost=2.00
  expand #7: (155,157) boat=1 g=2.82 terrain=10 f_top=63.48
    neigh(155,156) d=0 terrain=10 cost=2.00
    neigh(156,156) d=1 terrain=10 cost=2.00
    neigh(156,157) d=2 terrain=10 cost=2.00
    neigh(156,158) d=3 terrain=10 cost=2.00
    neigh(155,158) d=4 terrain=10 cost=2.00
    neigh(154,158) d=5 terrain=10 cost=2.00
    neigh(154,157) d=6 terrain=10 cost=2.00
    neigh(154,156) d=7 terrain=10 cost=2.60
  expand #8: (157,155) boat=1 g=4.09 terrain=10 f_top=63.57
    neigh(157,154) d=0 terrain=10 cost=3.40
    neigh(158,154) d=1 terrain=10 cost=3.20
    neigh(158,155) d=2 terrain=10 cost=2.70
    neigh(158,156) d=3 terrain=10 cost=2.00
    neigh(157,156) d=4 terrain=10 cost=2.00
    neigh(156,156) d=5 terrain=10 cost=2.00
    neigh(156,155) d=6 terrain=10 cost=3.00
    neigh(156,154) d=7 terrain=10 cost=3.60
  expand #9: (154,156) boat=1 g=4.60 terrain=10 f_top=63.85
    neigh(154,155) d=0 terrain=10 cost=3.20
    neigh(155,155) d=1 terrain=10 cost=3.10
    neigh(155,156) d=2 terrain=10 cost=2.00
    neigh(155,157) d=3 terrain=10 cost=2.00
    neigh(154,157) d=4 terrain=10 cost=2.00
    neigh(153,157) d=5 terrain=10 cost=2.00
    neigh(153,156) d=6 terrain=10 cost=2.00
    neigh(153,155) d=7 terrain=10 cost=3.10
  expand #10: (157,157) boat=1 g=2.82 terrain=10 f_top=64.30
    neigh(157,156) d=0 terrain=10 cost=2.00
    neigh(158,156) d=1 terrain=10 cost=2.00
    neigh(158,157) d=2 terrain=10 cost=2.00
    neigh(158,158) d=3 terrain=10 cost=2.00
    neigh(157,158) d=4 terrain=10 cost=2.00
    neigh(156,158) d=5 terrain=10 cost=2.00
    neigh(156,157) d=6 terrain=10 cost=2.00
    neigh(156,156) d=7 terrain=10 cost=2.00
  expand #11: (156,154) boat=1 g=6.60 terrain=10 f_top=64.67
    neigh(156,153) d=0 terrain=1 cost=4.20
    neigh(157,153) d=1 terrain=1 cost=4.00
    neigh(157,154) d=2 terrain=10 cost=3.40
    neigh(157,155) d=3 terrain=10 cost=2.90
  expand #1: (172,100) boat=1 g=0.00 terrain=10 f_top=73.84
    neigh(156,155) d=4 terrain=10 cost=3.00
    neigh(155,155) d=5 terrain=10 cost=3.10
    neigh(155,154) d=6 terrain=10 cost=3.70
    neigh(155,153) d=7 terrain=1 cost=4.30
  expand #12: (158,156) boat=1 g=4.00 terrain=10 f_top=64.89
    neigh(158,155) d=0 terrain=10 cost=2.70
    neigh(159,155) d=1 terrain=10 cost=2.00
    neigh(159,156) d=2 terrain=10 cost=2.00
    neigh(159,157) d=3 terrain=10 cost=2.00
    neigh(158,157) d=4 terrain=10 cost=2.00
    neigh(157,157) d=5 terrain=10 cost=2.00
    neigh(157,156) d=6 terrain=10 cost=2.00
    neigh(157,155) d=7 terrain=10 cost=2.90
  expand #13: (153,156) boat=1 g=6.60 terrain=10 f_top=65.44
    neigh(153,155) d=0 terrain=10 cost=3.10
    neigh(154,155) d=1 terrain=10 cost=3.20
    neigh(154,156) d=2 terrain=10 cost=2.60
    neigh(154,157) d=3 terrain=10 cost=2.00
    neigh(153,157) d=4 terrain=10 cost=2.00
    neigh(152,157) d=5 terrain=10 cost=2.00
    neigh(152,156) d=6 terrain=10 cost=2.00
    neigh(152,155) d=7 terrain=10 cost=3.00
  expand #14: (156,158) boat=1 g=4.00 terrain=10 f_top=66.07
    neigh(156,157) d=0 terrain=10 cost=2.00
    neigh(157,157) d=1 terrain=10 cost=2.00
    neigh(157,158) d=2 terrain=10 cost=2.00
    neigh(157,159) d=3 terrain=10 cost=2.00
    neigh(156,159) d=4 terrain=10 cost=2.00
    neigh(155,159) d=5 terrain=10 cost=2.00
    neigh(155,158) d=6 terrain=10 cost=2.00
    neigh(155,157) d=7 terrain=10 cost=2.00
  expand #15: (154,154) boat=1 g=9.59 terrain=10 f_top=66.84
    neigh(154,153) d=0 terrain=1 cost=4.30
    neigh(155,153) d=1 terrain=1 cost=4.30
    neigh(155,154) d=2 terrain=10 cost=3.70
    neigh(155,155) d=3 terrain=10 cost=3.10
    neigh(154,155) d=4 terrain=10 cost=3.20
    neigh(153,155) d=5 terrain=10 cost=3.10
    neigh(153,154) d=6 terrain=10 cost=3.70
    neigh(153,153) d=7 terrain=1 cost=4.30
  expand #16: (154,158) boat=1 g=5.64 terrain=10 f_top=66.89
    neigh(154,157) d=0 terrain=10 cost=2.00
    neigh(155,157) d=1 terrain=10 cost=2.00
    neigh(172,99) d=0 terrain=10 cost=2.00
    neigh(155,158) d=2 terrain=10 cost=2.00
    neigh(155,159) d=3 terrain=10 cost=2.00
    neigh(154,159) d=4 terrain=10 cost=2.00
    neigh(153,159) d=5 terrain=10 cost=2.00
    neigh(153,158) d=6 terrain=10 cost=2.00
    neigh(173,99) d=1 terrain=10 cost=2.00
    neigh(173,100) d=2 terrain=10 cost=2.00
    neigh(173,101) d=3 terrain=10 cost=12.00
    neigh(172,101) d=4 terrain=10 cost=13.00
    neigh(171,101) d=5 terrain=10 cost=14.00
    neigh(171,100) d=6 terrain=10 cost=8.00
    neigh(171,99) d=7 terrain=10 cost=2.00
    neigh(153,157) d=7 terrain=10 cost=2.00
  expand #17: (152,156) boat=1 g=8.60 terrain=10 f_top=67.03
    neigh(152,155) d=0 terrain=10 cost=3.00
    neigh(153,155) d=1 terrain=10 cost=3.10
    neigh(153,156) d=2 terrain=10 cost=2.00
    neigh(153,157) d=3 terrain=10 cost=2.00
    neigh(152,157) d=4 terrain=10 cost=2.00
    neigh(151,157) d=5 terrain=10 cost=2.00
    neigh(151,156) d=6 terrain=10 cost=2.00
    neigh(151,155) d=7 terrain=10 cost=2.90
  expand #18: (154,157) boat=1 g=6.82 terrain=10 f_top=67.07
    neigh(154,156) d=0 terrain=10 cost=2.60
  expand #2: (171,99) boat=1 g=2.82 terrain=10 f_top=76.07
    neigh(155,156) d=1 terrain=10 cost=2.00
    neigh(155,157) d=2 terrain=10 cost=2.00
    neigh(155,158) d=3 terrain=10 cost=2.00
    neigh(154,158) d=4 terrain=10 cost=2.00
    neigh(153,158) d=5 terrain=10 cost=2.00
    neigh(171,98) d=0 terrain=10 cost=2.00
    neigh(153,157) d=6 terrain=10 cost=2.00
    neigh(153,156) d=7 terrain=10 cost=2.00
  expand #19: (159,156) boat=1 g=6.00 terrain=10 f_top=67.30
    neigh(159,155) d=0 terrain=10 cost=2.00
    neigh(160,155) d=1 terrain=10 cost=2.00
    neigh(160,156) d=2 terrain=10 cost=2.00
    neigh(160,157) d=3 terrain=10 cost=2.00
    neigh(159,157) d=4 terrain=10 cost=2.00
    neigh(158,157) d=5 terrain=10 cost=2.00
    neigh(158,156) d=6 terrain=10 cost=2.00
    neigh(158,155) d=7 terrain=10 cost=2.70
  expand #20: (158,154) boat=1 g=8.60 terrain=10 f_top=67.49
    neigh(158,153) d=0 terrain=1 cost=3.70
    neigh(159,153) d=1 terrain=1 cost=3.40
    neigh(159,154) d=2 terrain=10 cost=2.90
    neigh(159,155) d=3 terrain=10 cost=2.00
    neigh(158,155) d=4 terrain=10 cost=2.70
    neigh(157,155) d=5 terrain=10 cost=2.90
    neigh(157,154) d=6 terrain=10 cost=3.40
    neigh(157,153) d=7 terrain=1 cost=4.00
    neigh(172,98) d=1 terrain=10 cost=2.00
    neigh(172,99) d=2 terrain=10 cost=2.00
    neigh(172,100) d=3 terrain=10 cost=2.00
    neigh(171,100) d=4 terrain=10 cost=8.00
    neigh(170,100) d=5 terrain=10 cost=2.00
    neigh(170,99) d=6 terrain=10 cost=2.00
    neigh(170,98) d=7 terrain=10 cost=2.00
  expand #3: (172,99) boat=1 g=2.00 terrain=10 f_top=76.25
    neigh(172,98) d=0 terrain=10 cost=2.00
    neigh(173,98) d=1 terrain=10 cost=2.00
    neigh(173,99) d=2 terrain=10 cost=2.00
    neigh(173,100) d=3 terrain=10 cost=2.00
    neigh(172,100) d=4 terrain=10 cost=2.00
    neigh(171,100) d=5 terrain=10 cost=8.00
    neigh(171,99) d=6 terrain=10 cost=2.00
    neigh(171,98) d=7 terrain=10 cost=2.00
  expand #4: (173,100) boat=1 g=2.00 terrain=10 f_top=76.84
    neigh(173,99) d=0 terrain=10 cost=2.00
    neigh(174,99) d=1 terrain=10 cost=2.00
    neigh(174,100) d=2 terrain=10 cost=2.00
    neigh(174,101) d=3 terrain=10 cost=7.00
    neigh(173,101) d=4 terrain=10 cost=12.00
    neigh(172,101) d=5 terrain=10 cost=13.00
    neigh(172,100) d=6 terrain=10 cost=2.00
    neigh(172,99) d=7 terrain=10 cost=2.00
  expand #5: (173,99) boat=1 g=2.82 terrain=10 f_top=78.07
    neigh(173,98) d=0 terrain=10 cost=2.00
    neigh(174,98) d=1 terrain=10 cost=2.00
    neigh(174,99) d=2 terrain=10 cost=2.00
    neigh(174,100) d=3 terrain=10 cost=2.00
    neigh(173,100) d=4 terrain=10 cost=2.00
    neigh(172,100) d=5 terrain=10 cost=2.00
    neigh(172,99) d=6 terrain=10 cost=2.00
    neigh(172,98) d=7 terrain=10 cost=2.00
  expand #6: (170,98) boat=1 g=5.64 terrain=10 f_top=78.30
    neigh(170,97) d=0 terrain=10 cost=2.00
    neigh(171,97) d=1 terrain=10 cost=2.00
    neigh(171,98) d=2 terrain=10 cost=2.00
    neigh(171,99) d=3 terrain=10 cost=2.00
    neigh(170,99) d=4 terrain=10 cost=2.00
    neigh(169,99) d=5 terrain=10 cost=2.00
    neigh(169,98) d=6 terrain=10 cost=2.00
    neigh(169,97) d=7 terrain=10 cost=2.00
  expand #7: (172,98) boat=1 g=4.00 terrain=10 f_top=78.66
    neigh(172,97) d=0 terrain=10 cost=2.00
    neigh(173,97) d=1 terrain=10 cost=2.00
    neigh(173,98) d=2 terrain=10 cost=2.00
    neigh(173,99) d=3 terrain=10 cost=2.00
    neigh(172,99) d=4 terrain=10 cost=2.00
    neigh(171,99) d=5 terrain=10 cost=2.00
    neigh(171,98) d=6 terrain=10 cost=2.00
    neigh(171,97) d=7 terrain=10 cost=2.00
  expand #8: (170,99) boat=1 g=6.82 terrain=10 f_top=79.07
    neigh(170,98) d=0 terrain=10 cost=2.00
    neigh(171,98) d=1 terrain=10 cost=2.00
    neigh(171,99) d=2 terrain=10 cost=2.00
    neigh(171,100) d=3 terrain=10 cost=8.00
    neigh(170,100) d=4 terrain=10 cost=2.00
    neigh(169,100) d=5 terrain=10 cost=2.00
    neigh(169,99) d=6 terrain=10 cost=2.00
    neigh(169,98) d=7 terrain=10 cost=2.00
  expand #9: (174,100) boat=1 g=4.00 terrain=10 f_top=79.84
    neigh(174,99) d=0 terrain=10 cost=2.00
    neigh(175,99) d=1 terrain=10 cost=2.00
    neigh(175,100) d=2 terrain=10 cost=2.00
    neigh(175,101) d=3 terrain=10 cost=6.00
    neigh(174,101) d=4 terrain=10 cost=7.00
    neigh(173,101) d=5 terrain=10 cost=12.00
    neigh(173,100) d=6 terrain=10 cost=2.00
    neigh(173,99) d=7 terrain=10 cost=2.00
  expand #10: (169,99) boat=1 g=8.82 terrain=10 f_top=80.07
    neigh(169,98) d=0 terrain=10 cost=2.00
    neigh(170,98) d=1 terrain=10 cost=2.00
    neigh(170,99) d=2 terrain=10 cost=2.00
    neigh(170,100) d=3 terrain=10 cost=2.00
    neigh(169,100) d=4 terrain=10 cost=2.00
    neigh(168,100) d=5 terrain=10 cost=2.00
    neigh(168,99) d=6 terrain=10 cost=2.00
    neigh(168,98) d=7 terrain=10 cost=2.00
  expand #11: (171,98) boat=1 g=6.82 terrain=10 f_top=80.48
    neigh(171,97) d=0 terrain=10 cost=2.00
    neigh(172,97) d=1 terrain=10 cost=2.00
    neigh(172,98) d=2 terrain=10 cost=2.00
    neigh(172,99) d=3 terrain=10 cost=2.00
    neigh(171,99) d=4 terrain=10 cost=2.00
    neigh(170,99) d=5 terrain=10 cost=2.00
    neigh(170,98) d=6 terrain=10 cost=2.00
    neigh(170,97) d=7 terrain=10 cost=2.00
  expand #12: (169,97) boat=1 g=8.46 terrain=10 f_top=80.53
    neigh(169,96) d=0 terrain=10 cost=2.00
    neigh(170,96) d=1 terrain=10 cost=2.00
    neigh(170,97) d=2 terrain=10 cost=2.00
    neigh(170,98) d=3 terrain=10 cost=2.00
    neigh(169,98) d=4 terrain=10 cost=2.00
    neigh(168,98) d=5 terrain=10 cost=2.00
    neigh(168,97) d=6 terrain=10 cost=2.00
    neigh(168,96) d=7 terrain=10 cost=2.00
  expand #13: (171,100) boat=1 g=8.00 terrain=10 f_top=80.84
    neigh(171,99) d=0 terrain=10 cost=2.00
    neigh(172,99) d=1 terrain=10 cost=2.00
    neigh(172,100) d=2 terrain=10 cost=2.00
    neigh(172,101) d=3 terrain=10 cost=13.00
    neigh(171,101) d=4 terrain=10 cost=14.00
    neigh(170,101) d=5 terrain=10 cost=13.00
    neigh(170,100) d=6 terrain=10 cost=2.00
    neigh(170,99) d=7 terrain=10 cost=2.00
  expand #14: (168,99) boat=1 g=10.82 terrain=10 f_top=81.07
    neigh(168,98) d=0 terrain=10 cost=2.00
    neigh(169,98) d=1 terrain=10 cost=2.00
    neigh(169,99) d=2 terrain=10 cost=2.00
    neigh(169,100) d=3 terrain=10 cost=2.00
    neigh(168,100) d=4 terrain=10 cost=2.00
    neigh(167,100) d=5 terrain=10 cost=2.00
    neigh(167,99) d=6 terrain=10 cost=2.00
    neigh(167,98) d=7 terrain=10 cost=2.00
  expand #15: (172,97) boat=1 g=6.00 terrain=10 f_top=81.07
    neigh(172,96) d=0 terrain=10 cost=2.00
    neigh(173,96) d=1 terrain=10 cost=2.00
    neigh(173,97) d=2 terrain=10 cost=2.00
    neigh(173,98) d=3 terrain=10 cost=2.00
    neigh(172,98) d=4 terrain=10 cost=2.00
    neigh(171,98) d=5 terrain=10 cost=2.00
    neigh(171,97) d=6 terrain=10 cost=2.00
    neigh(171,96) d=7 terrain=10 cost=2.00
  expand #16: (169,98) boat=1 g=9.64 terrain=10 f_top=81.30
    neigh(169,97) d=0 terrain=10 cost=2.00
    neigh(170,97) d=1 terrain=10 cost=2.00
    neigh(170,98) d=2 terrain=10 cost=2.00
    neigh(170,99) d=3 terrain=10 cost=2.00
    neigh(169,99) d=4 terrain=10 cost=2.00
    neigh(168,99) d=5 terrain=10 cost=2.00
    neigh(168,98) d=6 terrain=10 cost=2.00
    neigh(168,97) d=7 terrain=10 cost=2.00
  expand #17: (170,100) boat=1 g=10.00 terrain=10 f_top=81.84
    neigh(170,99) d=0 terrain=10 cost=2.00
    neigh(171,99) d=1 terrain=10 cost=2.00
    neigh(171,100) d=2 terrain=10 cost=8.00
    neigh(171,101) d=3 terrain=10 cost=14.00
    neigh(170,101) d=4 terrain=10 cost=13.00
    neigh(169,101) d=5 terrain=10 cost=12.00
    neigh(169,100) d=6 terrain=10 cost=2.00
    neigh(169,99) d=7 terrain=10 cost=2.00
  expand #18: (167,99) boat=1 g=12.82 terrain=10 f_top=82.07
    neigh(167,98) d=0 terrain=10 cost=2.00
    neigh(168,98) d=1 terrain=10 cost=2.00
    neigh(168,99) d=2 terrain=10 cost=2.00
    neigh(168,100) d=3 terrain=10 cost=2.00
    neigh(167,100) d=4 terrain=10 cost=2.00
    neigh(166,100) d=5 terrain=10 cost=2.00
    neigh(166,99) d=6 terrain=10 cost=2.00
    neigh(166,98) d=7 terrain=10 cost=2.00
  expand #19: (168,98) boat=1 g=11.64 terrain=10 f_top=82.30
    neigh(168,97) d=0 terrain=10 cost=2.00
    neigh(169,97) d=1 terrain=10 cost=2.00
    neigh(169,98) d=2 terrain=10 cost=2.00
    neigh(169,99) d=3 terrain=10 cost=2.00
    neigh(168,99) d=4 terrain=10 cost=2.00
    neigh(167,99) d=5 terrain=10 cost=2.00
    neigh(167,98) d=6 terrain=10 cost=2.00
    neigh(167,97) d=7 terrain=10 cost=2.00
  expand #20: (174,98) boat=1 g=5.64 terrain=10 f_top=82.30
    neigh(174,97) d=0 terrain=10 cost=2.00
    neigh(175,97) d=1 terrain=10 cost=2.00
    neigh(175,98) d=2 terrain=10 cost=2.00
    neigh(175,99) d=3 terrain=10 cost=2.00
    neigh(174,99) d=4 terrain=10 cost=2.00
    neigh(173,99) d=5 terrain=10 cost=2.00
    neigh(173,98) d=6 terrain=10 cost=2.00
    neigh(173,97) d=7 terrain=10 cost=2.00
  FOUND dest at expand #15277, cost=258.40
  result=258.40 expanded=15277 open_remaining=2070 term=FOUND
  timing: init=27.7us search=4333.5us total=4361.2us  per-expand=0.28us
  heap: pushes=27858 pops=25788 stale_pops=10511 peak_open=2080
  neigh: total=122208 oob=0 diag_blocked=1794 cost_inf=125 already_closed=58842 worse_g=33590 relaxed=27857

  result=1000000015047466219876688855040.00 expanded=16000 open_remaining=2367 term=BUDGET_EXHAUSTED
  timing: init=19.1us search=4770.2us total=4789.3us  per-expand=0.30us
  heap: pushes=30121 pops=27754 stale_pops=11754 peak_open=2375
  neigh: total=128000 oob=0 diag_blocked=1004 cost_inf=90 already_closed=61858 worse_g=34928 relaxed=30120

=== cost_to(156,156)->(134,112) boat=1 sh=40 tr=40 mn=40 arm=40 budget=16000 src_terrain=10 dst_terrain=7 ===
  expand #1: (156,156) boat=1 g=0.00 terrain=10 f_top=53.02
    neigh(156,155) d=0 terrain=10 cost=3.00
    neigh(157,155) d=1 terrain=10 cost=2.90
    neigh(157,156) d=2 terrain=10 cost=2.00
    neigh(157,157) d=3 terrain=10 cost=2.00
    neigh(156,157) d=4 terrain=10 cost=2.00
    neigh(155,157) d=5 terrain=10 cost=2.00
    neigh(155,156) d=6 terrain=10 cost=2.00
    neigh(155,155) d=7 terrain=10 cost=3.10
  expand #2: (155,156) boat=1 g=2.00 terrain=10 f_top=54.61
    neigh(155,155) d=0 terrain=10 cost=3.10
    neigh(156,155) d=1 terrain=10 cost=3.00
    neigh(156,156) d=2 terrain=10 cost=2.00
    neigh(156,157) d=3 terrain=10 cost=2.00
    neigh(155,157) d=4 terrain=10 cost=2.00
    neigh(154,157) d=5 terrain=10 cost=2.00
    neigh(154,156) d=6 terrain=10 cost=2.60
    neigh(154,155) d=7 terrain=10 cost=3.20
  expand #3: (156,155) boat=1 g=3.00 terrain=10 f_top=55.02
    neigh(156,154) d=0 terrain=10 cost=3.60
    neigh(157,154) d=1 terrain=10 cost=3.40
    neigh(157,155) d=2 terrain=10 cost=2.90
    neigh(157,156) d=3 terrain=10 cost=2.00
    neigh(156,156) d=4 terrain=10 cost=2.00
    neigh(155,156) d=5 terrain=10 cost=2.00
    neigh(155,155) d=6 terrain=10 cost=3.10
    neigh(155,154) d=7 terrain=10 cost=3.70
  expand #4: (157,156) boat=1 g=2.00 terrain=10 f_top=55.43
    neigh(157,155) d=0 terrain=10 cost=2.90
    neigh(158,155) d=1 terrain=10 cost=2.70
    neigh(158,156) d=2 terrain=10 cost=2.00
    neigh(158,157) d=3 terrain=10 cost=2.00
    neigh(157,157) d=4 terrain=10 cost=2.00
    neigh(156,157) d=5 terrain=10 cost=2.00
    neigh(156,156) d=6 terrain=10 cost=2.00
    neigh(156,155) d=7 terrain=10 cost=3.00
  expand #5: (155,155) boat=1 g=4.37 terrain=10 f_top=55.98
    neigh(155,154) d=0 terrain=10 cost=3.70
    neigh(156,154) d=1 terrain=10 cost=3.60
    neigh(156,155) d=2 terrain=10 cost=3.00
    neigh(156,156) d=3 terrain=10 cost=2.00
    neigh(155,156) d=4 terrain=10 cost=2.00
    neigh(154,156) d=5 terrain=10 cost=2.60
    neigh(154,155) d=6 terrain=10 cost=3.20
    neigh(154,154) d=7 terrain=10 cost=3.70
  expand #6: (156,157) boat=1 g=2.00 terrain=10 f_top=56.02
    neigh(156,156) d=0 terrain=10 cost=2.00
    neigh(157,156) d=1 terrain=10 cost=2.00
    neigh(157,157) d=2 terrain=10 cost=2.00
    neigh(157,158) d=3 terrain=10 cost=2.00
    neigh(156,158) d=4 terrain=10 cost=2.00
    neigh(155,158) d=5 terrain=10 cost=2.00
    neigh(155,157) d=6 terrain=10 cost=2.00
    neigh(155,156) d=7 terrain=10 cost=2.00
  expand #7: (155,157) boat=1 g=2.82 terrain=10 f_top=56.43
    neigh(155,156) d=0 terrain=10 cost=2.00
    neigh(156,156) d=1 terrain=10 cost=2.00
    neigh(156,157) d=2 terrain=10 cost=2.00
    neigh(156,158) d=3 terrain=10 cost=2.00
    neigh(155,158) d=4 terrain=10 cost=2.00
    neigh(154,158) d=5 terrain=10 cost=2.00
    neigh(154,157) d=6 terrain=10 cost=2.00
    neigh(154,156) d=7 terrain=10 cost=2.60
  expand #8: (157,155) boat=1 g=4.09 terrain=10 f_top=56.52
    neigh(157,154) d=0 terrain=10 cost=3.40
    neigh(158,154) d=1 terrain=10 cost=3.20
    neigh(158,155) d=2 terrain=10 cost=2.70
    neigh(158,156) d=3 terrain=10 cost=2.00
    neigh(157,156) d=4 terrain=10 cost=2.00
    neigh(156,156) d=5 terrain=10 cost=2.00
    neigh(156,155) d=6 terrain=10 cost=3.00
    neigh(156,154) d=7 terrain=10 cost=3.60
  expand #9: (154,156) boat=1 g=4.60 terrain=10 f_top=56.80
    neigh(154,155) d=0 terrain=10 cost=3.20
    neigh(155,155) d=1 terrain=10 cost=3.10
    neigh(155,156) d=2 terrain=10 cost=2.00
    neigh(155,157) d=3 terrain=10 cost=2.00
    neigh(154,157) d=4 terrain=10 cost=2.00
    neigh(153,157) d=5 terrain=10 cost=2.00
    neigh(153,156) d=6 terrain=10 cost=2.00
    neigh(153,155) d=7 terrain=10 cost=3.10
  expand #10: (157,157) boat=1 g=2.82 terrain=10 f_top=57.25
    neigh(157,156) d=0 terrain=10 cost=2.00
    neigh(158,156) d=1 terrain=10 cost=2.00
    neigh(158,157) d=2 terrain=10 cost=2.00
    neigh(158,158) d=3 terrain=10 cost=2.00
    neigh(157,158) d=4 terrain=10 cost=2.00
    neigh(156,158) d=5 terrain=10 cost=2.00
    neigh(156,157) d=6 terrain=10 cost=2.00
    neigh(156,156) d=7 terrain=10 cost=2.00
  expand #11: (156,154) boat=1 g=6.60 terrain=10 f_top=57.62
    neigh(156,153) d=0 terrain=1 cost=4.20
    neigh(157,153) d=1 terrain=1 cost=4.00
    neigh(157,154) d=2 terrain=10 cost=3.40
    neigh(157,155) d=3 terrain=10 cost=2.90
    neigh(156,155) d=4 terrain=10 cost=3.00
    neigh(155,155) d=5 terrain=10 cost=3.10
    neigh(155,154) d=6 terrain=10 cost=3.70
    neigh(155,153) d=7 terrain=1 cost=4.30
  expand #12: (158,156) boat=1 g=4.00 terrain=10 f_top=57.84
    neigh(158,155) d=0 terrain=10 cost=2.70
    neigh(159,155) d=1 terrain=10 cost=2.00
    neigh(159,156) d=2 terrain=10 cost=2.00
    neigh(159,157) d=3 terrain=10 cost=2.00
    neigh(158,157) d=4 terrain=10 cost=2.00
    neigh(157,157) d=5 terrain=10 cost=2.00
    neigh(157,156) d=6 terrain=10 cost=2.00
    neigh(157,155) d=7 terrain=10 cost=2.90
  expand #13: (153,156) boat=1 g=6.60 terrain=10 f_top=58.39
    neigh(153,155) d=0 terrain=10 cost=3.10
    neigh(154,155) d=1 terrain=10 cost=3.20
    neigh(154,156) d=2 terrain=10 cost=2.60
    neigh(154,157) d=3 terrain=10 cost=2.00
    neigh(153,157) d=4 terrain=10 cost=2.00
    neigh(152,157) d=5 terrain=10 cost=2.00
    neigh(152,156) d=6 terrain=10 cost=2.00
    neigh(152,155) d=7 terrain=10 cost=3.00
  expand #14: (156,158) boat=1 g=4.00 terrain=10 f_top=59.02
    neigh(156,157) d=0 terrain=10 cost=2.00
    neigh(157,157) d=1 terrain=10 cost=2.00
    neigh(157,158) d=2 terrain=10 cost=2.00
    neigh(157,159) d=3 terrain=10 cost=2.00
    neigh(156,159) d=4 terrain=10 cost=2.00
    neigh(155,159) d=5 terrain=10 cost=2.00
    neigh(155,158) d=6 terrain=10 cost=2.00
    neigh(155,157) d=7 terrain=10 cost=2.00
  expand #15: (154,154) boat=1 g=9.59 terrain=10 f_top=59.79
    neigh(154,153) d=0 terrain=1 cost=4.30
    neigh(155,153) d=1 terrain=1 cost=4.30
    neigh(155,154) d=2 terrain=10 cost=3.70
    neigh(155,155) d=3 terrain=10 cost=3.10
    neigh(154,155) d=4 terrain=10 cost=3.20
    neigh(153,155) d=5 terrain=10 cost=3.10
    neigh(153,154) d=6 terrain=10 cost=3.70
    neigh(153,153) d=7 terrain=1 cost=4.30
  expand #16: (154,158) boat=1 g=5.64 terrain=10 f_top=59.84
    neigh(154,157) d=0 terrain=10 cost=2.00
    neigh(155,157) d=1 terrain=10 cost=2.00
    neigh(155,158) d=2 terrain=10 cost=2.00
    neigh(155,159) d=3 terrain=10 cost=2.00
    neigh(154,159) d=4 terrain=10 cost=2.00
    neigh(153,159) d=5 terrain=10 cost=2.00
    neigh(153,158) d=6 terrain=10 cost=2.00
    neigh(153,157) d=7 terrain=10 cost=2.00
  expand #17: (152,156) boat=1 g=8.60 terrain=10 f_top=59.98
    neigh(152,155) d=0 terrain=10 cost=3.00
    neigh(153,155) d=1 terrain=10 cost=3.10
    neigh(153,156) d=2 terrain=10 cost=2.00
    neigh(153,157) d=3 terrain=10 cost=2.00
    neigh(152,157) d=4 terrain=10 cost=2.00
    neigh(151,157) d=5 terrain=10 cost=2.00
    neigh(151,156) d=6 terrain=10 cost=2.00
    neigh(151,155) d=7 terrain=10 cost=2.90
  expand #18: (154,157) boat=1 g=6.82 terrain=10 f_top=60.02
    neigh(154,156) d=0 terrain=10 cost=2.60
    neigh(155,156) d=1 terrain=10 cost=2.00
    neigh(155,157) d=2 terrain=10 cost=2.00
    neigh(155,158) d=3 terrain=10 cost=2.00
    neigh(154,158) d=4 terrain=10 cost=2.00
    neigh(153,158) d=5 terrain=10 cost=2.00
    neigh(153,157) d=6 terrain=10 cost=2.00
    neigh(153,156) d=7 terrain=10 cost=2.00
  expand #19: (159,156) boat=1 g=6.00 terrain=10 f_top=60.25
    neigh(159,155) d=0 terrain=10 cost=2.00
    neigh(160,155) d=1 terrain=10 cost=2.00
    neigh(160,156) d=2 terrain=10 cost=2.00
    neigh(160,157) d=3 terrain=10 cost=2.00
    neigh(159,157) d=4 terrain=10 cost=2.00
    neigh(158,157) d=5 terrain=10 cost=2.00
    neigh(158,156) d=6 terrain=10 cost=2.00
    neigh(158,155) d=7 terrain=10 cost=2.70
  expand #20: (158,154) boat=1 g=8.60 terrain=10 f_top=60.44
    neigh(158,153) d=0 terrain=1 cost=3.70
    neigh(159,153) d=1 terrain=1 cost=3.40
    neigh(159,154) d=2 terrain=10 cost=2.90
    neigh(159,155) d=3 terrain=10 cost=2.00
    neigh(158,155) d=4 terrain=10 cost=2.70
    neigh(157,155) d=5 terrain=10 cost=2.90
    neigh(157,154) d=6 terrain=10 cost=3.40
    neigh(157,153) d=7 terrain=1 cost=4.00
  FOUND dest at expand #4688, cost=158.93
  result=158.93 expanded=4688 open_remaining=1324 term=FOUND
  timing: init=28.3us search=1611.7us total=1640.0us  per-expand=0.34us
  heap: pushes=8792 pops=7468 stale_pops=2780 peak_open=1327
  neigh: total=37496 oob=0 diag_blocked=811 cost_inf=60 already_closed=17316 worse_g=10518 relaxed=8791

=== cost_to(156,156)->(108,127) boat=1 sh=40 tr=40 mn=40 arm=40 budget=16000 src_terrain=10 dst_terrain=2 ===
  expand #1: (156,156) boat=1 g=0.00 terrain=10 f_top=59.89
    neigh(156,155) d=0 terrain=10 cost=3.00
    neigh(157,155) d=1 terrain=10 cost=2.90
    neigh(157,156) d=2 terrain=10 cost=2.00
    neigh(157,157) d=3 terrain=10 cost=2.00
    neigh(156,157) d=4 terrain=10 cost=2.00
    neigh(155,157) d=5 terrain=10 cost=2.00
    neigh(155,156) d=6 terrain=10 cost=2.00
    neigh(155,155) d=7 terrain=10 cost=3.10
  expand #2: (155,156) boat=1 g=2.00 terrain=10 f_top=60.89
    neigh(155,155) d=0 terrain=10 cost=3.10
    neigh(156,155) d=1 terrain=10 cost=3.00
    neigh(156,156) d=2 terrain=10 cost=2.00
    neigh(156,157) d=3 terrain=10 cost=2.00
    neigh(155,157) d=4 terrain=10 cost=2.00
    neigh(154,157) d=5 terrain=10 cost=2.00
    neigh(154,156) d=6 terrain=10 cost=2.60
    neigh(154,155) d=7 terrain=10 cost=3.20
  expand #3: (155,157) boat=1 g=2.82 terrain=10 f_top=62.12
    neigh(155,156) d=0 terrain=10 cost=2.00
    neigh(156,156) d=1 terrain=10 cost=2.00
    neigh(156,157) d=2 terrain=10 cost=2.00
    neigh(156,158) d=3 terrain=10 cost=2.00
    neigh(155,158) d=4 terrain=10 cost=2.00
    neigh(154,158) d=5 terrain=10 cost=2.00
    neigh(154,157) d=6 terrain=10 cost=2.00
    neigh(154,156) d=7 terrain=10 cost=2.60
  expand #4: (156,157) boat=1 g=2.00 terrain=10 f_top=62.30
    neigh(156,156) d=0 terrain=10 cost=2.00
    neigh(157,156) d=1 terrain=10 cost=2.00
    neigh(157,157) d=2 terrain=10 cost=2.00
    neigh(157,158) d=3 terrain=10 cost=2.00
    neigh(156,158) d=4 terrain=10 cost=2.00
    neigh(155,158) d=5 terrain=10 cost=2.00
    neigh(155,157) d=6 terrain=10 cost=2.00
    neigh(155,156) d=7 terrain=10 cost=2.00
  expand #5: (156,155) boat=1 g=3.00 terrain=10 f_top=62.48
    neigh(156,154) d=0 terrain=10 cost=3.60
    neigh(157,154) d=1 terrain=10 cost=3.40
    neigh(157,155) d=2 terrain=10 cost=2.90
    neigh(157,156) d=3 terrain=10 cost=2.00
    neigh(156,156) d=4 terrain=10 cost=2.00
    neigh(155,156) d=5 terrain=10 cost=2.00
    neigh(155,155) d=6 terrain=10 cost=3.10
    neigh(155,154) d=7 terrain=10 cost=3.70
  expand #6: (154,156) boat=1 g=4.60 terrain=10 f_top=62.49
    neigh(154,155) d=0 terrain=10 cost=3.20
    neigh(155,155) d=1 terrain=10 cost=3.10
    neigh(155,156) d=2 terrain=10 cost=2.00
    neigh(155,157) d=3 terrain=10 cost=2.00
    neigh(154,157) d=4 terrain=10 cost=2.00
    neigh(153,157) d=5 terrain=10 cost=2.00
    neigh(153,156) d=6 terrain=10 cost=2.00
    neigh(153,155) d=7 terrain=10 cost=3.10
  expand #7: (155,155) boat=1 g=4.37 terrain=10 f_top=62.85
    neigh(155,154) d=0 terrain=10 cost=3.70
    neigh(156,154) d=1 terrain=10 cost=3.60
    neigh(156,155) d=2 terrain=10 cost=3.00
    neigh(156,156) d=3 terrain=10 cost=2.00
    neigh(155,156) d=4 terrain=10 cost=2.00
    neigh(154,156) d=5 terrain=10 cost=2.60
    neigh(154,155) d=6 terrain=10 cost=3.20
    neigh(154,154) d=7 terrain=10 cost=3.70
  expand #8: (157,156) boat=1 g=2.00 terrain=10 f_top=62.89
    neigh(157,155) d=0 terrain=10 cost=2.90
    neigh(158,155) d=1 terrain=10 cost=2.70
    neigh(158,156) d=2 terrain=10 cost=2.00
    neigh(158,157) d=3 terrain=10 cost=2.00
    neigh(157,157) d=4 terrain=10 cost=2.00
    neigh(156,157) d=5 terrain=10 cost=2.00
    neigh(156,156) d=6 terrain=10 cost=2.00
    neigh(156,155) d=7 terrain=10 cost=3.00
  expand #9: (153,156) boat=1 g=6.60 terrain=10 f_top=63.49
    neigh(153,155) d=0 terrain=10 cost=3.10
    neigh(154,155) d=1 terrain=10 cost=3.20
    neigh(154,156) d=2 terrain=10 cost=2.60
    neigh(154,157) d=3 terrain=10 cost=2.00
    neigh(153,157) d=4 terrain=10 cost=2.00
    neigh(152,157) d=5 terrain=10 cost=2.00
    neigh(152,156) d=6 terrain=10 cost=2.00
    neigh(152,155) d=7 terrain=10 cost=3.00
  expand #10: (157,157) boat=1 g=2.82 terrain=10 f_top=64.12
    neigh(157,156) d=0 terrain=10 cost=2.00
    neigh(158,156) d=1 terrain=10 cost=2.00
    neigh(158,157) d=2 terrain=10 cost=2.00
    neigh(158,158) d=3 terrain=10 cost=2.00
    neigh(157,158) d=4 terrain=10 cost=2.00
    neigh(156,158) d=5 terrain=10 cost=2.00
    neigh(156,157) d=6 terrain=10 cost=2.00
    neigh(156,156) d=7 terrain=10 cost=2.00
  expand #11: (154,158) boat=1 g=5.64 terrain=10 f_top=64.35
    neigh(154,157) d=0 terrain=10 cost=2.00
    neigh(155,157) d=1 terrain=10 cost=2.00
    neigh(155,158) d=2 terrain=10 cost=2.00
    neigh(155,159) d=3 terrain=10 cost=2.00
    neigh(154,159) d=4 terrain=10 cost=2.00
    neigh(153,159) d=5 terrain=10 cost=2.00
    neigh(153,158) d=6 terrain=10 cost=2.00
    neigh(153,157) d=7 terrain=10 cost=2.00
  expand #12: (152,156) boat=1 g=8.60 terrain=10 f_top=64.49
    neigh(152,155) d=0 terrain=10 cost=3.00
    neigh(153,155) d=1 terrain=10 cost=3.10
    neigh(153,156) d=2 terrain=10 cost=2.00
    neigh(153,157) d=3 terrain=10 cost=2.00
    neigh(152,157) d=4 terrain=10 cost=2.00
    neigh(151,157) d=5 terrain=10 cost=2.00
    neigh(151,156) d=6 terrain=10 cost=2.00
    neigh(151,155) d=7 terrain=10 cost=2.90
  expand #13: (157,155) boat=1 g=4.09 terrain=10 f_top=64.57
    neigh(157,154) d=0 terrain=10 cost=3.40
    neigh(158,154) d=1 terrain=10 cost=3.20
    neigh(158,155) d=2 terrain=10 cost=2.70
    neigh(158,156) d=3 terrain=10 cost=2.00
    neigh(157,156) d=4 terrain=10 cost=2.00
    neigh(156,156) d=5 terrain=10 cost=2.00
    neigh(156,155) d=6 terrain=10 cost=3.00
    neigh(156,154) d=7 terrain=10 cost=3.60
  expand #14: (156,158) boat=1 g=4.00 terrain=10 f_top=64.71
    neigh(156,157) d=0 terrain=10 cost=2.00
    neigh(157,157) d=1 terrain=10 cost=2.00
    neigh(157,158) d=2 terrain=10 cost=2.00
    neigh(157,159) d=3 terrain=10 cost=2.00
    neigh(156,159) d=4 terrain=10 cost=2.00
    neigh(155,159) d=5 terrain=10 cost=2.00
    neigh(155,158) d=6 terrain=10 cost=2.00
    neigh(155,157) d=7 terrain=10 cost=2.00
  expand #15: (154,157) boat=1 g=6.82 terrain=10 f_top=65.12
    neigh(154,156) d=0 terrain=10 cost=2.60
    neigh(155,156) d=1 terrain=10 cost=2.00
    neigh(155,157) d=2 terrain=10 cost=2.00
    neigh(155,158) d=3 terrain=10 cost=2.00
    neigh(154,158) d=4 terrain=10 cost=2.00
    neigh(153,158) d=5 terrain=10 cost=2.00
    neigh(153,157) d=6 terrain=10 cost=2.00
    neigh(153,156) d=7 terrain=10 cost=2.00
  expand #16: (151,156) boat=1 g=10.60 terrain=10 f_top=65.49
    neigh(151,155) d=0 terrain=10 cost=2.90
    neigh(152,155) d=1 terrain=10 cost=3.00
    neigh(152,156) d=2 terrain=10 cost=2.00
    neigh(152,157) d=3 terrain=10 cost=2.00
    neigh(151,157) d=4 terrain=10 cost=2.00
    neigh(150,157) d=5 terrain=10 cost=2.00
    neigh(150,156) d=6 terrain=10 cost=2.00
    neigh(150,155) d=7 terrain=10 cost=2.70
  expand #17: (156,154) boat=1 g=6.60 terrain=10 f_top=65.67
    neigh(156,153) d=0 terrain=1 cost=4.20
    neigh(157,153) d=1 terrain=1 cost=4.00
    neigh(157,154) d=2 terrain=10 cost=3.40
    neigh(157,155) d=3 terrain=10 cost=2.90
    neigh(156,155) d=4 terrain=10 cost=3.00
    neigh(155,155) d=5 terrain=10 cost=3.10
    neigh(155,154) d=6 terrain=10 cost=3.70
    neigh(155,153) d=7 terrain=1 cost=4.30
  expand #18: (158,156) boat=1 g=4.00 terrain=10 f_top=65.89
    neigh(158,155) d=0 terrain=10 cost=2.70
    neigh(159,155) d=1 terrain=10 cost=2.00
    neigh(159,156) d=2 terrain=10 cost=2.00
    neigh(159,157) d=3 terrain=10 cost=2.00
    neigh(158,157) d=4 terrain=10 cost=2.00
    neigh(157,157) d=5 terrain=10 cost=2.00
    neigh(157,156) d=6 terrain=10 cost=2.00
    neigh(157,155) d=7 terrain=10 cost=2.90
  expand #19: (153,157) boat=1 g=8.82 terrain=10 f_top=66.12
    neigh(153,156) d=0 terrain=10 cost=2.00
    neigh(154,156) d=1 terrain=10 cost=2.60
    neigh(154,157) d=2 terrain=10 cost=2.00
    neigh(154,158) d=3 terrain=10 cost=2.00
    neigh(153,158) d=4 terrain=10 cost=2.00
    neigh(152,158) d=5 terrain=10 cost=2.00
    neigh(152,157) d=6 terrain=10 cost=2.00
    neigh(152,156) d=7 terrain=10 cost=2.00
  expand #20: (150,156) boat=1 g=12.60 terrain=10 f_top=66.49
    neigh(150,155) d=0 terrain=10 cost=2.70
    neigh(151,155) d=1 terrain=10 cost=2.90
    neigh(151,156) d=2 terrain=10 cost=2.00
    neigh(151,157) d=3 terrain=10 cost=2.00
    neigh(150,157) d=4 terrain=10 cost=2.00
    neigh(149,157) d=5 terrain=10 cost=2.00
    neigh(149,156) d=6 terrain=10 cost=2.00
    neigh(149,155) d=7 terrain=10 cost=2.00
=== cost_to(172,100)->(126,152) boat=1 sh=40 tr=40 mn=40 arm=40 budget=16000 src_terrain=10 dst_terrain=7 ===
  expand #1: (172,100) boat=1 g=0.00 terrain=10 f_top=70.86
    neigh(172,99) d=0 terrain=10 cost=2.00
    neigh(173,99) d=1 terrain=10 cost=2.00
    neigh(173,100) d=2 terrain=10 cost=2.00
    neigh(173,101) d=3 terrain=10 cost=12.00
    neigh(172,101) d=4 terrain=10 cost=13.00
    neigh(171,101) d=5 terrain=10 cost=14.00
    neigh(171,100) d=6 terrain=10 cost=8.00
    neigh(171,99) d=7 terrain=10 cost=2.00
  expand #2: (173,100) boat=1 g=2.00 terrain=10 f_top=73.27
    neigh(173,99) d=0 terrain=10 cost=2.00
    neigh(174,99) d=1 terrain=10 cost=2.00
    neigh(174,100) d=2 terrain=10 cost=2.00
    neigh(174,101) d=3 terrain=10 cost=7.00
    neigh(173,101) d=4 terrain=10 cost=12.00
    neigh(172,101) d=5 terrain=10 cost=13.00
    neigh(172,100) d=6 terrain=10 cost=2.00
    neigh(172,99) d=7 terrain=10 cost=2.00
  expand #3: (172,99) boat=1 g=2.00 terrain=10 f_top=73.86
    neigh(172,98) d=0 terrain=10 cost=2.00
    neigh(173,98) d=1 terrain=10 cost=2.00
    neigh(173,99) d=2 terrain=10 cost=2.00
    neigh(173,100) d=3 terrain=10 cost=2.00
    neigh(172,100) d=4 terrain=10 cost=2.00
    neigh(171,100) d=5 terrain=10 cost=8.00
    neigh(171,99) d=6 terrain=10 cost=2.00
    neigh(171,98) d=7 terrain=10 cost=2.00
  expand #4: (171,99) boat=1 g=2.82 terrain=10 f_top=74.27
    neigh(171,98) d=0 terrain=10 cost=2.00
    neigh(172,98) d=1 terrain=10 cost=2.00
    neigh(172,99) d=2 terrain=10 cost=2.00
    neigh(172,100) d=3 terrain=10 cost=2.00
    neigh(171,100) d=4 terrain=10 cost=8.00
    neigh(170,100) d=5 terrain=10 cost=2.00
    neigh(170,99) d=6 terrain=10 cost=2.00
    neigh(170,98) d=7 terrain=10 cost=2.00
  expand #5: (173,99) boat=1 g=2.82 terrain=10 f_top=75.09
    neigh(173,98) d=0 terrain=10 cost=2.00
    neigh(174,98) d=1 terrain=10 cost=2.00
    neigh(174,99) d=2 terrain=10 cost=2.00
    neigh(174,100) d=3 terrain=10 cost=2.00
    neigh(173,100) d=4 terrain=10 cost=2.00
    neigh(172,100) d=5 terrain=10 cost=2.00
    neigh(172,99) d=6 terrain=10 cost=2.00
    neigh(172,98) d=7 terrain=10 cost=2.00
  expand #6: (174,100) boat=1 g=4.00 terrain=10 f_top=75.68
    neigh(174,99) d=0 terrain=10 cost=2.00
    neigh(175,99) d=1 terrain=10 cost=2.00
    neigh(175,100) d=2 terrain=10 cost=2.00
    neigh(175,101) d=3 terrain=10 cost=6.00
    neigh(174,101) d=4 terrain=10 cost=7.00
    neigh(173,101) d=5 terrain=10 cost=12.00
    neigh(173,100) d=6 terrain=10 cost=2.00
    neigh(173,99) d=7 terrain=10 cost=2.00
  expand #7: (172,98) boat=1 g=4.00 terrain=10 f_top=76.86
    neigh(172,97) d=0 terrain=10 cost=2.00
    neigh(173,97) d=1 terrain=10 cost=2.00
    neigh(173,98) d=2 terrain=10 cost=2.00
    neigh(173,99) d=3 terrain=10 cost=2.00
    neigh(172,99) d=4 terrain=10 cost=2.00
    neigh(171,99) d=5 terrain=10 cost=2.00
    neigh(171,98) d=6 terrain=10 cost=2.00
    neigh(171,97) d=7 terrain=10 cost=2.00
  expand #8: (170,98) boat=1 g=5.64 terrain=10 f_top=77.68
    neigh(170,97) d=0 terrain=10 cost=2.00
    neigh(171,97) d=1 terrain=10 cost=2.00
    neigh(171,98) d=2 terrain=10 cost=2.00
    neigh(171,99) d=3 terrain=10 cost=2.00
    neigh(170,99) d=4 terrain=10 cost=2.00
    neigh(169,99) d=5 terrain=10 cost=2.00
    neigh(169,98) d=6 terrain=10 cost=2.00
    neigh(169,97) d=7 terrain=10 cost=2.00
  expand #9: (170,99) boat=1 g=6.82 terrain=10 f_top=77.86
    neigh(170,98) d=0 terrain=10 cost=2.00
    neigh(171,98) d=1 terrain=10 cost=2.00
    neigh(171,99) d=2 terrain=10 cost=2.00
    neigh(171,100) d=3 terrain=10 cost=8.00
    neigh(170,100) d=4 terrain=10 cost=2.00
    neigh(169,100) d=5 terrain=10 cost=2.00
    neigh(169,99) d=6 terrain=10 cost=2.00
    neigh(169,98) d=7 terrain=10 cost=2.00
  expand #10: (175,100) boat=1 g=6.00 terrain=10 f_top=78.09
    neigh(175,99) d=0 terrain=10 cost=2.00
    neigh(176,99) d=1 terrain=10 cost=2.00
    neigh(176,100) d=2 terrain=10 cost=2.00
    neigh(176,101) d=3 terrain=10 cost=2.00
    neigh(175,101) d=4 terrain=10 cost=6.00
    neigh(174,101) d=5 terrain=10 cost=7.00
    neigh(174,100) d=6 terrain=10 cost=2.00
    neigh(174,99) d=7 terrain=10 cost=2.00
  expand #11: (171,100) boat=1 g=8.00 terrain=10 f_top=78.45
    neigh(171,99) d=0 terrain=10 cost=2.00
    neigh(172,99) d=1 terrain=10 cost=2.00
    neigh(172,100) d=2 terrain=10 cost=2.00
    neigh(172,101) d=3 terrain=10 cost=13.00
    neigh(171,101) d=4 terrain=10 cost=14.00
    neigh(170,101) d=5 terrain=10 cost=13.00
    neigh(170,100) d=6 terrain=10 cost=2.00
    neigh(170,99) d=7 terrain=10 cost=2.00
  expand #12: (171,98) boat=1 g=6.82 terrain=10 f_top=79.27
    neigh(171,97) d=0 terrain=10 cost=2.00
    neigh(172,97) d=1 terrain=10 cost=2.00
    neigh(172,98) d=2 terrain=10 cost=2.00
    neigh(172,99) d=3 terrain=10 cost=2.00
    neigh(171,99) d=4 terrain=10 cost=2.00
    neigh(170,99) d=5 terrain=10 cost=2.00
    neigh(170,98) d=6 terrain=10 cost=2.00
    neigh(170,97) d=7 terrain=10 cost=2.00
  expand #13: (174,98) boat=1 g=5.64 terrain=10 f_top=79.32
    neigh(174,97) d=0 terrain=10 cost=2.00
    neigh(175,97) d=1 terrain=10 cost=2.00
    neigh(175,98) d=2 terrain=10 cost=2.00
    neigh(175,99) d=3 terrain=10 cost=2.00
    neigh(174,99) d=4 terrain=10 cost=2.00
    neigh(173,99) d=5 terrain=10 cost=2.00
    neigh(173,98) d=6 terrain=10 cost=2.00
    neigh(173,97) d=7 terrain=10 cost=2.00
  expand #14: (169,99) boat=1 g=8.82 terrain=10 f_top=79.45
    neigh(169,98) d=0 terrain=10 cost=2.00
    neigh(170,98) d=1 terrain=10 cost=2.00
    neigh(170,99) d=2 terrain=10 cost=2.00
    neigh(170,100) d=3 terrain=10 cost=2.00
    neigh(169,100) d=4 terrain=10 cost=2.00
    neigh(168,100) d=5 terrain=10 cost=2.00
    neigh(168,99) d=6 terrain=10 cost=2.00
    neigh(168,98) d=7 terrain=10 cost=2.00
  expand #15: (174,99) boat=1 g=6.82 terrain=10 f_top=79.50
    neigh(174,98) d=0 terrain=10 cost=2.00
    neigh(175,98) d=1 terrain=10 cost=2.00
    neigh(175,99) d=2 terrain=10 cost=2.00
    neigh(175,100) d=3 terrain=10 cost=2.00
    neigh(174,100) d=4 terrain=10 cost=2.00
    neigh(173,100) d=5 terrain=10 cost=2.00
    neigh(173,99) d=6 terrain=10 cost=2.00
    neigh(173,98) d=7 terrain=10 cost=2.00
  expand #16: (172,97) boat=1 g=6.00 terrain=10 f_top=79.86
    neigh(172,96) d=0 terrain=10 cost=2.00
    neigh(173,96) d=1 terrain=10 cost=2.00
    neigh(173,97) d=2 terrain=10 cost=2.00
    neigh(173,98) d=3 terrain=10 cost=2.00
    neigh(172,98) d=4 terrain=10 cost=2.00
    neigh(171,98) d=5 terrain=10 cost=2.00
    neigh(171,97) d=6 terrain=10 cost=2.00
    neigh(171,96) d=7 terrain=10 cost=2.00
  expand #17: (170,100) boat=1 g=10.00 terrain=10 f_top=80.04
    neigh(170,99) d=0 terrain=10 cost=2.00
    neigh(171,99) d=1 terrain=10 cost=2.00
    neigh(171,100) d=2 terrain=10 cost=8.00
    neigh(171,101) d=3 terrain=10 cost=14.00
    neigh(170,101) d=4 terrain=10 cost=13.00
    neigh(169,101) d=5 terrain=10 cost=12.00
    neigh(169,100) d=6 terrain=10 cost=2.00
    neigh(169,99) d=7 terrain=10 cost=2.00
  expand #18: (173,98) boat=1 g=6.82 terrain=10 f_top=80.09
    neigh(173,97) d=0 terrain=10 cost=2.00
    neigh(174,97) d=1 terrain=10 cost=2.00
    neigh(174,98) d=2 terrain=10 cost=2.00
    neigh(174,99) d=3 terrain=10 cost=2.00
    neigh(173,99) d=4 terrain=10 cost=2.00
    neigh(172,99) d=5 terrain=10 cost=2.00
    neigh(172,98) d=6 terrain=10 cost=2.00
    neigh(172,97) d=7 terrain=10 cost=2.00
  expand #19: (176,100) boat=1 g=8.00 terrain=10 f_top=80.50
    neigh(176,99) d=0 terrain=10 cost=2.00
    neigh(177,99) d=1 terrain=10 cost=2.00
    neigh(177,100) d=2 terrain=10 cost=2.00
    neigh(177,101) d=3 terrain=10 cost=2.00
    neigh(176,101) d=4 terrain=10 cost=2.00
    neigh(175,101) d=5 terrain=10 cost=6.00
    neigh(175,100) d=6 terrain=10 cost=2.00
    neigh(175,99) d=7 terrain=10 cost=2.00
  expand #20: (168,99) boat=1 g=10.82 terrain=10 f_top=81.04
    neigh(168,98) d=0 terrain=10 cost=2.00
    neigh(169,98) d=1 terrain=10 cost=2.00
    neigh(169,99) d=2 terrain=10 cost=2.00
    neigh(169,100) d=3 terrain=10 cost=2.00
    neigh(168,100) d=4 terrain=10 cost=2.00
    neigh(167,100) d=5 terrain=10 cost=2.00
    neigh(167,99) d=6 terrain=10 cost=2.00
    neigh(167,98) d=7 terrain=10 cost=2.00
  FOUND dest at expand #10056, cost=228.01
  result=228.01 expanded=10056 open_remaining=2019 term=FOUND
  timing: init=28.0us search=2903.9us total=2931.9us  per-expand=0.29us
  heap: pushes=19133 pops=17114 stale_pops=7058 peak_open=2025
  neigh: total=80440 oob=0 diag_blocked=684 cost_inf=63 already_closed=38399 worse_g=22162 relaxed=19132

  result=1000000015047466219876688855040.00 expanded=16000 open_remaining=1975 term=BUDGET_EXHAUSTED
  timing: init=20.7us search=4336.8us total=4357.5us  per-expand=0.27us
  heap: pushes=28963 pops=26988 stale_pops=10988 peak_open=1980
  neigh: total=128000 oob=0 diag_blocked=1904 cost_inf=131 already_closed=61721 worse_g=35282 relaxed=28962

=== cost_to(156,156)->(108,120) boat=1 sh=40 tr=40 mn=40 arm=40 budget=16000 src_terrain=10 dst_terrain=2 ===
  expand #1: (156,156) boat=1 g=0.00 terrain=10 f_top=62.76
    neigh(156,155) d=0 terrain=10 cost=3.00
    neigh(157,155) d=1 terrain=10 cost=2.90
    neigh(157,156) d=2 terrain=10 cost=2.00
    neigh(157,157) d=3 terrain=10 cost=2.00
    neigh(156,157) d=4 terrain=10 cost=2.00
    neigh(155,157) d=5 terrain=10 cost=2.00
    neigh(155,156) d=6 terrain=10 cost=2.00
    neigh(155,155) d=7 terrain=10 cost=3.10
  expand #2: (155,156) boat=1 g=2.00 terrain=10 f_top=63.76
    neigh(155,155) d=0 terrain=10 cost=3.10
    neigh(156,155) d=1 terrain=10 cost=3.00
    neigh(156,156) d=2 terrain=10 cost=2.00
    neigh(156,157) d=3 terrain=10 cost=2.00
    neigh(155,157) d=4 terrain=10 cost=2.00
    neigh(154,157) d=5 terrain=10 cost=2.00
    neigh(154,156) d=6 terrain=10 cost=2.60
    neigh(154,155) d=7 terrain=10 cost=3.20
  expand #3: (155,157) boat=1 g=2.82 terrain=10 f_top=64.99
    neigh(155,156) d=0 terrain=10 cost=2.00
    neigh(156,156) d=1 terrain=10 cost=2.00
    neigh(156,157) d=2 terrain=10 cost=2.00
    neigh(156,158) d=3 terrain=10 cost=2.00
    neigh(155,158) d=4 terrain=10 cost=2.00
    neigh(154,158) d=5 terrain=10 cost=2.00
    neigh(154,157) d=6 terrain=10 cost=2.00
    neigh(154,156) d=7 terrain=10 cost=2.60
  expand #4: (156,157) boat=1 g=2.00 terrain=10 f_top=65.17
    neigh(156,156) d=0 terrain=10 cost=2.00
    neigh(157,156) d=1 terrain=10 cost=2.00
    neigh(157,157) d=2 terrain=10 cost=2.00
    neigh(157,158) d=3 terrain=10 cost=2.00
    neigh(156,158) d=4 terrain=10 cost=2.00
    neigh(155,158) d=5 terrain=10 cost=2.00
    neigh(155,157) d=6 terrain=10 cost=2.00
    neigh(155,156) d=7 terrain=10 cost=2.00
  expand #5: (156,155) boat=1 g=3.00 terrain=10 f_top=65.35
    neigh(156,154) d=0 terrain=10 cost=3.60
    neigh(157,154) d=1 terrain=10 cost=3.40
    neigh(157,155) d=2 terrain=10 cost=2.90
    neigh(157,156) d=3 terrain=10 cost=2.00
    neigh(156,156) d=4 terrain=10 cost=2.00
    neigh(155,156) d=5 terrain=10 cost=2.00
    neigh(155,155) d=6 terrain=10 cost=3.10
    neigh(155,154) d=7 terrain=10 cost=3.70
  expand #6: (154,156) boat=1 g=4.60 terrain=10 f_top=65.36
    neigh(154,155) d=0 terrain=10 cost=3.20
    neigh(155,155) d=1 terrain=10 cost=3.10
    neigh(155,156) d=2 terrain=10 cost=2.00
    neigh(155,157) d=3 terrain=10 cost=2.00
    neigh(154,157) d=4 terrain=10 cost=2.00
    neigh(153,157) d=5 terrain=10 cost=2.00
    neigh(153,156) d=6 terrain=10 cost=2.00
    neigh(153,155) d=7 terrain=10 cost=3.10
  expand #7: (155,155) boat=1 g=4.37 terrain=10 f_top=65.72
    neigh(155,154) d=0 terrain=10 cost=3.70
    neigh(156,154) d=1 terrain=10 cost=3.60
    neigh(156,155) d=2 terrain=10 cost=3.00
    neigh(156,156) d=3 terrain=10 cost=2.00
    neigh(155,156) d=4 terrain=10 cost=2.00
    neigh(154,156) d=5 terrain=10 cost=2.60
    neigh(154,155) d=6 terrain=10 cost=3.20
    neigh(154,154) d=7 terrain=10 cost=3.70
  expand #8: (157,156) boat=1 g=2.00 terrain=10 f_top=65.76
    neigh(157,155) d=0 terrain=10 cost=2.90
    neigh(158,155) d=1 terrain=10 cost=2.70
    neigh(158,156) d=2 terrain=10 cost=2.00
    neigh(158,157) d=3 terrain=10 cost=2.00
    neigh(157,157) d=4 terrain=10 cost=2.00
    neigh(156,157) d=5 terrain=10 cost=2.00
    neigh(156,156) d=6 terrain=10 cost=2.00
    neigh(156,155) d=7 terrain=10 cost=3.00
  expand #9: (153,156) boat=1 g=6.60 terrain=10 f_top=66.36
    neigh(153,155) d=0 terrain=10 cost=3.10
    neigh(154,155) d=1 terrain=10 cost=3.20
    neigh(154,156) d=2 terrain=10 cost=2.60
    neigh(154,157) d=3 terrain=10 cost=2.00
    neigh(153,157) d=4 terrain=10 cost=2.00
    neigh(152,157) d=5 terrain=10 cost=2.00
    neigh(152,156) d=6 terrain=10 cost=2.00
    neigh(152,155) d=7 terrain=10 cost=3.00
  expand #10: (157,157) boat=1 g=2.82 terrain=10 f_top=66.99
    neigh(157,156) d=0 terrain=10 cost=2.00
    neigh(158,156) d=1 terrain=10 cost=2.00
    neigh(158,157) d=2 terrain=10 cost=2.00
    neigh(158,158) d=3 terrain=10 cost=2.00
    neigh(157,158) d=4 terrain=10 cost=2.00
    neigh(156,158) d=5 terrain=10 cost=2.00
    neigh(156,157) d=6 terrain=10 cost=2.00
    neigh(156,156) d=7 terrain=10 cost=2.00
  expand #11: (154,158) boat=1 g=5.64 terrain=10 f_top=67.22
    neigh(154,157) d=0 terrain=10 cost=2.00
    neigh(155,157) d=1 terrain=10 cost=2.00
    neigh(155,158) d=2 terrain=10 cost=2.00
    neigh(155,159) d=3 terrain=10 cost=2.00
    neigh(154,159) d=4 terrain=10 cost=2.00
    neigh(153,159) d=5 terrain=10 cost=2.00
    neigh(153,158) d=6 terrain=10 cost=2.00
    neigh(153,157) d=7 terrain=10 cost=2.00
  expand #12: (152,156) boat=1 g=8.60 terrain=10 f_top=67.36
    neigh(152,155) d=0 terrain=10 cost=3.00
    neigh(153,155) d=1 terrain=10 cost=3.10
    neigh(153,156) d=2 terrain=10 cost=2.00
    neigh(153,157) d=3 terrain=10 cost=2.00
    neigh(152,157) d=4 terrain=10 cost=2.00
    neigh(151,157) d=5 terrain=10 cost=2.00
    neigh(151,156) d=6 terrain=10 cost=2.00
    neigh(151,155) d=7 terrain=10 cost=2.90
  expand #13: (157,155) boat=1 g=4.09 terrain=10 f_top=67.44
    neigh(157,154) d=0 terrain=10 cost=3.40
    neigh(158,154) d=1 terrain=10 cost=3.20
    neigh(158,155) d=2 terrain=10 cost=2.70
    neigh(158,156) d=3 terrain=10 cost=2.00
    neigh(157,156) d=4 terrain=10 cost=2.00
    neigh(156,156) d=5 terrain=10 cost=2.00
    neigh(156,155) d=6 terrain=10 cost=3.00
    neigh(156,154) d=7 terrain=10 cost=3.60
  expand #14: (156,158) boat=1 g=4.00 terrain=10 f_top=67.58
    neigh(156,157) d=0 terrain=10 cost=2.00
    neigh(157,157) d=1 terrain=10 cost=2.00
    neigh(157,158) d=2 terrain=10 cost=2.00
    neigh(157,159) d=3 terrain=10 cost=2.00
    neigh(156,159) d=4 terrain=10 cost=2.00
    neigh(155,159) d=5 terrain=10 cost=2.00
    neigh(155,158) d=6 terrain=10 cost=2.00
    neigh(155,157) d=7 terrain=10 cost=2.00
  expand #15: (154,157) boat=1 g=6.82 terrain=10 f_top=67.99
    neigh(154,156) d=0 terrain=10 cost=2.60
    neigh(155,156) d=1 terrain=10 cost=2.00
    neigh(155,157) d=2 terrain=10 cost=2.00
    neigh(155,158) d=3 terrain=10 cost=2.00
    neigh(154,158) d=4 terrain=10 cost=2.00
    neigh(153,158) d=5 terrain=10 cost=2.00
    neigh(153,157) d=6 terrain=10 cost=2.00
    neigh(153,156) d=7 terrain=10 cost=2.00
  expand #16: (151,156) boat=1 g=10.60 terrain=10 f_top=68.36
    neigh(151,155) d=0 terrain=10 cost=2.90
    neigh(152,155) d=1 terrain=10 cost=3.00
    neigh(152,156) d=2 terrain=10 cost=2.00
    neigh(152,157) d=3 terrain=10 cost=2.00
    neigh(151,157) d=4 terrain=10 cost=2.00
    neigh(150,157) d=5 terrain=10 cost=2.00
    neigh(150,156) d=6 terrain=10 cost=2.00
    neigh(150,155) d=7 terrain=10 cost=2.70
  expand #17: (156,154) boat=1 g=6.60 terrain=10 f_top=68.54
    neigh(156,153) d=0 terrain=1 cost=4.20
    neigh(157,153) d=1 terrain=1 cost=4.00
    neigh(157,154) d=2 terrain=10 cost=3.40
    neigh(157,155) d=3 terrain=10 cost=2.90
    neigh(156,155) d=4 terrain=10 cost=3.00
    neigh(155,155) d=5 terrain=10 cost=3.10
    neigh(155,154) d=6 terrain=10 cost=3.70
    neigh(155,153) d=7 terrain=1 cost=4.30
  expand #18: (158,156) boat=1 g=4.00 terrain=10 f_top=68.76
    neigh(158,155) d=0 terrain=10 cost=2.70
    neigh(159,155) d=1 terrain=10 cost=2.00
    neigh(159,156) d=2 terrain=10 cost=2.00
    neigh(159,157) d=3 terrain=10 cost=2.00
    neigh(158,157) d=4 terrain=10 cost=2.00
    neigh(157,157) d=5 terrain=10 cost=2.00
    neigh(157,156) d=6 terrain=10 cost=2.00
    neigh(157,155) d=7 terrain=10 cost=2.90
  expand #19: (153,157) boat=1 g=8.82 terrain=10 f_top=68.99
    neigh(153,156) d=0 terrain=10 cost=2.00
    neigh(154,156) d=1 terrain=10 cost=2.60
    neigh(154,157) d=2 terrain=10 cost=2.00
    neigh(154,158) d=3 terrain=10 cost=2.00
    neigh(153,158) d=4 terrain=10 cost=2.00
    neigh(152,158) d=5 terrain=10 cost=2.00
    neigh(152,157) d=6 terrain=10 cost=2.00
    neigh(152,156) d=7 terrain=10 cost=2.00
  expand #20: (150,156) boat=1 g=12.60 terrain=10 f_top=69.36
    neigh(150,155) d=0 terrain=10 cost=2.70
    neigh(151,155) d=1 terrain=10 cost=2.90
    neigh(151,156) d=2 terrain=10 cost=2.00
    neigh(151,157) d=3 terrain=10 cost=2.00
    neigh(150,157) d=4 terrain=10 cost=2.00
    neigh(149,157) d=5 terrain=10 cost=2.00
    neigh(149,156) d=6 terrain=10 cost=2.00
    neigh(149,155) d=7 terrain=10 cost=2.00
  result=1000000015047466219876688855040.00 expanded=16000 open_remaining=2033 term=BUDGET_EXHAUSTED
  timing: init=21.5us search=4440.1us total=4461.6us  per-expand=0.28us
  heap: pushes=29064 pops=27031 stale_pops=11031 peak_open=2040
  neigh: total=128000 oob=0 diag_blocked=1921 cost_inf=134 already_closed=61662 worse_g=35220 relaxed=29063

=== cost_to(156,156)->(108,124) boat=1 sh=40 tr=40 mn=40 arm=40 budget=16000 src_terrain=10 dst_terrain=2 ===
  expand #1: (156,156) boat=1 g=0.00 terrain=10 f_top=61.12
    neigh(156,155) d=0 terrain=10 cost=12.00
    neigh(157,155) d=1 terrain=10 cost=11.00
    neigh(157,156) d=2 terrain=10 cost=2.00
    neigh(157,157) d=3 terrain=10 cost=2.00
    neigh(156,157) d=4 terrain=10 cost=2.00
    neigh(155,157) d=5 terrain=10 cost=2.00
    neigh(155,156) d=6 terrain=10 cost=2.00
    neigh(155,155) d=7 terrain=10 cost=13.00
  expand #2: (155,156) boat=1 g=2.00 terrain=10 f_top=62.12
    neigh(155,155) d=0 terrain=10 cost=13.00
    neigh(156,155) d=1 terrain=10 cost=12.00
    neigh(156,156) d=2 terrain=10 cost=2.00
    neigh(156,157) d=3 terrain=10 cost=2.00
    neigh(155,157) d=4 terrain=10 cost=2.00
    neigh(154,157) d=5 terrain=10 cost=2.00
    neigh(154,156) d=6 terrain=10 cost=8.00
    neigh(154,155) d=7 terrain=10 cost=14.00
  expand #3: (155,157) boat=1 g=2.82 terrain=10 f_top=63.35
    neigh(155,156) d=0 terrain=10 cost=2.00
    neigh(156,156) d=1 terrain=10 cost=2.00
    neigh(156,157) d=2 terrain=10 cost=2.00
    neigh(156,158) d=3 terrain=10 cost=2.00
    neigh(155,158) d=4 terrain=10 cost=2.00
    neigh(154,158) d=5 terrain=10 cost=2.00
    neigh(154,157) d=6 terrain=10 cost=2.00
    neigh(154,156) d=7 terrain=10 cost=8.00
  expand #4: (156,157) boat=1 g=2.00 terrain=10 f_top=63.53
    neigh(156,156) d=0 terrain=10 cost=2.00
    neigh(157,156) d=1 terrain=10 cost=2.00
    neigh(157,157) d=2 terrain=10 cost=2.00
    neigh(157,158) d=3 terrain=10 cost=2.00
    neigh(156,158) d=4 terrain=10 cost=2.00
    neigh(155,158) d=5 terrain=10 cost=2.00
    neigh(155,157) d=6 terrain=10 cost=2.00
    neigh(155,156) d=7 terrain=10 cost=2.00
  expand #5: (157,156) boat=1 g=2.00 terrain=10 f_top=64.12
    neigh(157,155) d=0 terrain=10 cost=11.00
    neigh(158,155) d=1 terrain=10 cost=9.00
    neigh(158,156) d=2 terrain=10 cost=2.00
    neigh(158,157) d=3 terrain=10 cost=2.00
    neigh(157,157) d=4 terrain=10 cost=2.00
    neigh(156,157) d=5 terrain=10 cost=2.00
    neigh(156,156) d=6 terrain=10 cost=2.00
    neigh(156,155) d=7 terrain=10 cost=12.00
  expand #6: (157,157) boat=1 g=2.82 terrain=10 f_top=65.35
    neigh(157,156) d=0 terrain=10 cost=2.00
    neigh(158,156) d=1 terrain=10 cost=2.00
    neigh(158,157) d=2 terrain=10 cost=2.00
    neigh(158,158) d=3 terrain=10 cost=2.00
    neigh(157,158) d=4 terrain=10 cost=2.00
    neigh(156,158) d=5 terrain=10 cost=2.00
    neigh(156,157) d=6 terrain=10 cost=2.00
    neigh(156,156) d=7 terrain=10 cost=2.00
  expand #7: (154,158) boat=1 g=5.64 terrain=10 f_top=65.58
    neigh(154,157) d=0 terrain=10 cost=2.00
    neigh(155,157) d=1 terrain=10 cost=2.00
    neigh(155,158) d=2 terrain=10 cost=2.00
    neigh(155,159) d=3 terrain=10 cost=2.00
    neigh(154,159) d=4 terrain=10 cost=2.00
    neigh(153,159) d=5 terrain=10 cost=2.00
    neigh(153,158) d=6 terrain=10 cost=2.00
    neigh(153,157) d=7 terrain=10 cost=2.00
  expand #8: (156,158) boat=1 g=4.00 terrain=10 f_top=65.94
    neigh(156,157) d=0 terrain=10 cost=2.00
    neigh(157,157) d=1 terrain=10 cost=2.00
    neigh(157,158) d=2 terrain=10 cost=2.00
    neigh(157,159) d=3 terrain=10 cost=2.00
    neigh(156,159) d=4 terrain=10 cost=2.00
    neigh(155,159) d=5 terrain=10 cost=2.00
    neigh(155,158) d=6 terrain=10 cost=2.00
    neigh(155,157) d=7 terrain=10 cost=2.00
  expand #9: (154,157) boat=1 g=6.82 terrain=10 f_top=66.35
    neigh(154,156) d=0 terrain=10 cost=8.00
    neigh(155,156) d=1 terrain=10 cost=2.00
    neigh(155,157) d=2 terrain=10 cost=2.00
    neigh(155,158) d=3 terrain=10 cost=2.00
    neigh(154,158) d=4 terrain=10 cost=2.00
    neigh(153,158) d=5 terrain=10 cost=2.00
    neigh(153,157) d=6 terrain=10 cost=2.00
    neigh(153,156) d=7 terrain=10 cost=2.00
  expand #10: (158,156) boat=1 g=4.00 terrain=10 f_top=67.12
    neigh(158,155) d=0 terrain=10 cost=9.00
    neigh(159,155) d=1 terrain=10 cost=2.00
    neigh(159,156) d=2 terrain=10 cost=2.00
    neigh(159,157) d=3 terrain=10 cost=2.00
    neigh(158,157) d=4 terrain=10 cost=2.00
    neigh(157,157) d=5 terrain=10 cost=2.00
    neigh(157,156) d=6 terrain=10 cost=2.00
    neigh(157,155) d=7 terrain=10 cost=11.00
  expand #11: (153,157) boat=1 g=8.82 terrain=10 f_top=67.35
    neigh(153,156) d=0 terrain=10 cost=2.00
    neigh(154,156) d=1 terrain=10 cost=8.00
    neigh(154,157) d=2 terrain=10 cost=2.00
    neigh(154,158) d=3 terrain=10 cost=2.00
    neigh(153,158) d=4 terrain=10 cost=2.00
    neigh(152,158) d=5 terrain=10 cost=2.00
=== cost_to(172,100)->(108,127) boat=1 sh=40 tr=40 mn=40 arm=40 budget=16000 src_terrain=10 dst_terrain=2 ===
    neigh(152,157) d=6 terrain=10 cost=2.00
    neigh(152,156) d=7 terrain=10 cost=2.00
  expand #12: (155,158) boat=1 g=6.82 terrain=10 f_top=67.76
    neigh(155,157) d=0 terrain=10 cost=2.00
    neigh(156,157) d=1 terrain=10 cost=2.00
    neigh(156,158) d=2 terrain=10 cost=2.00
    neigh(156,159) d=3 terrain=10 cost=2.00
    neigh(155,159) d=4 terrain=10 cost=2.00
    neigh(154,159) d=5 terrain=10 cost=2.00
    neigh(154,158) d=6 terrain=10 cost=2.00
    neigh(154,157) d=7 terrain=10 cost=2.00
  expand #13: (153,159) boat=1 g=8.46 terrain=10 f_top=67.81
    neigh(153,158) d=0 terrain=10 cost=2.00
    neigh(154,158) d=1 terrain=10 cost=2.00
    neigh(154,159) d=2 terrain=10 cost=2.00
    neigh(154,160) d=3 terrain=10 cost=2.00
  expand #1: (172,100) boat=1 g=0.00 terrain=10 f_top=75.07
    neigh(172,99) d=0 terrain=10 cost=2.00
    neigh(173,99) d=1 terrain=10 cost=2.00
    neigh(153,160) d=4 terrain=10 cost=2.00
    neigh(173,100) d=2 terrain=10 cost=2.00
    neigh(173,101) d=3 terrain=10 cost=3.00
    neigh(172,101) d=4 terrain=10 cost=3.10
    neigh(171,101) d=5 terrain=10 cost=3.20
    neigh(171,100) d=6 terrain=10 cost=2.60
    neigh(171,99) d=7 terrain=10 cost=2.00
  expand #2: (171,100) boat=1 g=2.60 terrain=10 f_top=76.67
    neigh(171,99) d=0 terrain=10 cost=2.00
    neigh(172,99) d=1 terrain=10 cost=2.00
    neigh(172,100) d=2 terrain=10 cost=2.00
    neigh(172,101) d=3 terrain=10 cost=3.10
    neigh(171,101) d=4 terrain=10 cost=3.20
    neigh(170,101) d=5 terrain=10 cost=3.10
    neigh(170,100) d=6 terrain=10 cost=2.00
    neigh(170,99) d=7 terrain=10 cost=2.00
  expand #3: (171,99) boat=1 g=2.82 terrain=10 f_top=77.30
    neigh(171,98) d=0 terrain=10 cost=2.00
    neigh(172,98) d=1 terrain=10 cost=2.00
    neigh(152,160) d=5 terrain=10 cost=2.00
    neigh(172,99) d=2 terrain=10 cost=2.00
    neigh(172,100) d=3 terrain=10 cost=2.00
    neigh(171,100) d=4 terrain=10 cost=2.60
    neigh(170,100) d=5 terrain=10 cost=2.00
    neigh(170,99) d=6 terrain=10 cost=2.00
    neigh(170,98) d=7 terrain=10 cost=2.00
  expand #4: (172,99) boat=1 g=2.00 terrain=10 f_top=77.48
    neigh(172,98) d=0 terrain=10 cost=2.00
    neigh(173,98) d=1 terrain=10 cost=2.00
    neigh(173,99) d=2 terrain=10 cost=2.00
    neigh(173,100) d=3 terrain=10 cost=2.00
    neigh(172,100) d=4 terrain=10 cost=2.00
    neigh(171,100) d=5 terrain=10 cost=2.60
    neigh(171,99) d=6 terrain=10 cost=2.00
    neigh(171,98) d=7 terrain=10 cost=2.00
  expand #5: (170,100) boat=1 g=4.60 terrain=10 f_top=77.67
    neigh(170,99) d=0 terrain=10 cost=2.00
    neigh(171,99) d=1 terrain=10 cost=2.00
    neigh(171,100) d=2 terrain=10 cost=2.60
    neigh(171,101) d=3 terrain=10 cost=3.20
    neigh(170,101) d=4 terrain=10 cost=3.10
    neigh(169,101) d=5 terrain=10 cost=3.00
    neigh(169,100) d=6 terrain=10 cost=2.00
    neigh(169,99) d=7 terrain=10 cost=2.00
  expand #6: (172,101) boat=1 g=3.10 terrain=10 f_top=77.76
    neigh(172,100) d=0 terrain=10 cost=2.00
    neigh(173,100) d=1 terrain=10 cost=2.00
    neigh(173,101) d=2 terrain=10 cost=3.00
    neigh(173,102) d=3 terrain=1 cost=3.60
    neigh(172,102) d=4 terrain=1 cost=3.70
    neigh(171,102) d=5 terrain=1 cost=3.70
    neigh(171,101) d=6 terrain=10 cost=3.20
    neigh(171,100) d=7 terrain=10 cost=2.60
  expand #7: (173,100) boat=1 g=2.00 terrain=10 f_top=78.07
    neigh(173,99) d=0 terrain=10 cost=2.00
    neigh(174,99) d=1 terrain=10 cost=2.00
    neigh(152,159) d=6 terrain=10 cost=2.00
    neigh(174,100) d=2 terrain=10 cost=2.00
    neigh(174,101) d=3 terrain=10 cost=2.50
    neigh(173,101) d=4 terrain=10 cost=3.00
    neigh(172,101) d=5 terrain=10 cost=3.10
    neigh(172,100) d=6 terrain=10 cost=2.00
    neigh(172,99) d=7 terrain=10 cost=2.00
  expand #8: (171,101) boat=1 g=4.51 terrain=10 f_top=78.17
    neigh(171,100) d=0 terrain=10 cost=2.60
    neigh(172,100) d=1 terrain=10 cost=2.00
    neigh(172,101) d=2 terrain=10 cost=3.10
    neigh(172,102) d=3 terrain=1 cost=3.70
    neigh(171,102) d=4 terrain=1 cost=3.70
    neigh(170,102) d=5 terrain=1 cost=3.70
    neigh(170,101) d=6 terrain=10 cost=3.10
    neigh(170,100) d=7 terrain=10 cost=2.00
  expand #9: (169,100) boat=1 g=6.60 terrain=10 f_top=78.67
    neigh(169,99) d=0 terrain=10 cost=2.00
    neigh(170,99) d=1 terrain=10 cost=2.00
    neigh(170,100) d=2 terrain=10 cost=2.00
    neigh(170,101) d=3 terrain=10 cost=3.10
    neigh(169,101) d=4 terrain=10 cost=3.00
    neigh(168,101) d=5 terrain=10 cost=2.90
    neigh(168,100) d=6 terrain=10 cost=2.00
    neigh(168,99) d=7 terrain=10 cost=2.00
  expand #10: (173,99) boat=1 g=2.82 terrain=10 f_top=79.30
    neigh(173,98) d=0 terrain=10 cost=2.00
    neigh(152,158) d=7 terrain=10 cost=2.00
  expand #14: (156,159) boat=1 g=6.00 terrain=10 f_top=68.35
    neigh(156,158) d=0 terrain=10 cost=2.00
    neigh(157,158) d=1 terrain=10 cost=2.00
    neigh(157,159) d=2 terrain=10 cost=2.00
    neigh(157,160) d=3 terrain=10 cost=2.00
    neigh(156,160) d=4 terrain=10 cost=2.00
    neigh(155,160) d=5 terrain=10 cost=2.00
    neigh(155,159) d=6 terrain=10 cost=2.00
    neigh(155,158) d=7 terrain=10 cost=2.00
  expand #15: (152,157) boat=1 g=10.82 terrain=10 f_top=68.35
    neigh(152,156) d=0 terrain=10 cost=2.00
    neigh(153,156) d=1 terrain=10 cost=2.00
    neigh(153,157) d=2 terrain=10 cost=2.00
    neigh(153,158) d=3 terrain=10 cost=2.00
    neigh(152,158) d=4 terrain=10 cost=2.00
    neigh(151,158) d=5 terrain=10 cost=2.00
    neigh(151,157) d=6 terrain=10 cost=2.00
    neigh(151,156) d=7 terrain=10 cost=2.00
  expand #16: (153,158) boat=1 g=9.64 terrain=10 f_top=68.58
    neigh(153,157) d=0 terrain=10 cost=2.00
    neigh(154,157) d=1 terrain=10 cost=2.00
    neigh(154,158) d=2 terrain=10 cost=2.00
    neigh(154,159) d=3 terrain=10 cost=2.00
    neigh(153,159) d=4 terrain=10 cost=2.00
    neigh(152,159) d=5 terrain=10 cost=2.00
    neigh(152,158) d=6 terrain=10 cost=2.00
    neigh(152,157) d=7 terrain=10 cost=2.00
  expand #17: (154,156) boat=1 g=10.00 terrain=10 f_top=69.12
    neigh(154,155) d=0 terrain=10 cost=14.00
    neigh(155,155) d=1 terrain=10 cost=13.00
    neigh(155,156) d=2 terrain=10 cost=2.00
    neigh(155,157) d=3 terrain=10 cost=2.00
    neigh(154,157) d=4 terrain=10 cost=2.00
    neigh(153,157) d=5 terrain=10 cost=2.00
    neigh(153,156) d=6 terrain=10 cost=2.00
    neigh(153,155) d=7 terrain=10 cost=13.00
  expand #18: (151,157) boat=1 g=12.82 terrain=10 f_top=69.35
    neigh(151,156) d=0 terrain=10 cost=2.00
    neigh(152,156) d=1 terrain=10 cost=2.00
    neigh(152,157) d=2 terrain=10 cost=2.00
    neigh(152,158) d=3 terrain=10 cost=2.00
    neigh(151,158) d=4 terrain=10 cost=2.00
    neigh(150,158) d=5 terrain=10 cost=2.00
    neigh(150,157) d=6 terrain=10 cost=2.00
    neigh(174,98) d=1 terrain=10 cost=2.00
    neigh(150,156) d=7 terrain=10 cost=2.00
  expand #19: (152,158) boat=1 g=11.64 terrain=10 f_top=69.58
    neigh(152,157) d=0 terrain=10 cost=2.00
    neigh(153,157) d=1 terrain=10 cost=2.00
    neigh(153,158) d=2 terrain=10 cost=2.00
    neigh(153,159) d=3 terrain=10 cost=2.00
    neigh(152,159) d=4 terrain=10 cost=2.00
    neigh(151,159) d=5 terrain=10 cost=2.00
    neigh(151,158) d=6 terrain=10 cost=2.00
    neigh(151,157) d=7 terrain=10 cost=2.00
  expand #20: (158,158) boat=1 g=5.64 terrain=10 f_top=69.58
    neigh(158,157) d=0 terrain=10 cost=2.00
    neigh(159,157) d=1 terrain=10 cost=2.00
    neigh(159,158) d=2 terrain=10 cost=2.00
    neigh(159,159) d=3 terrain=10 cost=2.00
    neigh(158,159) d=4 terrain=10 cost=2.00
    neigh(157,159) d=5 terrain=10 cost=2.00
    neigh(157,158) d=6 terrain=10 cost=2.00
    neigh(157,157) d=7 terrain=10 cost=2.00
    neigh(174,99) d=2 terrain=10 cost=2.00
    neigh(174,100) d=3 terrain=10 cost=2.00
    neigh(173,100) d=4 terrain=10 cost=2.00
    neigh(172,100) d=5 terrain=10 cost=2.00
    neigh(172,99) d=6 terrain=10 cost=2.00
    neigh(172,98) d=7 terrain=10 cost=2.00
  expand #11: (170,98) boat=1 g=5.64 terrain=10 f_top=79.53
    neigh(170,97) d=0 terrain=10 cost=2.00
    neigh(171,97) d=1 terrain=10 cost=2.00
    neigh(171,98) d=2 terrain=10 cost=2.00
    neigh(171,99) d=3 terrain=10 cost=2.00
    neigh(170,99) d=4 terrain=10 cost=2.00
    neigh(169,99) d=5 terrain=10 cost=2.00
    neigh(169,98) d=6 terrain=10 cost=2.00
    neigh(169,97) d=7 terrain=10 cost=2.00
  expand #12: (168,100) boat=1 g=8.60 terrain=10 f_top=79.67
    neigh(168,99) d=0 terrain=10 cost=2.00
    neigh(169,99) d=1 terrain=10 cost=2.00
    neigh(169,100) d=2 terrain=10 cost=2.00
    neigh(169,101) d=3 terrain=10 cost=3.00
    neigh(168,101) d=4 terrain=10 cost=2.90
    neigh(167,101) d=5 terrain=10 cost=2.70
    neigh(167,100) d=6 terrain=10 cost=2.00
    neigh(167,99) d=7 terrain=10 cost=2.00
  expand #13: (172,98) boat=1 g=4.00 terrain=10 f_top=79.89
    neigh(172,97) d=0 terrain=10 cost=2.00
    neigh(173,97) d=1 terrain=10 cost=2.00
    neigh(173,98) d=2 terrain=10 cost=2.00
    neigh(173,99) d=3 terrain=10 cost=2.00
    neigh(172,99) d=4 terrain=10 cost=2.00
    neigh(171,99) d=5 terrain=10 cost=2.00
    neigh(171,98) d=6 terrain=10 cost=2.00
    neigh(171,97) d=7 terrain=10 cost=2.00
  expand #14: (173,101) boat=1 g=4.23 terrain=10 f_top=79.89
    neigh(173,100) d=0 terrain=10 cost=2.00
    neigh(174,100) d=1 terrain=10 cost=2.00
    neigh(174,101) d=2 terrain=10 cost=2.50
    neigh(174,102) d=3 terrain=1 cost=2.90
    neigh(173,102) d=4 terrain=1 cost=3.60
    neigh(172,102) d=5 terrain=1 cost=3.70
    neigh(172,101) d=6 terrain=10 cost=3.10
    neigh(172,100) d=7 terrain=10 cost=2.00
  expand #15: (170,99) boat=1 g=6.82 terrain=10 f_top=80.30
    neigh(170,98) d=0 terrain=10 cost=2.00
    neigh(171,98) d=1 terrain=10 cost=2.00
    neigh(171,99) d=2 terrain=10 cost=2.00
    neigh(171,100) d=3 terrain=10 cost=2.60
    neigh(170,100) d=4 terrain=10 cost=2.00
    neigh(169,100) d=5 terrain=10 cost=2.00
    neigh(169,99) d=6 terrain=10 cost=2.00
    neigh(169,98) d=7 terrain=10 cost=2.00
  expand #16: (167,100) boat=1 g=10.60 terrain=10 f_top=80.67
    neigh(167,99) d=0 terrain=10 cost=2.00
    neigh(168,99) d=1 terrain=10 cost=2.00
    neigh(168,100) d=2 terrain=10 cost=2.00
    neigh(168,101) d=3 terrain=10 cost=2.90
    neigh(167,101) d=4 terrain=10 cost=2.70
    neigh(166,101) d=5 terrain=10 cost=2.00
    neigh(166,100) d=6 terrain=10 cost=2.00
    neigh(166,99) d=7 terrain=10 cost=2.00
  expand #17: (172,102) boat=1 g=6.80 terrain=1 f_top=81.05
    neigh(172,101) d=0 terrain=10 cost=3.10
    neigh(173,101) d=1 terrain=10 cost=3.00
    neigh(173,102) d=2 terrain=1 cost=3.60
    neigh(172,103) d=4 terrain=2 cost=20.27
    neigh(171,102) d=6 terrain=1 cost=3.70
    neigh(171,101) d=7 terrain=10 cost=3.20
  expand #18: (174,100) boat=1 g=4.00 terrain=10 f_top=81.07
    neigh(174,99) d=0 terrain=10 cost=2.00
    neigh(175,99) d=1 terrain=10 cost=2.00
    neigh(175,100) d=2 terrain=10 cost=2.00
    neigh(175,101) d=3 terrain=10 cost=2.40
    neigh(174,101) d=4 terrain=10 cost=2.50
    neigh(173,101) d=5 terrain=10 cost=3.00
    neigh(173,100) d=6 terrain=10 cost=2.00
    neigh(173,99) d=7 terrain=10 cost=2.00
  expand #19: (169,99) boat=1 g=8.82 terrain=10 f_top=81.30
    neigh(169,98) d=0 terrain=10 cost=2.00
    neigh(170,98) d=1 terrain=10 cost=2.00
    neigh(170,99) d=2 terrain=10 cost=2.00
    neigh(170,100) d=3 terrain=10 cost=2.00
    neigh(169,100) d=4 terrain=10 cost=2.00
    neigh(168,100) d=5 terrain=10 cost=2.00
    neigh(168,99) d=6 terrain=10 cost=2.00
    neigh(168,98) d=7 terrain=10 cost=2.00
  expand #20: (166,100) boat=1 g=12.60 terrain=10 f_top=81.67
    neigh(166,99) d=0 terrain=10 cost=2.00
    neigh(167,99) d=1 terrain=10 cost=2.00
    neigh(167,100) d=2 terrain=10 cost=2.00
    neigh(167,101) d=3 terrain=10 cost=2.70
    neigh(166,101) d=4 terrain=10 cost=2.00
    neigh(165,101) d=5 terrain=10 cost=2.00
    neigh(165,100) d=6 terrain=10 cost=2.00
    neigh(165,99) d=7 terrain=10 cost=2.00
  result=1000000015047466219876688855040.00 expanded=16000 open_remaining=2120 term=BUDGET_EXHAUSTED
  timing: init=22.8us search=4545.5us total=4568.3us  per-expand=0.28us
  heap: pushes=29626 pops=27506 stale_pops=11506 peak_open=2124
  neigh: total=128000 oob=0 diag_blocked=1444 cost_inf=123 already_closed=61818 worse_g=34990 relaxed=29625

  result=1000000015047466219876688855040.00 expanded=16000 open_remaining=2093 term=BUDGET_EXHAUSTED
  timing: init=32.5us search=4667.3us total=4699.8us  per-expand=0.29us
  heap: pushes=29380 pops=27287 stale_pops=11287 peak_open=2103
  neigh: total=128000 oob=0 diag_blocked=1441 cost_inf=130 already_closed=61800 worse_g=35250 relaxed=29379

=== cost_to(172,100)->(108,120) boat=1 sh=40 tr=40 mn=40 arm=40 budget=16000 src_terrain=10 dst_terrain=2 ===
  expand #1: (172,100) boat=1 g=0.00 terrain=10 f_top=72.20
    neigh(172,99) d=0 terrain=10 cost=2.00
    neigh(173,99) d=1 terrain=10 cost=2.00
    neigh(173,100) d=2 terrain=10 cost=2.00
    neigh(173,101) d=3 terrain=10 cost=3.00
    neigh(172,101) d=4 terrain=10 cost=3.10
    neigh(171,101) d=5 terrain=10 cost=3.20
    neigh(171,100) d=6 terrain=10 cost=2.60
    neigh(171,99) d=7 terrain=10 cost=2.00
  expand #2: (171,100) boat=1 g=2.60 terrain=10 f_top=73.80
    neigh(171,99) d=0 terrain=10 cost=2.00
    neigh(172,99) d=1 terrain=10 cost=2.00
    neigh(172,100) d=2 terrain=10 cost=2.00
    neigh(172,101) d=3 terrain=10 cost=3.10
    neigh(171,101) d=4 terrain=10 cost=3.20
    neigh(170,101) d=5 terrain=10 cost=3.10
    neigh(170,100) d=6 terrain=10 cost=2.00
    neigh(170,99) d=7 terrain=10 cost=2.00
  expand #3: (171,99) boat=1 g=2.82 terrain=10 f_top=74.43
    neigh(171,98) d=0 terrain=10 cost=2.00
    neigh(172,98) d=1 terrain=10 cost=2.00
    neigh(172,99) d=2 terrain=10 cost=2.00
    neigh(172,100) d=3 terrain=10 cost=2.00
    neigh(171,100) d=4 terrain=10 cost=2.60
    neigh(170,100) d=5 terrain=10 cost=2.00
    neigh(170,99) d=6 terrain=10 cost=2.00
    neigh(170,98) d=7 terrain=10 cost=2.00
  expand #4: (172,99) boat=1 g=2.00 terrain=10 f_top=74.61
    neigh(172,98) d=0 terrain=10 cost=2.00
    neigh(173,98) d=1 terrain=10 cost=2.00
    neigh(173,99) d=2 terrain=10 cost=2.00
    neigh(173,100) d=3 terrain=10 cost=2.00
    neigh(172,100) d=4 terrain=10 cost=2.00
    neigh(171,100) d=5 terrain=10 cost=2.60
    neigh(171,99) d=6 terrain=10 cost=2.00
    neigh(171,98) d=7 terrain=10 cost=2.00
  expand #5: (170,100) boat=1 g=4.60 terrain=10 f_top=74.80
    neigh(170,99) d=0 terrain=10 cost=2.00
    neigh(171,99) d=1 terrain=10 cost=2.00
    neigh(171,100) d=2 terrain=10 cost=2.60
    neigh(171,101) d=3 terrain=10 cost=3.20
    neigh(170,101) d=4 terrain=10 cost=3.10
    neigh(169,101) d=5 terrain=10 cost=3.00
    neigh(169,100) d=6 terrain=10 cost=2.00
    neigh(169,99) d=7 terrain=10 cost=2.00
  expand #6: (172,101) boat=1 g=3.10 terrain=10 f_top=74.89
    neigh(172,100) d=0 terrain=10 cost=2.00
    neigh(173,100) d=1 terrain=10 cost=2.00
    neigh(173,101) d=2 terrain=10 cost=3.00
    neigh(173,102) d=3 terrain=1 cost=3.60
    neigh(172,102) d=4 terrain=1 cost=3.70
    neigh(171,102) d=5 terrain=1 cost=3.70
    neigh(171,101) d=6 terrain=10 cost=3.20
    neigh(171,100) d=7 terrain=10 cost=2.60
  expand #7: (173,100) boat=1 g=2.00 terrain=10 f_top=75.20
    neigh(173,99) d=0 terrain=10 cost=2.00
    neigh(174,99) d=1 terrain=10 cost=2.00
    neigh(174,100) d=2 terrain=10 cost=2.00
    neigh(174,101) d=3 terrain=10 cost=2.50
    neigh(173,101) d=4 terrain=10 cost=3.00
    neigh(172,101) d=5 terrain=10 cost=3.10
    neigh(172,100) d=6 terrain=10 cost=2.00
    neigh(172,99) d=7 terrain=10 cost=2.00
  expand #8: (171,101) boat=1 g=4.51 terrain=10 f_top=75.30
    neigh(171,100) d=0 terrain=10 cost=2.60
    neigh(172,100) d=1 terrain=10 cost=2.00
    neigh(172,101) d=2 terrain=10 cost=3.10
    neigh(172,102) d=3 terrain=1 cost=3.70
    neigh(171,102) d=4 terrain=1 cost=3.70
    neigh(170,102) d=5 terrain=1 cost=3.70
    neigh(170,101) d=6 terrain=10 cost=3.10
    neigh(170,100) d=7 terrain=10 cost=2.00
  expand #9: (169,100) boat=1 g=6.60 terrain=10 f_top=75.80
    neigh(169,99) d=0 terrain=10 cost=2.00
    neigh(170,99) d=1 terrain=10 cost=2.00
    neigh(170,100) d=2 terrain=10 cost=2.00
    neigh(170,101) d=3 terrain=10 cost=3.10
    neigh(169,101) d=4 terrain=10 cost=3.00
    neigh(168,101) d=5 terrain=10 cost=2.90
    neigh(168,100) d=6 terrain=10 cost=2.00
    neigh(168,99) d=7 terrain=10 cost=2.00
  expand #10: (173,99) boat=1 g=2.82 terrain=10 f_top=76.43
    neigh(173,98) d=0 terrain=10 cost=2.00
    neigh(174,98) d=1 terrain=10 cost=2.00
    neigh(174,99) d=2 terrain=10 cost=2.00
    neigh(174,100) d=3 terrain=10 cost=2.00
    neigh(173,100) d=4 terrain=10 cost=2.00
    neigh(172,100) d=5 terrain=10 cost=2.00
    neigh(172,99) d=6 terrain=10 cost=2.00
    neigh(172,98) d=7 terrain=10 cost=2.00
  expand #11: (170,98) boat=1 g=5.64 terrain=10 f_top=76.66
    neigh(170,97) d=0 terrain=10 cost=2.00
    neigh(171,97) d=1 terrain=10 cost=2.00
    neigh(171,98) d=2 terrain=10 cost=2.00
    neigh(171,99) d=3 terrain=10 cost=2.00
    neigh(170,99) d=4 terrain=10 cost=2.00
    neigh(169,99) d=5 terrain=10 cost=2.00
    neigh(169,98) d=6 terrain=10 cost=2.00
    neigh(169,97) d=7 terrain=10 cost=2.00
  expand #12: (168,100) boat=1 g=8.60 terrain=10 f_top=76.80
    neigh(168,99) d=0 terrain=10 cost=2.00
    neigh(169,99) d=1 terrain=10 cost=2.00
    neigh(169,100) d=2 terrain=10 cost=2.00
    neigh(169,101) d=3 terrain=10 cost=3.00
    neigh(168,101) d=4 terrain=10 cost=2.90
    neigh(167,101) d=5 terrain=10 cost=2.70
    neigh(167,100) d=6 terrain=10 cost=2.00
    neigh(167,99) d=7 terrain=10 cost=2.00
  expand #13: (172,98) boat=1 g=4.00 terrain=10 f_top=77.02
    neigh(172,97) d=0 terrain=10 cost=2.00
    neigh(173,97) d=1 terrain=10 cost=2.00
    neigh(173,98) d=2 terrain=10 cost=2.00
    neigh(173,99) d=3 terrain=10 cost=2.00
    neigh(172,99) d=4 terrain=10 cost=2.00
    neigh(171,99) d=5 terrain=10 cost=2.00
    neigh(171,98) d=6 terrain=10 cost=2.00
    neigh(171,97) d=7 terrain=10 cost=2.00
  expand #14: (173,101) boat=1 g=4.23 terrain=10 f_top=77.02
    neigh(173,100) d=0 terrain=10 cost=2.00
    neigh(174,100) d=1 terrain=10 cost=2.00
    neigh(174,101) d=2 terrain=10 cost=2.50
    neigh(174,102) d=3 terrain=1 cost=2.90
    neigh(173,102) d=4 terrain=1 cost=3.60
    neigh(172,102) d=5 terrain=1 cost=3.70
    neigh(172,101) d=6 terrain=10 cost=3.10
    neigh(172,100) d=7 terrain=10 cost=2.00
  expand #15: (170,99) boat=1 g=6.82 terrain=10 f_top=77.43
    neigh(170,98) d=0 terrain=10 cost=2.00
    neigh(171,98) d=1 terrain=10 cost=2.00
    neigh(171,99) d=2 terrain=10 cost=2.00
    neigh(171,100) d=3 terrain=10 cost=2.60
    neigh(170,100) d=4 terrain=10 cost=2.00
    neigh(169,100) d=5 terrain=10 cost=2.00
    neigh(169,99) d=6 terrain=10 cost=2.00
    neigh(169,98) d=7 terrain=10 cost=2.00
  expand #16: (167,100) boat=1 g=10.60 terrain=10 f_top=77.80
    neigh(167,99) d=0 terrain=10 cost=2.00
    neigh(168,99) d=1 terrain=10 cost=2.00
    neigh(168,100) d=2 terrain=10 cost=2.00
    neigh(168,101) d=3 terrain=10 cost=2.90
    neigh(167,101) d=4 terrain=10 cost=2.70
    neigh(166,101) d=5 terrain=10 cost=2.00
    neigh(166,100) d=6 terrain=10 cost=2.00
    neigh(166,99) d=7 terrain=10 cost=2.00
  expand #17: (172,102) boat=1 g=6.80 terrain=1 f_top=78.18
    neigh(172,101) d=0 terrain=10 cost=3.10
    neigh(173,101) d=1 terrain=10 cost=3.00
    neigh(173,102) d=2 terrain=1 cost=3.60
    neigh(172,103) d=4 terrain=2 cost=20.27
    neigh(171,102) d=6 terrain=1 cost=3.70
    neigh(171,101) d=7 terrain=10 cost=3.20
  expand #18: (174,100) boat=1 g=4.00 terrain=10 f_top=78.20
    neigh(174,99) d=0 terrain=10 cost=2.00
    neigh(175,99) d=1 terrain=10 cost=2.00
    neigh(175,100) d=2 terrain=10 cost=2.00
    neigh(175,101) d=3 terrain=10 cost=2.40
    neigh(174,101) d=4 terrain=10 cost=2.50
    neigh(173,101) d=5 terrain=10 cost=3.00
    neigh(173,100) d=6 terrain=10 cost=2.00
    neigh(173,99) d=7 terrain=10 cost=2.00
  expand #19: (169,99) boat=1 g=8.82 terrain=10 f_top=78.43
    neigh(169,98) d=0 terrain=10 cost=2.00
    neigh(170,98) d=1 terrain=10 cost=2.00
    neigh(170,99) d=2 terrain=10 cost=2.00
    neigh(170,100) d=3 terrain=10 cost=2.00
    neigh(169,100) d=4 terrain=10 cost=2.00
    neigh(168,100) d=5 terrain=10 cost=2.00
    neigh(168,99) d=6 terrain=10 cost=2.00
    neigh(168,98) d=7 terrain=10 cost=2.00
  expand #20: (166,100) boat=1 g=12.60 terrain=10 f_top=78.80
    neigh(166,99) d=0 terrain=10 cost=2.00
    neigh(167,99) d=1 terrain=10 cost=2.00
    neigh(167,100) d=2 terrain=10 cost=2.00
    neigh(167,101) d=3 terrain=10 cost=2.70
    neigh(166,101) d=4 terrain=10 cost=2.00
    neigh(165,101) d=5 terrain=10 cost=2.00
    neigh(165,100) d=6 terrain=10 cost=2.00
    neigh(165,99) d=7 terrain=10 cost=2.00
  result=1000000015047466219876688855040.00 expanded=16000 open_remaining=2055 term=BUDGET_EXHAUSTED
  timing: init=28.9us search=4385.4us total=4414.3us  per-expand=0.27us
  heap: pushes=29322 pops=27267 stale_pops=11267 peak_open=2071
  neigh: total=128000 oob=0 diag_blocked=1411 cost_inf=131 already_closed=61829 worse_g=35308 relaxed=29321

=== cost_to(172,100)->(113,137) boat=1 sh=40 tr=40 mn=40 arm=40 budget=16000 src_terrain=10 dst_terrain=2 ===
  expand #1: (172,100) boat=1 g=0.00 terrain=10 f_top=74.17
    neigh(172,99) d=0 terrain=10 cost=2.00
    neigh(173,99) d=1 terrain=10 cost=2.00
    neigh(173,100) d=2 terrain=10 cost=2.00
    neigh(173,101) d=3 terrain=10 cost=3.00
    neigh(172,101) d=4 terrain=10 cost=3.10
    neigh(171,101) d=5 terrain=10 cost=3.20
    neigh(171,100) d=6 terrain=10 cost=2.60
    neigh(171,99) d=7 terrain=10 cost=2.00
  expand #2: (171,100) boat=1 g=2.60 terrain=10 f_top=75.77
    neigh(171,99) d=0 terrain=10 cost=2.00
    neigh(172,99) d=1 terrain=10 cost=2.00
    neigh(172,100) d=2 terrain=10 cost=2.00
    neigh(172,101) d=3 terrain=10 cost=3.10
    neigh(171,101) d=4 terrain=10 cost=3.20
    neigh(170,101) d=5 terrain=10 cost=3.10
    neigh(170,100) d=6 terrain=10 cost=2.00
    neigh(170,99) d=7 terrain=10 cost=2.00
  expand #3: (171,99) boat=1 g=2.82 terrain=10 f_top=76.40
    neigh(171,98) d=0 terrain=10 cost=2.00
    neigh(172,98) d=1 terrain=10 cost=2.00
    neigh(172,99) d=2 terrain=10 cost=2.00
    neigh(172,100) d=3 terrain=10 cost=2.00
    neigh(171,100) d=4 terrain=10 cost=2.60
    neigh(170,100) d=5 terrain=10 cost=2.00
    neigh(170,99) d=6 terrain=10 cost=2.00
    neigh(170,98) d=7 terrain=10 cost=2.00
  expand #4: (172,99) boat=1 g=2.00 terrain=10 f_top=76.58
    neigh(172,98) d=0 terrain=10 cost=2.00
    neigh(173,98) d=1 terrain=10 cost=2.00
    neigh(173,99) d=2 terrain=10 cost=2.00
    neigh(173,100) d=3 terrain=10 cost=2.00
    neigh(172,100) d=4 terrain=10 cost=2.00
    neigh(171,100) d=5 terrain=10 cost=2.60
    neigh(171,99) d=6 terrain=10 cost=2.00
    neigh(171,98) d=7 terrain=10 cost=2.00
  expand #5: (170,100) boat=1 g=4.60 terrain=10 f_top=76.77
    neigh(170,99) d=0 terrain=10 cost=2.00
    neigh(171,99) d=1 terrain=10 cost=2.00
    neigh(171,100) d=2 terrain=10 cost=2.60
    neigh(171,101) d=3 terrain=10 cost=3.20
    neigh(170,101) d=4 terrain=10 cost=3.10
    neigh(169,101) d=5 terrain=10 cost=3.00
    neigh(169,100) d=6 terrain=10 cost=2.00
    neigh(169,99) d=7 terrain=10 cost=2.00
  expand #6: (172,101) boat=1 g=3.10 terrain=10 f_top=76.86
    neigh(172,100) d=0 terrain=10 cost=2.00
    neigh(173,100) d=1 terrain=10 cost=2.00
    neigh(173,101) d=2 terrain=10 cost=3.00
    neigh(173,102) d=3 terrain=1 cost=3.60
    neigh(172,102) d=4 terrain=1 cost=3.70
    neigh(171,102) d=5 terrain=1 cost=3.70
    neigh(171,101) d=6 terrain=10 cost=3.20
    neigh(171,100) d=7 terrain=10 cost=2.60
  expand #7: (173,100) boat=1 g=2.00 terrain=10 f_top=77.17
    neigh(173,99) d=0 terrain=10 cost=2.00
    neigh(174,99) d=1 terrain=10 cost=2.00
    neigh(174,100) d=2 terrain=10 cost=2.00
    neigh(174,101) d=3 terrain=10 cost=2.50
    neigh(173,101) d=4 terrain=10 cost=3.00
    neigh(172,101) d=5 terrain=10 cost=3.10
    neigh(172,100) d=6 terrain=10 cost=2.00
    neigh(172,99) d=7 terrain=10 cost=2.00
  expand #8: (171,101) boat=1 g=4.51 terrain=10 f_top=77.27
    neigh(171,100) d=0 terrain=10 cost=2.60
    neigh(172,100) d=1 terrain=10 cost=2.00
    neigh(172,101) d=2 terrain=10 cost=3.10
    neigh(172,102) d=3 terrain=1 cost=3.70
    neigh(171,102) d=4 terrain=1 cost=3.70
    neigh(170,102) d=5 terrain=1 cost=3.70
    neigh(170,101) d=6 terrain=10 cost=3.10
    neigh(170,100) d=7 terrain=10 cost=2.00
  expand #9: (169,100) boat=1 g=6.60 terrain=10 f_top=77.77
    neigh(169,99) d=0 terrain=10 cost=2.00
    neigh(170,99) d=1 terrain=10 cost=2.00
    neigh(170,100) d=2 terrain=10 cost=2.00
    neigh(170,101) d=3 terrain=10 cost=3.10
    neigh(169,101) d=4 terrain=10 cost=3.00
    neigh(168,101) d=5 terrain=10 cost=2.90
    neigh(168,100) d=6 terrain=10 cost=2.00
    neigh(168,99) d=7 terrain=10 cost=2.00
  expand #10: (173,99) boat=1 g=2.82 terrain=10 f_top=78.40
    neigh(173,98) d=0 terrain=10 cost=2.00
    neigh(174,98) d=1 terrain=10 cost=2.00
    neigh(174,99) d=2 terrain=10 cost=2.00
    neigh(174,100) d=3 terrain=10 cost=2.00
    neigh(173,100) d=4 terrain=10 cost=2.00
    neigh(172,100) d=5 terrain=10 cost=2.00
    neigh(172,99) d=6 terrain=10 cost=2.00
    neigh(172,98) d=7 terrain=10 cost=2.00
  expand #11: (170,98) boat=1 g=5.64 terrain=10 f_top=78.63
    neigh(170,97) d=0 terrain=10 cost=2.00
    neigh(171,97) d=1 terrain=10 cost=2.00
    neigh(171,98) d=2 terrain=10 cost=2.00
    neigh(171,99) d=3 terrain=10 cost=2.00
    neigh(170,99) d=4 terrain=10 cost=2.00
    neigh(169,99) d=5 terrain=10 cost=2.00
    neigh(169,98) d=6 terrain=10 cost=2.00
    neigh(169,97) d=7 terrain=10 cost=2.00
  expand #12: (168,100) boat=1 g=8.60 terrain=10 f_top=78.77
    neigh(168,99) d=0 terrain=10 cost=2.00
    neigh(169,99) d=1 terrain=10 cost=2.00
    neigh(169,100) d=2 terrain=10 cost=2.00
    neigh(169,101) d=3 terrain=10 cost=3.00
    neigh(168,101) d=4 terrain=10 cost=2.90
    neigh(167,101) d=5 terrain=10 cost=2.70
    neigh(167,100) d=6 terrain=10 cost=2.00
    neigh(167,99) d=7 terrain=10 cost=2.00
  expand #13: (172,98) boat=1 g=4.00 terrain=10 f_top=78.99
    neigh(172,97) d=0 terrain=10 cost=2.00
    neigh(173,97) d=1 terrain=10 cost=2.00
    neigh(173,98) d=2 terrain=10 cost=2.00
    neigh(173,99) d=3 terrain=10 cost=2.00
    neigh(172,99) d=4 terrain=10 cost=2.00
    neigh(171,99) d=5 terrain=10 cost=2.00
    neigh(171,98) d=6 terrain=10 cost=2.00
    neigh(171,97) d=7 terrain=10 cost=2.00
  expand #14: (173,101) boat=1 g=4.23 terrain=10 f_top=78.99
    neigh(173,100) d=0 terrain=10 cost=2.00
    neigh(174,100) d=1 terrain=10 cost=2.00
    neigh(174,101) d=2 terrain=10 cost=2.50
    neigh(174,102) d=3 terrain=1 cost=2.90
    neigh(173,102) d=4 terrain=1 cost=3.60
    neigh(172,102) d=5 terrain=1 cost=3.70
    neigh(172,101) d=6 terrain=10 cost=3.10
    neigh(172,100) d=7 terrain=10 cost=2.00
  expand #15: (170,99) boat=1 g=6.82 terrain=10 f_top=79.40
    neigh(170,98) d=0 terrain=10 cost=2.00
    neigh(171,98) d=1 terrain=10 cost=2.00
    neigh(171,99) d=2 terrain=10 cost=2.00
    neigh(171,100) d=3 terrain=10 cost=2.60
    neigh(170,100) d=4 terrain=10 cost=2.00
    neigh(169,100) d=5 terrain=10 cost=2.00
    neigh(169,99) d=6 terrain=10 cost=2.00
    neigh(169,98) d=7 terrain=10 cost=2.00
  expand #16: (167,100) boat=1 g=10.60 terrain=10 f_top=79.77
    neigh(167,99) d=0 terrain=10 cost=2.00
    neigh(168,99) d=1 terrain=10 cost=2.00
    neigh(168,100) d=2 terrain=10 cost=2.00
    neigh(168,101) d=3 terrain=10 cost=2.90
    neigh(167,101) d=4 terrain=10 cost=2.70
    neigh(166,101) d=5 terrain=10 cost=2.00
    neigh(166,100) d=6 terrain=10 cost=2.00
    neigh(166,99) d=7 terrain=10 cost=2.00
  expand #17: (172,102) boat=1 g=6.80 terrain=1 f_top=80.15
    neigh(172,101) d=0 terrain=10 cost=3.10
    neigh(173,101) d=1 terrain=10 cost=3.00
    neigh(173,102) d=2 terrain=1 cost=3.60
    neigh(172,103) d=4 terrain=2 cost=20.27
    neigh(171,102) d=6 terrain=1 cost=3.70
    neigh(171,101) d=7 terrain=10 cost=3.20
  expand #18: (174,100) boat=1 g=4.00 terrain=10 f_top=80.17
    neigh(174,99) d=0 terrain=10 cost=2.00
    neigh(175,99) d=1 terrain=10 cost=2.00
    neigh(175,100) d=2 terrain=10 cost=2.00
    neigh(175,101) d=3 terrain=10 cost=2.40
    neigh(174,101) d=4 terrain=10 cost=2.50
    neigh(173,101) d=5 terrain=10 cost=3.00
    neigh(173,100) d=6 terrain=10 cost=2.00
    neigh(173,99) d=7 terrain=10 cost=2.00
  expand #19: (169,99) boat=1 g=8.82 terrain=10 f_top=80.40
    neigh(169,98) d=0 terrain=10 cost=2.00
    neigh(170,98) d=1 terrain=10 cost=2.00
    neigh(170,99) d=2 terrain=10 cost=2.00
    neigh(170,100) d=3 terrain=10 cost=2.00
    neigh(169,100) d=4 terrain=10 cost=2.00
    neigh(168,100) d=5 terrain=10 cost=2.00
    neigh(168,99) d=6 terrain=10 cost=2.00
    neigh(168,98) d=7 terrain=10 cost=2.00
  expand #20: (166,100) boat=1 g=12.60 terrain=10 f_top=80.77
    neigh(166,99) d=0 terrain=10 cost=2.00
    neigh(167,99) d=1 terrain=10 cost=2.00
    neigh(167,100) d=2 terrain=10 cost=2.00
    neigh(167,101) d=3 terrain=10 cost=2.70
    neigh(166,101) d=4 terrain=10 cost=2.00
    neigh(165,101) d=5 terrain=10 cost=2.00
    neigh(165,100) d=6 terrain=10 cost=2.00
    neigh(165,99) d=7 terrain=10 cost=2.00
=== cost_to(156,156)->(129,104) boat=1 sh=40 tr=40 mn=40 arm=40 budget=16000 src_terrain=10 dst_terrain=2 ===
  expand #1: (156,156) boat=1 g=0.00 terrain=10 f_top=63.07
    neigh(156,155) d=0 terrain=10 cost=12.00
    neigh(157,155) d=1 terrain=10 cost=11.00
    neigh(157,156) d=2 terrain=10 cost=2.00
    neigh(157,157) d=3 terrain=10 cost=2.00
    neigh(156,157) d=4 terrain=10 cost=2.00
    neigh(155,157) d=5 terrain=10 cost=2.00
    neigh(155,156) d=6 terrain=10 cost=2.00
    neigh(155,155) d=7 terrain=10 cost=13.00
  expand #2: (155,156) boat=1 g=2.00 terrain=10 f_top=64.66
    neigh(155,155) d=0 terrain=10 cost=13.00
    neigh(156,155) d=1 terrain=10 cost=12.00
    neigh(156,156) d=2 terrain=10 cost=2.00
    neigh(156,157) d=3 terrain=10 cost=2.00
    neigh(155,157) d=4 terrain=10 cost=2.00
    neigh(154,157) d=5 terrain=10 cost=2.00
    neigh(154,156) d=6 terrain=10 cost=8.00
    neigh(154,155) d=7 terrain=10 cost=14.00
  expand #3: (157,156) boat=1 g=2.00 terrain=10 f_top=65.48
    neigh(157,155) d=0 terrain=10 cost=11.00
    neigh(158,155) d=1 terrain=10 cost=9.00
    neigh(158,156) d=2 terrain=10 cost=2.00
    neigh(158,157) d=3 terrain=10 cost=2.00
    neigh(157,157) d=4 terrain=10 cost=2.00
    neigh(156,157) d=5 terrain=10 cost=2.00
    neigh(156,156) d=6 terrain=10 cost=2.00
    neigh(156,155) d=7 terrain=10 cost=12.00
  expand #4: (156,157) boat=1 g=2.00 terrain=10 f_top=66.07
    neigh(156,156) d=0 terrain=10 cost=2.00
    neigh(157,156) d=1 terrain=10 cost=2.00
    neigh(157,157) d=2 terrain=10 cost=2.00
    neigh(157,158) d=3 terrain=10 cost=2.00
    neigh(156,158) d=4 terrain=10 cost=2.00
    neigh(155,158) d=5 terrain=10 cost=2.00
    neigh(155,157) d=6 terrain=10 cost=2.00
    neigh(155,156) d=7 terrain=10 cost=2.00
  expand #5: (155,157) boat=1 g=2.82 terrain=10 f_top=66.48
    neigh(155,156) d=0 terrain=10 cost=2.00
    neigh(156,156) d=1 terrain=10 cost=2.00
    neigh(156,157) d=2 terrain=10 cost=2.00
    neigh(156,158) d=3 terrain=10 cost=2.00
    neigh(155,158) d=4 terrain=10 cost=2.00
    neigh(154,158) d=5 terrain=10 cost=2.00
    neigh(154,157) d=6 terrain=10 cost=2.00
    neigh(154,156) d=7 terrain=10 cost=8.00
  expand #6: (157,157) boat=1 g=2.82 terrain=10 f_top=67.30
    neigh(157,156) d=0 terrain=10 cost=2.00
    neigh(158,156) d=1 terrain=10 cost=2.00
    neigh(158,157) d=2 terrain=10 cost=2.00
    neigh(158,158) d=3 terrain=10 cost=2.00
    neigh(157,158) d=4 terrain=10 cost=2.00
    neigh(156,158) d=5 terrain=10 cost=2.00
    neigh(156,157) d=6 terrain=10 cost=2.00
    neigh(156,156) d=7 terrain=10 cost=2.00
  expand #7: (158,156) boat=1 g=4.00 terrain=10 f_top=67.89
    neigh(158,155) d=0 terrain=10 cost=9.00
    neigh(159,155) d=1 terrain=10 cost=2.00
    neigh(159,156) d=2 terrain=10 cost=2.00
    neigh(159,157) d=3 terrain=10 cost=2.00
    neigh(158,157) d=4 terrain=10 cost=2.00
    neigh(157,157) d=5 terrain=10 cost=2.00
    neigh(157,156) d=6 terrain=10 cost=2.00
    neigh(157,155) d=7 terrain=10 cost=11.00
  expand #8: (156,158) boat=1 g=4.00 terrain=10 f_top=69.07
    neigh(156,157) d=0 terrain=10 cost=2.00
    neigh(157,157) d=1 terrain=10 cost=2.00
    neigh(157,158) d=2 terrain=10 cost=2.00
    neigh(157,159) d=3 terrain=10 cost=2.00
    neigh(156,159) d=4 terrain=10 cost=2.00
    neigh(155,159) d=5 terrain=10 cost=2.00
    neigh(155,158) d=6 terrain=10 cost=2.00
    neigh(155,157) d=7 terrain=10 cost=2.00
  expand #9: (154,158) boat=1 g=5.64 terrain=10 f_top=69.89
    neigh(154,157) d=0 terrain=10 cost=2.00
    neigh(155,157) d=1 terrain=10 cost=2.00
    neigh(155,158) d=2 terrain=10 cost=2.00
    neigh(155,159) d=3 terrain=10 cost=2.00
    neigh(154,159) d=4 terrain=10 cost=2.00
    neigh(153,159) d=5 terrain=10 cost=2.00
    neigh(153,158) d=6 terrain=10 cost=2.00
    neigh(153,157) d=7 terrain=10 cost=2.00
  expand #10: (154,157) boat=1 g=6.82 terrain=10 f_top=70.07
    neigh(154,156) d=0 terrain=10 cost=8.00
    neigh(155,156) d=1 terrain=10 cost=2.00
    neigh(155,157) d=2 terrain=10 cost=2.00
    neigh(155,158) d=3 terrain=10 cost=2.00
    neigh(154,158) d=4 terrain=10 cost=2.00
    neigh(153,158) d=5 terrain=10 cost=2.00
    neigh(153,157) d=6 terrain=10 cost=2.00
    neigh(153,156) d=7 terrain=10 cost=2.00
  expand #11: (159,156) boat=1 g=6.00 terrain=10 f_top=70.30
    neigh(159,155) d=0 terrain=10 cost=2.00
    neigh(160,155) d=1 terrain=10 cost=2.00
    neigh(160,156) d=2 terrain=10 cost=2.00
    neigh(160,157) d=3 terrain=10 cost=2.00
    neigh(159,157) d=4 terrain=10 cost=2.00
    neigh(158,157) d=5 terrain=10 cost=2.00
    neigh(158,156) d=6 terrain=10 cost=2.00
    neigh(158,155) d=7 terrain=10 cost=9.00
  expand #12: (155,158) boat=1 g=6.82 terrain=10 f_top=71.48
    neigh(155,157) d=0 terrain=10 cost=2.00
    neigh(156,157) d=1 terrain=10 cost=2.00
    neigh(156,158) d=2 terrain=10 cost=2.00
    neigh(156,159) d=3 terrain=10 cost=2.00
    neigh(155,159) d=4 terrain=10 cost=2.00
    neigh(154,159) d=5 terrain=10 cost=2.00
    neigh(154,158) d=6 terrain=10 cost=2.00
    neigh(154,157) d=7 terrain=10 cost=2.00
  expand #13: (158,158) boat=1 g=5.64 terrain=10 f_top=71.53
    neigh(158,157) d=0 terrain=10 cost=2.00
    neigh(159,157) d=1 terrain=10 cost=2.00
    neigh(159,158) d=2 terrain=10 cost=2.00
    neigh(159,159) d=3 terrain=10 cost=2.00
    neigh(158,159) d=4 terrain=10 cost=2.00
    neigh(157,159) d=5 terrain=10 cost=2.00
    neigh(157,158) d=6 terrain=10 cost=2.00
    neigh(157,157) d=7 terrain=10 cost=2.00
  expand #14: (153,157) boat=1 g=8.82 terrain=10 f_top=71.66
    neigh(153,156) d=0 terrain=10 cost=2.00
    neigh(154,156) d=1 terrain=10 cost=8.00
    neigh(154,157) d=2 terrain=10 cost=2.00
    neigh(154,158) d=3 terrain=10 cost=2.00
    neigh(153,158) d=4 terrain=10 cost=2.00
    neigh(152,158) d=5 terrain=10 cost=2.00
    neigh(152,157) d=6 terrain=10 cost=2.00
    neigh(152,156) d=7 terrain=10 cost=2.00
  expand #15: (158,157) boat=1 g=6.82 terrain=10 f_top=71.71
    neigh(158,156) d=0 terrain=10 cost=2.00
    neigh(159,156) d=1 terrain=10 cost=2.00
    neigh(159,157) d=2 terrain=10 cost=2.00
    neigh(159,158) d=3 terrain=10 cost=2.00
    neigh(158,158) d=4 terrain=10 cost=2.00
    neigh(157,158) d=5 terrain=10 cost=2.00
    neigh(157,157) d=6 terrain=10 cost=2.00
    neigh(157,156) d=7 terrain=10 cost=2.00
  expand #16: (156,159) boat=1 g=6.00 terrain=10 f_top=72.07
    neigh(156,158) d=0 terrain=10 cost=2.00
    neigh(157,158) d=1 terrain=10 cost=2.00
    neigh(157,159) d=2 terrain=10 cost=2.00
    neigh(157,160) d=3 terrain=10 cost=2.00
    neigh(156,160) d=4 terrain=10 cost=2.00
    neigh(155,160) d=5 terrain=10 cost=2.00
    neigh(155,159) d=6 terrain=10 cost=2.00
    neigh(155,158) d=7 terrain=10 cost=2.00
  expand #17: (154,156) boat=1 g=10.00 terrain=10 f_top=72.25
    neigh(154,155) d=0 terrain=10 cost=14.00
    neigh(155,155) d=1 terrain=10 cost=13.00
    neigh(155,156) d=2 terrain=10 cost=2.00
    neigh(155,157) d=3 terrain=10 cost=2.00
    neigh(154,157) d=4 terrain=10 cost=2.00
    neigh(153,157) d=5 terrain=10 cost=2.00
    neigh(153,156) d=6 terrain=10 cost=2.00
    neigh(153,155) d=7 terrain=10 cost=13.00
  expand #18: (157,158) boat=1 g=6.82 terrain=10 f_top=72.30
    neigh(157,157) d=0 terrain=10 cost=2.00
    neigh(158,157) d=1 terrain=10 cost=2.00
    neigh(158,158) d=2 terrain=10 cost=2.00
    neigh(158,159) d=3 terrain=10 cost=2.00
    neigh(157,159) d=4 terrain=10 cost=2.00
    neigh(156,159) d=5 terrain=10 cost=2.00
    neigh(156,158) d=6 terrain=10 cost=2.00
    neigh(156,157) d=7 terrain=10 cost=2.00
  expand #19: (160,156) boat=1 g=8.00 terrain=10 f_top=72.71
    neigh(160,155) d=0 terrain=10 cost=2.00
    neigh(161,155) d=1 terrain=10 cost=2.00
    neigh(161,156) d=2 terrain=10 cost=2.00
    neigh(161,157) d=3 terrain=10 cost=2.00
    neigh(160,157) d=4 terrain=10 cost=2.00
    neigh(159,157) d=5 terrain=10 cost=2.00
    neigh(159,156) d=6 terrain=10 cost=2.00
    neigh(159,155) d=7 terrain=10 cost=2.00
  expand #20: (159,155) boat=1 g=9.64 terrain=10 f_top=72.94
    neigh(159,154) d=0 terrain=10 cost=11.00
    neigh(160,154) d=1 terrain=10 cost=8.00
    neigh(160,155) d=2 terrain=10 cost=2.00
    neigh(160,156) d=3 terrain=10 cost=2.00
    neigh(159,156) d=4 terrain=10 cost=2.00
    neigh(158,156) d=5 terrain=10 cost=2.00
    neigh(158,155) d=6 terrain=10 cost=9.00
    neigh(158,154) d=7 terrain=10 cost=14.00
  result=1000000015047466219876688855040.00 expanded=16000 open_remaining=2020 term=BUDGET_EXHAUSTED
  timing: init=28.1us search=4400.3us total=4428.4us  per-expand=0.28us
  heap: pushes=29452 pops=27432 stale_pops=11432 peak_open=2110
  neigh: total=128000 oob=0 diag_blocked=1497 cost_inf=137 already_closed=61767 worse_g=35148 relaxed=29451

  result=1000000015047466219876688855040.00 expanded=16000 open_remaining=2121 term=BUDGET_EXHAUSTED
  timing: init=34.9us search=4607.8us total=4642.7us  per-expand=0.29us
  heap: pushes=29799 pops=27678 stale_pops=11678 peak_open=2124
  neigh: total=128000 oob=0 diag_blocked=1380 cost_inf=101 already_closed=61939 worse_g=34782 relaxed=29798

=== cost_to(172,100)->(113,145) boat=1 sh=40 tr=40 mn=40 arm=40 budget=16000 src_terrain=10 dst_terrain=2 ===
  expand #1: (172,100) boat=1 g=0.00 terrain=10 f_top=77.45
    neigh(172,99) d=0 terrain=10 cost=2.00
    neigh(173,99) d=1 terrain=10 cost=2.00
    neigh(173,100) d=2 terrain=10 cost=2.00
    neigh(173,101) d=3 terrain=10 cost=3.00
    neigh(172,101) d=4 terrain=10 cost=3.10
    neigh(171,101) d=5 terrain=10 cost=3.20
    neigh(171,100) d=6 terrain=10 cost=2.60
    neigh(171,99) d=7 terrain=10 cost=2.00
  expand #2: (171,100) boat=1 g=2.60 terrain=10 f_top=79.05
    neigh(171,99) d=0 terrain=10 cost=2.00
    neigh(172,99) d=1 terrain=10 cost=2.00
    neigh(172,100) d=2 terrain=10 cost=2.00
    neigh(172,101) d=3 terrain=10 cost=3.10
    neigh(171,101) d=4 terrain=10 cost=3.20
    neigh(170,101) d=5 terrain=10 cost=3.10
    neigh(170,100) d=6 terrain=10 cost=2.00
    neigh(170,99) d=7 terrain=10 cost=2.00
  expand #3: (171,99) boat=1 g=2.82 terrain=10 f_top=79.68
    neigh(171,98) d=0 terrain=10 cost=2.00
    neigh(172,98) d=1 terrain=10 cost=2.00
    neigh(172,99) d=2 terrain=10 cost=2.00
    neigh(172,100) d=3 terrain=10 cost=2.00
    neigh(171,100) d=4 terrain=10 cost=2.60
    neigh(170,100) d=5 terrain=10 cost=2.00
    neigh(170,99) d=6 terrain=10 cost=2.00
    neigh(170,98) d=7 terrain=10 cost=2.00
  expand #4: (172,99) boat=1 g=2.00 terrain=10 f_top=79.86
    neigh(172,98) d=0 terrain=10 cost=2.00
    neigh(173,98) d=1 terrain=10 cost=2.00
    neigh(173,99) d=2 terrain=10 cost=2.00
    neigh(173,100) d=3 terrain=10 cost=2.00
    neigh(172,100) d=4 terrain=10 cost=2.00
    neigh(171,100) d=5 terrain=10 cost=2.60
    neigh(171,99) d=6 terrain=10 cost=2.00
    neigh(171,98) d=7 terrain=10 cost=2.00
  expand #5: (170,100) boat=1 g=4.60 terrain=10 f_top=80.05
    neigh(170,99) d=0 terrain=10 cost=2.00
    neigh(171,99) d=1 terrain=10 cost=2.00
    neigh(171,100) d=2 terrain=10 cost=2.60
    neigh(171,101) d=3 terrain=10 cost=3.20
    neigh(170,101) d=4 terrain=10 cost=3.10
    neigh(169,101) d=5 terrain=10 cost=3.00
    neigh(169,100) d=6 terrain=10 cost=2.00
    neigh(169,99) d=7 terrain=10 cost=2.00
  expand #6: (172,101) boat=1 g=3.10 terrain=10 f_top=80.14
    neigh(172,100) d=0 terrain=10 cost=2.00
    neigh(173,100) d=1 terrain=10 cost=2.00
    neigh(173,101) d=2 terrain=10 cost=3.00
    neigh(173,102) d=3 terrain=1 cost=3.60
    neigh(172,102) d=4 terrain=1 cost=3.70
    neigh(171,102) d=5 terrain=1 cost=3.70
    neigh(171,101) d=6 terrain=10 cost=3.20
    neigh(171,100) d=7 terrain=10 cost=2.60
  expand #7: (173,100) boat=1 g=2.00 terrain=10 f_top=80.45
    neigh(173,99) d=0 terrain=10 cost=2.00
    neigh(174,99) d=1 terrain=10 cost=2.00
    neigh(174,100) d=2 terrain=10 cost=2.00
    neigh(174,101) d=3 terrain=10 cost=2.50
    neigh(173,101) d=4 terrain=10 cost=3.00
    neigh(172,101) d=5 terrain=10 cost=3.10
    neigh(172,100) d=6 terrain=10 cost=2.00
    neigh(172,99) d=7 terrain=10 cost=2.00
  expand #8: (171,101) boat=1 g=4.51 terrain=10 f_top=80.55
    neigh(171,100) d=0 terrain=10 cost=2.60
    neigh(172,100) d=1 terrain=10 cost=2.00
    neigh(172,101) d=2 terrain=10 cost=3.10
    neigh(172,102) d=3 terrain=1 cost=3.70
    neigh(171,102) d=4 terrain=1 cost=3.70
    neigh(170,102) d=5 terrain=1 cost=3.70
    neigh(170,101) d=6 terrain=10 cost=3.10
    neigh(170,100) d=7 terrain=10 cost=2.00
  expand #9: (169,100) boat=1 g=6.60 terrain=10 f_top=81.05
    neigh(169,99) d=0 terrain=10 cost=2.00
    neigh(170,99) d=1 terrain=10 cost=2.00
    neigh(170,100) d=2 terrain=10 cost=2.00
    neigh(170,101) d=3 terrain=10 cost=3.10
    neigh(169,101) d=4 terrain=10 cost=3.00
    neigh(168,101) d=5 terrain=10 cost=2.90
    neigh(168,100) d=6 terrain=10 cost=2.00
    neigh(168,99) d=7 terrain=10 cost=2.00
  expand #10: (173,99) boat=1 g=2.82 terrain=10 f_top=81.68
    neigh(173,98) d=0 terrain=10 cost=2.00
    neigh(174,98) d=1 terrain=10 cost=2.00
    neigh(174,99) d=2 terrain=10 cost=2.00
    neigh(174,100) d=3 terrain=10 cost=2.00
    neigh(173,100) d=4 terrain=10 cost=2.00
    neigh(172,100) d=5 terrain=10 cost=2.00
    neigh(172,99) d=6 terrain=10 cost=2.00
    neigh(172,98) d=7 terrain=10 cost=2.00
  expand #11: (170,98) boat=1 g=5.64 terrain=10 f_top=81.91
    neigh(170,97) d=0 terrain=10 cost=2.00
    neigh(171,97) d=1 terrain=10 cost=2.00
    neigh(171,98) d=2 terrain=10 cost=2.00
    neigh(171,99) d=3 terrain=10 cost=2.00
    neigh(170,99) d=4 terrain=10 cost=2.00
    neigh(169,99) d=5 terrain=10 cost=2.00
    neigh(169,98) d=6 terrain=10 cost=2.00
    neigh(169,97) d=7 terrain=10 cost=2.00
  expand #12: (168,100) boat=1 g=8.60 terrain=10 f_top=82.05
    neigh(168,99) d=0 terrain=10 cost=2.00
    neigh(169,99) d=1 terrain=10 cost=2.00
    neigh(169,100) d=2 terrain=10 cost=2.00
    neigh(169,101) d=3 terrain=10 cost=3.00
    neigh(168,101) d=4 terrain=10 cost=2.90
    neigh(167,101) d=5 terrain=10 cost=2.70
    neigh(167,100) d=6 terrain=10 cost=2.00
    neigh(167,99) d=7 terrain=10 cost=2.00
  expand #13: (172,98) boat=1 g=4.00 terrain=10 f_top=82.27
    neigh(172,97) d=0 terrain=10 cost=2.00
    neigh(173,97) d=1 terrain=10 cost=2.00
    neigh(173,98) d=2 terrain=10 cost=2.00
    neigh(173,99) d=3 terrain=10 cost=2.00
    neigh(172,99) d=4 terrain=10 cost=2.00
    neigh(171,99) d=5 terrain=10 cost=2.00
    neigh(171,98) d=6 terrain=10 cost=2.00
    neigh(171,97) d=7 terrain=10 cost=2.00
  expand #14: (173,101) boat=1 g=4.23 terrain=10 f_top=82.27
    neigh(173,100) d=0 terrain=10 cost=2.00
    neigh(174,100) d=1 terrain=10 cost=2.00
    neigh(174,101) d=2 terrain=10 cost=2.50
    neigh(174,102) d=3 terrain=1 cost=2.90
    neigh(173,102) d=4 terrain=1 cost=3.60
    neigh(172,102) d=5 terrain=1 cost=3.70
    neigh(172,101) d=6 terrain=10 cost=3.10
    neigh(172,100) d=7 terrain=10 cost=2.00
  expand #15: (170,99) boat=1 g=6.82 terrain=10 f_top=82.68
    neigh(170,98) d=0 terrain=10 cost=2.00
    neigh(171,98) d=1 terrain=10 cost=2.00
    neigh(171,99) d=2 terrain=10 cost=2.00
    neigh(171,100) d=3 terrain=10 cost=2.60
    neigh(170,100) d=4 terrain=10 cost=2.00
    neigh(169,100) d=5 terrain=10 cost=2.00
    neigh(169,99) d=6 terrain=10 cost=2.00
    neigh(169,98) d=7 terrain=10 cost=2.00
  expand #16: (167,100) boat=1 g=10.60 terrain=10 f_top=83.05
    neigh(167,99) d=0 terrain=10 cost=2.00
    neigh(168,99) d=1 terrain=10 cost=2.00
    neigh(168,100) d=2 terrain=10 cost=2.00
    neigh(168,101) d=3 terrain=10 cost=2.90
    neigh(167,101) d=4 terrain=10 cost=2.70
    neigh(166,101) d=5 terrain=10 cost=2.00
    neigh(166,100) d=6 terrain=10 cost=2.00
    neigh(166,99) d=7 terrain=10 cost=2.00
  expand #17: (172,102) boat=1 g=6.80 terrain=1 f_top=83.43
    neigh(172,101) d=0 terrain=10 cost=3.10
    neigh(173,101) d=1 terrain=10 cost=3.00
    neigh(173,102) d=2 terrain=1 cost=3.60
    neigh(172,103) d=4 terrain=2 cost=20.27
    neigh(171,102) d=6 terrain=1 cost=3.70
    neigh(171,101) d=7 terrain=10 cost=3.20
  expand #18: (174,100) boat=1 g=4.00 terrain=10 f_top=83.45
    neigh(174,99) d=0 terrain=10 cost=2.00
    neigh(175,99) d=1 terrain=10 cost=2.00
    neigh(175,100) d=2 terrain=10 cost=2.00
    neigh(175,101) d=3 terrain=10 cost=2.40
    neigh(174,101) d=4 terrain=10 cost=2.50
    neigh(173,101) d=5 terrain=10 cost=3.00
    neigh(173,100) d=6 terrain=10 cost=2.00
    neigh(173,99) d=7 terrain=10 cost=2.00
  expand #19: (169,99) boat=1 g=8.82 terrain=10 f_top=83.68
    neigh(169,98) d=0 terrain=10 cost=2.00
    neigh(170,98) d=1 terrain=10 cost=2.00
    neigh(170,99) d=2 terrain=10 cost=2.00
    neigh(170,100) d=3 terrain=10 cost=2.00
    neigh(169,100) d=4 terrain=10 cost=2.00
    neigh(168,100) d=5 terrain=10 cost=2.00
    neigh(168,99) d=6 terrain=10 cost=2.00
    neigh(168,98) d=7 terrain=10 cost=2.00
  expand #20: (166,100) boat=1 g=12.60 terrain=10 f_top=84.05
    neigh(166,99) d=0 terrain=10 cost=2.00
    neigh(167,99) d=1 terrain=10 cost=2.00
    neigh(167,100) d=2 terrain=10 cost=2.00
    neigh(167,101) d=3 terrain=10 cost=2.70
    neigh(166,101) d=4 terrain=10 cost=2.00
    neigh(165,101) d=5 terrain=10 cost=2.00
    neigh(165,100) d=6 terrain=10 cost=2.00
    neigh(165,99) d=7 terrain=10 cost=2.00
  result=1000000015047466219876688855040.00 expanded=16000 open_remaining=2088 term=BUDGET_EXHAUSTED
  timing: init=33.7us search=4634.8us total=4668.5us  per-expand=0.29us
  heap: pushes=29568 pops=27480 stale_pops=11480 peak_open=2114
  neigh: total=128000 oob=0 diag_blocked=1529 cost_inf=144 already_closed=61749 worse_g=35011 relaxed=29567

=== cost_to(156,156)->(108,120) boat=1 sh=40 tr=40 mn=40 arm=40 budget=16000 src_terrain=10 dst_terrain=2 ===
  expand #1: (156,156) boat=1 g=0.00 terrain=10 f_top=62.76
    neigh(156,155) d=0 terrain=10 cost=3.00
    neigh(157,155) d=1 terrain=10 cost=2.90
    neigh(157,156) d=2 terrain=10 cost=2.00
    neigh(157,157) d=3 terrain=10 cost=2.00
    neigh(156,157) d=4 terrain=10 cost=2.00
    neigh(155,157) d=5 terrain=10 cost=2.00
    neigh(155,156) d=6 terrain=10 cost=2.00
    neigh(155,155) d=7 terrain=10 cost=3.10
  expand #2: (155,156) boat=1 g=2.00 terrain=10 f_top=63.76
    neigh(155,155) d=0 terrain=10 cost=3.10
    neigh(156,155) d=1 terrain=10 cost=3.00
    neigh(156,156) d=2 terrain=10 cost=2.00
    neigh(156,157) d=3 terrain=10 cost=2.00
    neigh(155,157) d=4 terrain=10 cost=2.00
    neigh(154,157) d=5 terrain=10 cost=2.00
    neigh(154,156) d=6 terrain=10 cost=2.60
    neigh(154,155) d=7 terrain=10 cost=3.20
  expand #3: (155,157) boat=1 g=2.82 terrain=10 f_top=64.99
    neigh(155,156) d=0 terrain=10 cost=2.00
    neigh(156,156) d=1 terrain=10 cost=2.00
    neigh(156,157) d=2 terrain=10 cost=2.00
    neigh(156,158) d=3 terrain=10 cost=2.00
    neigh(155,158) d=4 terrain=10 cost=2.00
    neigh(154,158) d=5 terrain=10 cost=2.00
    neigh(154,157) d=6 terrain=10 cost=2.00
    neigh(154,156) d=7 terrain=10 cost=2.60
  expand #4: (156,157) boat=1 g=2.00 terrain=10 f_top=65.17
    neigh(156,156) d=0 terrain=10 cost=2.00
    neigh(157,156) d=1 terrain=10 cost=2.00
    neigh(157,157) d=2 terrain=10 cost=2.00
    neigh(157,158) d=3 terrain=10 cost=2.00
    neigh(156,158) d=4 terrain=10 cost=2.00
    neigh(155,158) d=5 terrain=10 cost=2.00
    neigh(155,157) d=6 terrain=10 cost=2.00
    neigh(155,156) d=7 terrain=10 cost=2.00
  expand #5: (156,155) boat=1 g=3.00 terrain=10 f_top=65.35
    neigh(156,154) d=0 terrain=10 cost=3.60
    neigh(157,154) d=1 terrain=10 cost=3.40
    neigh(157,155) d=2 terrain=10 cost=2.90
    neigh(157,156) d=3 terrain=10 cost=2.00
    neigh(156,156) d=4 terrain=10 cost=2.00
    neigh(155,156) d=5 terrain=10 cost=2.00
    neigh(155,155) d=6 terrain=10 cost=3.10
    neigh(155,154) d=7 terrain=10 cost=3.70
  expand #6: (154,156) boat=1 g=4.60 terrain=10 f_top=65.36
    neigh(154,155) d=0 terrain=10 cost=3.20
    neigh(155,155) d=1 terrain=10 cost=3.10
    neigh(155,156) d=2 terrain=10 cost=2.00
    neigh(155,157) d=3 terrain=10 cost=2.00
    neigh(154,157) d=4 terrain=10 cost=2.00
    neigh(153,157) d=5 terrain=10 cost=2.00
    neigh(153,156) d=6 terrain=10 cost=2.00
    neigh(153,155) d=7 terrain=10 cost=3.10
  expand #7: (155,155) boat=1 g=4.37 terrain=10 f_top=65.72
    neigh(155,154) d=0 terrain=10 cost=3.70
    neigh(156,154) d=1 terrain=10 cost=3.60
    neigh(156,155) d=2 terrain=10 cost=3.00
    neigh(156,156) d=3 terrain=10 cost=2.00
    neigh(155,156) d=4 terrain=10 cost=2.00
    neigh(154,156) d=5 terrain=10 cost=2.60
    neigh(154,155) d=6 terrain=10 cost=3.20
    neigh(154,154) d=7 terrain=10 cost=3.70
  expand #8: (157,156) boat=1 g=2.00 terrain=10 f_top=65.76
    neigh(157,155) d=0 terrain=10 cost=2.90
    neigh(158,155) d=1 terrain=10 cost=2.70
    neigh(158,156) d=2 terrain=10 cost=2.00
    neigh(158,157) d=3 terrain=10 cost=2.00
    neigh(157,157) d=4 terrain=10 cost=2.00
    neigh(156,157) d=5 terrain=10 cost=2.00
    neigh(156,156) d=6 terrain=10 cost=2.00
    neigh(156,155) d=7 terrain=10 cost=3.00
  expand #9: (153,156) boat=1 g=6.60 terrain=10 f_top=66.36
    neigh(153,155) d=0 terrain=10 cost=3.10
    neigh(154,155) d=1 terrain=10 cost=3.20
    neigh(154,156) d=2 terrain=10 cost=2.60
    neigh(154,157) d=3 terrain=10 cost=2.00
    neigh(153,157) d=4 terrain=10 cost=2.00
    neigh(152,157) d=5 terrain=10 cost=2.00
    neigh(152,156) d=6 terrain=10 cost=2.00
    neigh(152,155) d=7 terrain=10 cost=3.00
  expand #10: (157,157) boat=1 g=2.82 terrain=10 f_top=66.99
    neigh(157,156) d=0 terrain=10 cost=2.00
    neigh(158,156) d=1 terrain=10 cost=2.00
    neigh(158,157) d=2 terrain=10 cost=2.00
    neigh(158,158) d=3 terrain=10 cost=2.00
    neigh(157,158) d=4 terrain=10 cost=2.00
    neigh(156,158) d=5 terrain=10 cost=2.00
    neigh(156,157) d=6 terrain=10 cost=2.00
    neigh(156,156) d=7 terrain=10 cost=2.00
  expand #11: (154,158) boat=1 g=5.64 terrain=10 f_top=67.22
    neigh(154,157) d=0 terrain=10 cost=2.00
    neigh(155,157) d=1 terrain=10 cost=2.00
    neigh(155,158) d=2 terrain=10 cost=2.00
    neigh(155,159) d=3 terrain=10 cost=2.00
    neigh(154,159) d=4 terrain=10 cost=2.00
    neigh(153,159) d=5 terrain=10 cost=2.00
    neigh(153,158) d=6 terrain=10 cost=2.00
    neigh(153,157) d=7 terrain=10 cost=2.00
  expand #12: (152,156) boat=1 g=8.60 terrain=10 f_top=67.36
    neigh(152,155) d=0 terrain=10 cost=3.00
    neigh(153,155) d=1 terrain=10 cost=3.10
    neigh(153,156) d=2 terrain=10 cost=2.00
    neigh(153,157) d=3 terrain=10 cost=2.00
    neigh(152,157) d=4 terrain=10 cost=2.00
    neigh(151,157) d=5 terrain=10 cost=2.00
    neigh(151,156) d=6 terrain=10 cost=2.00
    neigh(151,155) d=7 terrain=10 cost=2.90
  expand #13: (157,155) boat=1 g=4.09 terrain=10 f_top=67.44
    neigh(157,154) d=0 terrain=10 cost=3.40
    neigh(158,154) d=1 terrain=10 cost=3.20
    neigh(158,155) d=2 terrain=10 cost=2.70
    neigh(158,156) d=3 terrain=10 cost=2.00
    neigh(157,156) d=4 terrain=10 cost=2.00
    neigh(156,156) d=5 terrain=10 cost=2.00
    neigh(156,155) d=6 terrain=10 cost=3.00
    neigh(156,154) d=7 terrain=10 cost=3.60
  expand #14: (156,158) boat=1 g=4.00 terrain=10 f_top=67.58
    neigh(156,157) d=0 terrain=10 cost=2.00
    neigh(157,157) d=1 terrain=10 cost=2.00
    neigh(157,158) d=2 terrain=10 cost=2.00
    neigh(157,159) d=3 terrain=10 cost=2.00
    neigh(156,159) d=4 terrain=10 cost=2.00
    neigh(155,159) d=5 terrain=10 cost=2.00
    neigh(155,158) d=6 terrain=10 cost=2.00
    neigh(155,157) d=7 terrain=10 cost=2.00
  expand #15: (154,157) boat=1 g=6.82 terrain=10 f_top=67.99
    neigh(154,156) d=0 terrain=10 cost=2.60
    neigh(155,156) d=1 terrain=10 cost=2.00
    neigh(155,157) d=2 terrain=10 cost=2.00
    neigh(155,158) d=3 terrain=10 cost=2.00
    neigh(154,158) d=4 terrain=10 cost=2.00
    neigh(153,158) d=5 terrain=10 cost=2.00
    neigh(153,157) d=6 terrain=10 cost=2.00
    neigh(153,156) d=7 terrain=10 cost=2.00
  expand #16: (151,156) boat=1 g=10.60 terrain=10 f_top=68.36
    neigh(151,155) d=0 terrain=10 cost=2.90
    neigh(152,155) d=1 terrain=10 cost=3.00
    neigh(152,156) d=2 terrain=10 cost=2.00
    neigh(152,157) d=3 terrain=10 cost=2.00
    neigh(151,157) d=4 terrain=10 cost=2.00
    neigh(150,157) d=5 terrain=10 cost=2.00
    neigh(150,156) d=6 terrain=10 cost=2.00
    neigh(150,155) d=7 terrain=10 cost=2.70
  expand #17: (156,154) boat=1 g=6.60 terrain=10 f_top=68.54
    neigh(156,153) d=0 terrain=1 cost=4.20
    neigh(157,153) d=1 terrain=1 cost=4.00
    neigh(157,154) d=2 terrain=10 cost=3.40
    neigh(157,155) d=3 terrain=10 cost=2.90
    neigh(156,155) d=4 terrain=10 cost=3.00
    neigh(155,155) d=5 terrain=10 cost=3.10
    neigh(155,154) d=6 terrain=10 cost=3.70
    neigh(155,153) d=7 terrain=1 cost=4.30
  expand #18: (158,156) boat=1 g=4.00 terrain=10 f_top=68.76
    neigh(158,155) d=0 terrain=10 cost=2.70
    neigh(159,155) d=1 terrain=10 cost=2.00
    neigh(159,156) d=2 terrain=10 cost=2.00
    neigh(159,157) d=3 terrain=10 cost=2.00
    neigh(158,157) d=4 terrain=10 cost=2.00
    neigh(157,157) d=5 terrain=10 cost=2.00
    neigh(157,156) d=6 terrain=10 cost=2.00
    neigh(157,155) d=7 terrain=10 cost=2.90
  expand #19: (153,157) boat=1 g=8.82 terrain=10 f_top=68.99
    neigh(153,156) d=0 terrain=10 cost=2.00
    neigh(154,156) d=1 terrain=10 cost=2.60
    neigh(154,157) d=2 terrain=10 cost=2.00
    neigh(154,158) d=3 terrain=10 cost=2.00
    neigh(153,158) d=4 terrain=10 cost=2.00
    neigh(152,158) d=5 terrain=10 cost=2.00
    neigh(152,157) d=6 terrain=10 cost=2.00
    neigh(152,156) d=7 terrain=10 cost=2.00
  expand #20: (150,156) boat=1 g=12.60 terrain=10 f_top=69.36
    neigh(150,155) d=0 terrain=10 cost=2.70
    neigh(151,155) d=1 terrain=10 cost=2.90
    neigh(151,156) d=2 terrain=10 cost=2.00
    neigh(151,157) d=3 terrain=10 cost=2.00
    neigh(150,157) d=4 terrain=10 cost=2.00
    neigh(149,157) d=5 terrain=10 cost=2.00
    neigh(149,156) d=6 terrain=10 cost=2.00
    neigh(149,155) d=7 terrain=10 cost=2.00
  result=1000000015047466219876688855040.00 expanded=16000 open_remaining=2033 term=BUDGET_EXHAUSTED
  timing: init=28.0us search=4802.7us total=4830.7us  per-expand=0.30us
  heap: pushes=29064 pops=27031 stale_pops=11031 peak_open=2040
  neigh: total=128000 oob=0 diag_blocked=1921 cost_inf=134 already_closed=61662 worse_g=35220 relaxed=29063

=== cost_to(156,156)->(108,113) boat=1 sh=40 tr=40 mn=40 arm=40 budget=16000 src_terrain=10 dst_terrain=7 ===
  expand #1: (156,156) boat=1 g=0.00 terrain=10 f_top=65.63
    neigh(156,155) d=0 terrain=10 cost=3.00
    neigh(157,155) d=1 terrain=10 cost=2.90
    neigh(157,156) d=2 terrain=10 cost=2.00
    neigh(157,157) d=3 terrain=10 cost=2.00
    neigh(156,157) d=4 terrain=10 cost=2.00
    neigh(155,157) d=5 terrain=10 cost=2.00
    neigh(155,156) d=6 terrain=10 cost=2.00
    neigh(155,155) d=7 terrain=10 cost=3.10
  expand #2: (155,156) boat=1 g=2.00 terrain=10 f_top=66.63
    neigh(155,155) d=0 terrain=10 cost=3.10
    neigh(156,155) d=1 terrain=10 cost=3.00
    neigh(156,156) d=2 terrain=10 cost=2.00
    neigh(156,157) d=3 terrain=10 cost=2.00
    neigh(155,157) d=4 terrain=10 cost=2.00
    neigh(154,157) d=5 terrain=10 cost=2.00
    neigh(154,156) d=6 terrain=10 cost=2.60
    neigh(154,155) d=7 terrain=10 cost=3.20
  expand #3: (155,157) boat=1 g=2.82 terrain=10 f_top=67.86
    neigh(155,156) d=0 terrain=10 cost=2.00
    neigh(156,156) d=1 terrain=10 cost=2.00
    neigh(156,157) d=2 terrain=10 cost=2.00
    neigh(156,158) d=3 terrain=10 cost=2.00
    neigh(155,158) d=4 terrain=10 cost=2.00
    neigh(154,158) d=5 terrain=10 cost=2.00
    neigh(154,157) d=6 terrain=10 cost=2.00
    neigh(154,156) d=7 terrain=10 cost=2.60
  expand #4: (156,157) boat=1 g=2.00 terrain=10 f_top=68.04
    neigh(156,156) d=0 terrain=10 cost=2.00
    neigh(157,156) d=1 terrain=10 cost=2.00
    neigh(157,157) d=2 terrain=10 cost=2.00
    neigh(157,158) d=3 terrain=10 cost=2.00
    neigh(156,158) d=4 terrain=10 cost=2.00
    neigh(155,158) d=5 terrain=10 cost=2.00
    neigh(155,157) d=6 terrain=10 cost=2.00
    neigh(155,156) d=7 terrain=10 cost=2.00
  expand #5: (156,155) boat=1 g=3.00 terrain=10 f_top=68.22
    neigh(156,154) d=0 terrain=10 cost=3.60
    neigh(157,154) d=1 terrain=10 cost=3.40
    neigh(157,155) d=2 terrain=10 cost=2.90
    neigh(157,156) d=3 terrain=10 cost=2.00
    neigh(156,156) d=4 terrain=10 cost=2.00
    neigh(155,156) d=5 terrain=10 cost=2.00
    neigh(155,155) d=6 terrain=10 cost=3.10
    neigh(155,154) d=7 terrain=10 cost=3.70
  expand #6: (154,156) boat=1 g=4.60 terrain=10 f_top=68.23
    neigh(154,155) d=0 terrain=10 cost=3.20
    neigh(155,155) d=1 terrain=10 cost=3.10
    neigh(155,156) d=2 terrain=10 cost=2.00
    neigh(155,157) d=3 terrain=10 cost=2.00
    neigh(154,157) d=4 terrain=10 cost=2.00
    neigh(153,157) d=5 terrain=10 cost=2.00
    neigh(153,156) d=6 terrain=10 cost=2.00
    neigh(153,155) d=7 terrain=10 cost=3.10
  expand #7: (155,155) boat=1 g=4.37 terrain=10 f_top=68.59
    neigh(155,154) d=0 terrain=10 cost=3.70
    neigh(156,154) d=1 terrain=10 cost=3.60
    neigh(156,155) d=2 terrain=10 cost=3.00
    neigh(156,156) d=3 terrain=10 cost=2.00
    neigh(155,156) d=4 terrain=10 cost=2.00
    neigh(154,156) d=5 terrain=10 cost=2.60
    neigh(154,155) d=6 terrain=10 cost=3.20
    neigh(154,154) d=7 terrain=10 cost=3.70
  expand #8: (157,156) boat=1 g=2.00 terrain=10 f_top=68.63
    neigh(157,155) d=0 terrain=10 cost=2.90
    neigh(158,155) d=1 terrain=10 cost=2.70
    neigh(158,156) d=2 terrain=10 cost=2.00
    neigh(158,157) d=3 terrain=10 cost=2.00
    neigh(157,157) d=4 terrain=10 cost=2.00
    neigh(156,157) d=5 terrain=10 cost=2.00
    neigh(156,156) d=6 terrain=10 cost=2.00
    neigh(156,155) d=7 terrain=10 cost=3.00
  expand #9: (153,156) boat=1 g=6.60 terrain=10 f_top=69.23
    neigh(153,155) d=0 terrain=10 cost=3.10
    neigh(154,155) d=1 terrain=10 cost=3.20
    neigh(154,156) d=2 terrain=10 cost=2.60
    neigh(154,157) d=3 terrain=10 cost=2.00
    neigh(153,157) d=4 terrain=10 cost=2.00
    neigh(152,157) d=5 terrain=10 cost=2.00
    neigh(152,156) d=6 terrain=10 cost=2.00
    neigh(152,155) d=7 terrain=10 cost=3.00
  expand #10: (157,157) boat=1 g=2.82 terrain=10 f_top=69.86
    neigh(157,156) d=0 terrain=10 cost=2.00
    neigh(158,156) d=1 terrain=10 cost=2.00
    neigh(158,157) d=2 terrain=10 cost=2.00
    neigh(158,158) d=3 terrain=10 cost=2.00
    neigh(157,158) d=4 terrain=10 cost=2.00
    neigh(156,158) d=5 terrain=10 cost=2.00
    neigh(156,157) d=6 terrain=10 cost=2.00
    neigh(156,156) d=7 terrain=10 cost=2.00
  expand #11: (154,158) boat=1 g=5.64 terrain=10 f_top=70.09
    neigh(154,157) d=0 terrain=10 cost=2.00
    neigh(155,157) d=1 terrain=10 cost=2.00
    neigh(155,158) d=2 terrain=10 cost=2.00
    neigh(155,159) d=3 terrain=10 cost=2.00
    neigh(154,159) d=4 terrain=10 cost=2.00
    neigh(153,159) d=5 terrain=10 cost=2.00
    neigh(153,158) d=6 terrain=10 cost=2.00
    neigh(153,157) d=7 terrain=10 cost=2.00
  expand #12: (152,156) boat=1 g=8.60 terrain=10 f_top=70.23
    neigh(152,155) d=0 terrain=10 cost=3.00
    neigh(153,155) d=1 terrain=10 cost=3.10
    neigh(153,156) d=2 terrain=10 cost=2.00
    neigh(153,157) d=3 terrain=10 cost=2.00
    neigh(152,157) d=4 terrain=10 cost=2.00
    neigh(151,157) d=5 terrain=10 cost=2.00
    neigh(151,156) d=6 terrain=10 cost=2.00
    neigh(151,155) d=7 terrain=10 cost=2.90
  expand #13: (157,155) boat=1 g=4.09 terrain=10 f_top=70.31
    neigh(157,154) d=0 terrain=10 cost=3.40
    neigh(158,154) d=1 terrain=10 cost=3.20
    neigh(158,155) d=2 terrain=10 cost=2.70
    neigh(158,156) d=3 terrain=10 cost=2.00
    neigh(157,156) d=4 terrain=10 cost=2.00
    neigh(156,156) d=5 terrain=10 cost=2.00
    neigh(156,155) d=6 terrain=10 cost=3.00
    neigh(156,154) d=7 terrain=10 cost=3.60
  expand #14: (156,158) boat=1 g=4.00 terrain=10 f_top=70.45
    neigh(156,157) d=0 terrain=10 cost=2.00
    neigh(157,157) d=1 terrain=10 cost=2.00
    neigh(157,158) d=2 terrain=10 cost=2.00
    neigh(157,159) d=3 terrain=10 cost=2.00
    neigh(156,159) d=4 terrain=10 cost=2.00
    neigh(155,159) d=5 terrain=10 cost=2.00
    neigh(155,158) d=6 terrain=10 cost=2.00
    neigh(155,157) d=7 terrain=10 cost=2.00
  expand #15: (154,157) boat=1 g=6.82 terrain=10 f_top=70.86
    neigh(154,156) d=0 terrain=10 cost=2.60
    neigh(155,156) d=1 terrain=10 cost=2.00
    neigh(155,157) d=2 terrain=10 cost=2.00
    neigh(155,158) d=3 terrain=10 cost=2.00
    neigh(154,158) d=4 terrain=10 cost=2.00
    neigh(153,158) d=5 terrain=10 cost=2.00
    neigh(153,157) d=6 terrain=10 cost=2.00
    neigh(153,156) d=7 terrain=10 cost=2.00
  expand #16: (151,156) boat=1 g=10.60 terrain=10 f_top=71.23
    neigh(151,155) d=0 terrain=10 cost=2.90
    neigh(152,155) d=1 terrain=10 cost=3.00
    neigh(152,156) d=2 terrain=10 cost=2.00
    neigh(152,157) d=3 terrain=10 cost=2.00
    neigh(151,157) d=4 terrain=10 cost=2.00
    neigh(150,157) d=5 terrain=10 cost=2.00
    neigh(150,156) d=6 terrain=10 cost=2.00
    neigh(150,155) d=7 terrain=10 cost=2.70
  expand #17: (156,154) boat=1 g=6.60 terrain=10 f_top=71.41
    neigh(156,153) d=0 terrain=1 cost=4.20
    neigh(157,153) d=1 terrain=1 cost=4.00
    neigh(157,154) d=2 terrain=10 cost=3.40
    neigh(157,155) d=3 terrain=10 cost=2.90
    neigh(156,155) d=4 terrain=10 cost=3.00
    neigh(155,155) d=5 terrain=10 cost=3.10
    neigh(155,154) d=6 terrain=10 cost=3.70
    neigh(155,153) d=7 terrain=1 cost=4.30
  expand #18: (158,156) boat=1 g=4.00 terrain=10 f_top=71.63
    neigh(158,155) d=0 terrain=10 cost=2.70
    neigh(159,155) d=1 terrain=10 cost=2.00
    neigh(159,156) d=2 terrain=10 cost=2.00
    neigh(159,157) d=3 terrain=10 cost=2.00
    neigh(158,157) d=4 terrain=10 cost=2.00
    neigh(157,157) d=5 terrain=10 cost=2.00
    neigh(157,156) d=6 terrain=10 cost=2.00
    neigh(157,155) d=7 terrain=10 cost=2.90
  expand #19: (153,157) boat=1 g=8.82 terrain=10 f_top=71.86
    neigh(153,156) d=0 terrain=10 cost=2.00
    neigh(154,156) d=1 terrain=10 cost=2.60
    neigh(154,157) d=2 terrain=10 cost=2.00
    neigh(154,158) d=3 terrain=10 cost=2.00
    neigh(153,158) d=4 terrain=10 cost=2.00
    neigh(152,158) d=5 terrain=10 cost=2.00
    neigh(152,157) d=6 terrain=10 cost=2.00
    neigh(152,156) d=7 terrain=10 cost=2.00
  expand #20: (155,158) boat=1 g=6.82 terrain=10 f_top=72.27
    neigh(155,157) d=0 terrain=10 cost=2.00
    neigh(156,157) d=1 terrain=10 cost=2.00
    neigh(156,158) d=2 terrain=10 cost=2.00
    neigh(156,159) d=3 terrain=10 cost=2.00
    neigh(155,159) d=4 terrain=10 cost=2.00
    neigh(154,159) d=5 terrain=10 cost=2.00
    neigh(154,158) d=6 terrain=10 cost=2.00
    neigh(154,157) d=7 terrain=10 cost=2.00
  FOUND dest at expand #8972, cost=213.12
  result=213.12 expanded=8972 open_remaining=1620 term=FOUND
  timing: init=24.6us search=2744.7us total=2769.3us  per-expand=0.31us
  heap: pushes=16438 pops=14818 stale_pops=5846 peak_open=1668
  neigh: total=71768 oob=0 diag_blocked=1251 cost_inf=91 already_closed=34066 worse_g=19923 relaxed=16437

=== cost_to(172,100)->(92,110) boat=1 sh=40 tr=40 mn=40 arm=40 budget=16000 src_terrain=10 dst_terrain=5 ===
  expand #1: (172,100) boat=1 g=0.00 terrain=10 f_top=84.10
    neigh(172,99) d=0 terrain=10 cost=2.00
    neigh(173,99) d=1 terrain=10 cost=2.00
    neigh(173,100) d=2 terrain=10 cost=2.00
    neigh(173,101) d=3 terrain=10 cost=3.00
    neigh(172,101) d=4 terrain=10 cost=3.10
    neigh(171,101) d=5 terrain=10 cost=3.20
    neigh(171,100) d=6 terrain=10 cost=2.60
    neigh(171,99) d=7 terrain=10 cost=2.00
  expand #2: (171,100) boat=1 g=2.60 terrain=10 f_top=85.70
    neigh(171,99) d=0 terrain=10 cost=2.00
    neigh(172,99) d=1 terrain=10 cost=2.00
    neigh(172,100) d=2 terrain=10 cost=2.00
    neigh(172,101) d=3 terrain=10 cost=3.10
    neigh(171,101) d=4 terrain=10 cost=3.20
    neigh(170,101) d=5 terrain=10 cost=3.10
    neigh(170,100) d=6 terrain=10 cost=2.00
    neigh(170,99) d=7 terrain=10 cost=2.00
  expand #3: (171,99) boat=1 g=2.82 terrain=10 f_top=86.33
    neigh(171,98) d=0 terrain=10 cost=2.00
    neigh(172,98) d=1 terrain=10 cost=2.00
    neigh(172,99) d=2 terrain=10 cost=2.00
    neigh(172,100) d=3 terrain=10 cost=2.00
    neigh(171,100) d=4 terrain=10 cost=2.60
    neigh(170,100) d=5 terrain=10 cost=2.00
    neigh(170,99) d=6 terrain=10 cost=2.00
    neigh(170,98) d=7 terrain=10 cost=2.00
  expand #4: (172,99) boat=1 g=2.00 terrain=10 f_top=86.51
    neigh(172,98) d=0 terrain=10 cost=2.00
    neigh(173,98) d=1 terrain=10 cost=2.00
    neigh(173,99) d=2 terrain=10 cost=2.00
    neigh(173,100) d=3 terrain=10 cost=2.00
    neigh(172,100) d=4 terrain=10 cost=2.00
    neigh(171,100) d=5 terrain=10 cost=2.60
    neigh(171,99) d=6 terrain=10 cost=2.00
    neigh(171,98) d=7 terrain=10 cost=2.00
  expand #5: (170,100) boat=1 g=4.60 terrain=10 f_top=86.70
    neigh(170,99) d=0 terrain=10 cost=2.00
    neigh(171,99) d=1 terrain=10 cost=2.00
    neigh(171,100) d=2 terrain=10 cost=2.60
    neigh(171,101) d=3 terrain=10 cost=3.20
    neigh(170,101) d=4 terrain=10 cost=3.10
    neigh(169,101) d=5 terrain=10 cost=3.00
    neigh(169,100) d=6 terrain=10 cost=2.00
    neigh(169,99) d=7 terrain=10 cost=2.00
  expand #6: (172,101) boat=1 g=3.10 terrain=10 f_top=86.79
    neigh(172,100) d=0 terrain=10 cost=2.00
    neigh(173,100) d=1 terrain=10 cost=2.00
    neigh(173,101) d=2 terrain=10 cost=3.00
    neigh(173,102) d=3 terrain=1 cost=3.60
    neigh(172,102) d=4 terrain=1 cost=3.70
    neigh(171,102) d=5 terrain=1 cost=3.70
    neigh(171,101) d=6 terrain=10 cost=3.20
    neigh(171,100) d=7 terrain=10 cost=2.60
  expand #7: (173,100) boat=1 g=2.00 terrain=10 f_top=87.10
    neigh(173,99) d=0 terrain=10 cost=2.00
    neigh(174,99) d=1 terrain=10 cost=2.00
    neigh(174,100) d=2 terrain=10 cost=2.00
    neigh(174,101) d=3 terrain=10 cost=2.50
    neigh(173,101) d=4 terrain=10 cost=3.00
    neigh(172,101) d=5 terrain=10 cost=3.10
    neigh(172,100) d=6 terrain=10 cost=2.00
    neigh(172,99) d=7 terrain=10 cost=2.00
  expand #8: (171,101) boat=1 g=4.51 terrain=10 f_top=87.20
    neigh(171,100) d=0 terrain=10 cost=2.60
    neigh(172,100) d=1 terrain=10 cost=2.00
    neigh(172,101) d=2 terrain=10 cost=3.10
    neigh(172,102) d=3 terrain=1 cost=3.70
    neigh(171,102) d=4 terrain=1 cost=3.70
    neigh(170,102) d=5 terrain=1 cost=3.70
    neigh(170,101) d=6 terrain=10 cost=3.10
    neigh(170,100) d=7 terrain=10 cost=2.00
  expand #9: (169,100) boat=1 g=6.60 terrain=10 f_top=87.70
    neigh(169,99) d=0 terrain=10 cost=2.00
    neigh(170,99) d=1 terrain=10 cost=2.00
    neigh(170,100) d=2 terrain=10 cost=2.00
    neigh(170,101) d=3 terrain=10 cost=3.10
    neigh(169,101) d=4 terrain=10 cost=3.00
    neigh(168,101) d=5 terrain=10 cost=2.90
    neigh(168,100) d=6 terrain=10 cost=2.00
    neigh(168,99) d=7 terrain=10 cost=2.00
  expand #10: (173,99) boat=1 g=2.82 terrain=10 f_top=88.33
    neigh(173,98) d=0 terrain=10 cost=2.00
    neigh(174,98) d=1 terrain=10 cost=2.00
    neigh(174,99) d=2 terrain=10 cost=2.00
    neigh(174,100) d=3 terrain=10 cost=2.00
    neigh(173,100) d=4 terrain=10 cost=2.00
    neigh(172,100) d=5 terrain=10 cost=2.00
    neigh(172,99) d=6 terrain=10 cost=2.00
    neigh(172,98) d=7 terrain=10 cost=2.00
  expand #11: (170,98) boat=1 g=5.64 terrain=10 f_top=88.56
    neigh(170,97) d=0 terrain=10 cost=2.00
    neigh(171,97) d=1 terrain=10 cost=2.00
    neigh(171,98) d=2 terrain=10 cost=2.00
    neigh(171,99) d=3 terrain=10 cost=2.00
    neigh(170,99) d=4 terrain=10 cost=2.00
    neigh(169,99) d=5 terrain=10 cost=2.00
    neigh(169,98) d=6 terrain=10 cost=2.00
    neigh(169,97) d=7 terrain=10 cost=2.00
  expand #12: (168,100) boat=1 g=8.60 terrain=10 f_top=88.70
    neigh(168,99) d=0 terrain=10 cost=2.00
    neigh(169,99) d=1 terrain=10 cost=2.00
    neigh(169,100) d=2 terrain=10 cost=2.00
    neigh(169,101) d=3 terrain=10 cost=3.00
    neigh(168,101) d=4 terrain=10 cost=2.90
    neigh(167,101) d=5 terrain=10 cost=2.70
    neigh(167,100) d=6 terrain=10 cost=2.00
    neigh(167,99) d=7 terrain=10 cost=2.00
  expand #13: (172,98) boat=1 g=4.00 terrain=10 f_top=88.92
    neigh(172,97) d=0 terrain=10 cost=2.00
    neigh(173,97) d=1 terrain=10 cost=2.00
    neigh(173,98) d=2 terrain=10 cost=2.00
    neigh(173,99) d=3 terrain=10 cost=2.00
    neigh(172,99) d=4 terrain=10 cost=2.00
    neigh(171,99) d=5 terrain=10 cost=2.00
    neigh(171,98) d=6 terrain=10 cost=2.00
    neigh(171,97) d=7 terrain=10 cost=2.00
  expand #14: (173,101) boat=1 g=4.23 terrain=10 f_top=88.92
    neigh(173,100) d=0 terrain=10 cost=2.00
    neigh(174,100) d=1 terrain=10 cost=2.00
    neigh(174,101) d=2 terrain=10 cost=2.50
    neigh(174,102) d=3 terrain=1 cost=2.90
    neigh(173,102) d=4 terrain=1 cost=3.60
    neigh(172,102) d=5 terrain=1 cost=3.70
    neigh(172,101) d=6 terrain=10 cost=3.10
    neigh(172,100) d=7 terrain=10 cost=2.00
  expand #15: (170,99) boat=1 g=6.82 terrain=10 f_top=89.33
    neigh(170,98) d=0 terrain=10 cost=2.00
    neigh(171,98) d=1 terrain=10 cost=2.00
    neigh(171,99) d=2 terrain=10 cost=2.00
    neigh(171,100) d=3 terrain=10 cost=2.60
    neigh(170,100) d=4 terrain=10 cost=2.00
    neigh(169,100) d=5 terrain=10 cost=2.00
    neigh(169,99) d=6 terrain=10 cost=2.00
    neigh(169,98) d=7 terrain=10 cost=2.00
  expand #16: (167,100) boat=1 g=10.60 terrain=10 f_top=89.70
    neigh(167,99) d=0 terrain=10 cost=2.00
    neigh(168,99) d=1 terrain=10 cost=2.00
    neigh(168,100) d=2 terrain=10 cost=2.00
    neigh(168,101) d=3 terrain=10 cost=2.90
    neigh(167,101) d=4 terrain=10 cost=2.70
    neigh(166,101) d=5 terrain=10 cost=2.00
    neigh(166,100) d=6 terrain=10 cost=2.00
    neigh(166,99) d=7 terrain=10 cost=2.00
  expand #17: (172,102) boat=1 g=6.80 terrain=1 f_top=90.08
    neigh(172,101) d=0 terrain=10 cost=3.10
    neigh(173,101) d=1 terrain=10 cost=3.00
    neigh(173,102) d=2 terrain=1 cost=3.60
    neigh(172,103) d=4 terrain=2 cost=20.27
    neigh(171,102) d=6 terrain=1 cost=3.70
    neigh(171,101) d=7 terrain=10 cost=3.20
  expand #18: (174,100) boat=1 g=4.00 terrain=10 f_top=90.10
    neigh(174,99) d=0 terrain=10 cost=2.00
    neigh(175,99) d=1 terrain=10 cost=2.00
    neigh(175,100) d=2 terrain=10 cost=2.00
    neigh(175,101) d=3 terrain=10 cost=2.40
    neigh(174,101) d=4 terrain=10 cost=2.50
    neigh(173,101) d=5 terrain=10 cost=3.00
    neigh(173,100) d=6 terrain=10 cost=2.00
    neigh(173,99) d=7 terrain=10 cost=2.00
  expand #19: (169,99) boat=1 g=8.82 terrain=10 f_top=90.33
    neigh(169,98) d=0 terrain=10 cost=2.00
    neigh(170,98) d=1 terrain=10 cost=2.00
    neigh(170,99) d=2 terrain=10 cost=2.00
    neigh(170,100) d=3 terrain=10 cost=2.00
    neigh(169,100) d=4 terrain=10 cost=2.00
    neigh(168,100) d=5 terrain=10 cost=2.00
    neigh(168,99) d=6 terrain=10 cost=2.00
    neigh(168,98) d=7 terrain=10 cost=2.00
  expand #20: (166,100) boat=1 g=12.60 terrain=10 f_top=90.70
    neigh(166,99) d=0 terrain=10 cost=2.00
    neigh(167,99) d=1 terrain=10 cost=2.00
    neigh(167,100) d=2 terrain=10 cost=2.00
    neigh(167,101) d=3 terrain=10 cost=2.70
    neigh(166,101) d=4 terrain=10 cost=2.00
    neigh(165,101) d=5 terrain=10 cost=2.00
    neigh(165,100) d=6 terrain=10 cost=2.00
    neigh(165,99) d=7 terrain=10 cost=2.00
  FOUND dest at expand #7298, cost=200.24
  result=200.24 expanded=7298 open_remaining=1497 term=FOUND
  timing: init=29.6us search=2251.2us total=2280.8us  per-expand=0.31us
  heap: pushes=13670 pops=12173 stale_pops=4875 peak_open=1513
  neigh: total=58376 oob=0 diag_blocked=744 cost_inf=52 already_closed=27574 worse_g=16337 relaxed=13669

=== cost_to(172,100)->(109,139) boat=1 sh=40 tr=40 mn=40 arm=40 budget=16000 src_terrain=10 dst_terrain=4 ===
  expand #1: (172,100) boat=1 g=0.00 terrain=10 f_top=78.99
    neigh(172,99) d=0 terrain=10 cost=2.00
    neigh(173,99) d=1 terrain=10 cost=2.00
    neigh(173,100) d=2 terrain=10 cost=2.00
    neigh(173,101) d=3 terrain=10 cost=12.00
    neigh(172,101) d=4 terrain=10 cost=13.00
    neigh(171,101) d=5 terrain=10 cost=14.00
    neigh(171,100) d=6 terrain=10 cost=8.00
    neigh(171,99) d=7 terrain=10 cost=2.00
  expand #2: (171,99) boat=1 g=2.82 terrain=10 f_top=81.22
    neigh(171,98) d=0 terrain=10 cost=2.00
    neigh(172,98) d=1 terrain=10 cost=2.00
    neigh(172,99) d=2 terrain=10 cost=2.00
    neigh(172,100) d=3 terrain=10 cost=2.00
    neigh(171,100) d=4 terrain=10 cost=8.00
    neigh(170,100) d=5 terrain=10 cost=2.00
    neigh(170,99) d=6 terrain=10 cost=2.00
    neigh(170,98) d=7 terrain=10 cost=2.00
  expand #3: (172,99) boat=1 g=2.00 terrain=10 f_top=81.40
    neigh(172,98) d=0 terrain=10 cost=2.00
    neigh(173,98) d=1 terrain=10 cost=2.00
    neigh(173,99) d=2 terrain=10 cost=2.00
    neigh(173,100) d=3 terrain=10 cost=2.00
    neigh(172,100) d=4 terrain=10 cost=2.00
    neigh(171,100) d=5 terrain=10 cost=8.00
    neigh(171,99) d=6 terrain=10 cost=2.00
    neigh(171,98) d=7 terrain=10 cost=2.00
  expand #4: (173,100) boat=1 g=2.00 terrain=10 f_top=81.99
    neigh(173,99) d=0 terrain=10 cost=2.00
    neigh(174,99) d=1 terrain=10 cost=2.00
    neigh(174,100) d=2 terrain=10 cost=2.00
    neigh(174,101) d=3 terrain=10 cost=7.00
    neigh(173,101) d=4 terrain=10 cost=12.00
    neigh(172,101) d=5 terrain=10 cost=13.00
    neigh(172,100) d=6 terrain=10 cost=2.00
    neigh(172,99) d=7 terrain=10 cost=2.00
  expand #5: (173,99) boat=1 g=2.82 terrain=10 f_top=83.22
    neigh(173,98) d=0 terrain=10 cost=2.00
    neigh(174,98) d=1 terrain=10 cost=2.00
    neigh(174,99) d=2 terrain=10 cost=2.00
    neigh(174,100) d=3 terrain=10 cost=2.00
    neigh(173,100) d=4 terrain=10 cost=2.00
    neigh(172,100) d=5 terrain=10 cost=2.00
    neigh(172,99) d=6 terrain=10 cost=2.00
    neigh(172,98) d=7 terrain=10 cost=2.00
  expand #6: (170,98) boat=1 g=5.64 terrain=10 f_top=83.45
    neigh(170,97) d=0 terrain=10 cost=2.00
    neigh(171,97) d=1 terrain=10 cost=2.00
    neigh(171,98) d=2 terrain=10 cost=2.00
    neigh(171,99) d=3 terrain=10 cost=2.00
    neigh(170,99) d=4 terrain=10 cost=2.00
    neigh(169,99) d=5 terrain=10 cost=2.00
    neigh(169,98) d=6 terrain=10 cost=2.00
    neigh(169,97) d=7 terrain=10 cost=2.00
  expand #7: (172,98) boat=1 g=4.00 terrain=10 f_top=83.81
    neigh(172,97) d=0 terrain=10 cost=2.00
    neigh(173,97) d=1 terrain=10 cost=2.00
    neigh(173,98) d=2 terrain=10 cost=2.00
    neigh(173,99) d=3 terrain=10 cost=2.00
    neigh(172,99) d=4 terrain=10 cost=2.00
    neigh(171,99) d=5 terrain=10 cost=2.00
    neigh(171,98) d=6 terrain=10 cost=2.00
    neigh(171,97) d=7 terrain=10 cost=2.00
  expand #8: (170,99) boat=1 g=6.82 terrain=10 f_top=84.22
    neigh(170,98) d=0 terrain=10 cost=2.00
    neigh(171,98) d=1 terrain=10 cost=2.00
    neigh(171,99) d=2 terrain=10 cost=2.00
    neigh(171,100) d=3 terrain=10 cost=8.00
    neigh(170,100) d=4 terrain=10 cost=2.00
    neigh(169,100) d=5 terrain=10 cost=2.00
    neigh(169,99) d=6 terrain=10 cost=2.00
    neigh(169,98) d=7 terrain=10 cost=2.00
  expand #9: (174,100) boat=1 g=4.00 terrain=10 f_top=84.99
    neigh(174,99) d=0 terrain=10 cost=2.00
    neigh(175,99) d=1 terrain=10 cost=2.00
    neigh(175,100) d=2 terrain=10 cost=2.00
    neigh(175,101) d=3 terrain=10 cost=6.00
    neigh(174,101) d=4 terrain=10 cost=7.00
    neigh(173,101) d=5 terrain=10 cost=12.00
    neigh(173,100) d=6 terrain=10 cost=2.00
    neigh(173,99) d=7 terrain=10 cost=2.00
  expand #10: (169,99) boat=1 g=8.82 terrain=10 f_top=85.22
    neigh(169,98) d=0 terrain=10 cost=2.00
    neigh(170,98) d=1 terrain=10 cost=2.00
    neigh(170,99) d=2 terrain=10 cost=2.00
    neigh(170,100) d=3 terrain=10 cost=2.00
    neigh(169,100) d=4 terrain=10 cost=2.00
    neigh(168,100) d=5 terrain=10 cost=2.00
    neigh(168,99) d=6 terrain=10 cost=2.00
    neigh(168,98) d=7 terrain=10 cost=2.00
  expand #11: (171,98) boat=1 g=6.82 terrain=10 f_top=85.63
    neigh(171,97) d=0 terrain=10 cost=2.00
    neigh(172,97) d=1 terrain=10 cost=2.00
    neigh(172,98) d=2 terrain=10 cost=2.00
    neigh(172,99) d=3 terrain=10 cost=2.00
    neigh(171,99) d=4 terrain=10 cost=2.00
    neigh(170,99) d=5 terrain=10 cost=2.00
    neigh(170,98) d=6 terrain=10 cost=2.00
    neigh(170,97) d=7 terrain=10 cost=2.00
  expand #12: (169,97) boat=1 g=8.46 terrain=10 f_top=85.68
    neigh(169,96) d=0 terrain=10 cost=2.00
    neigh(170,96) d=1 terrain=10 cost=2.00
    neigh(170,97) d=2 terrain=10 cost=2.00
    neigh(170,98) d=3 terrain=10 cost=2.00
    neigh(169,98) d=4 terrain=10 cost=2.00
    neigh(168,98) d=5 terrain=10 cost=2.00
    neigh(168,97) d=6 terrain=10 cost=2.00
    neigh(168,96) d=7 terrain=10 cost=2.00
  expand #13: (171,100) boat=1 g=8.00 terrain=10 f_top=85.99
    neigh(171,99) d=0 terrain=10 cost=2.00
    neigh(172,99) d=1 terrain=10 cost=2.00
    neigh(172,100) d=2 terrain=10 cost=2.00
    neigh(172,101) d=3 terrain=10 cost=13.00
    neigh(171,101) d=4 terrain=10 cost=14.00
    neigh(170,101) d=5 terrain=10 cost=13.00
    neigh(170,100) d=6 terrain=10 cost=2.00
    neigh(170,99) d=7 terrain=10 cost=2.00
  expand #14: (168,99) boat=1 g=10.82 terrain=10 f_top=86.22
    neigh(168,98) d=0 terrain=10 cost=2.00
    neigh(169,98) d=1 terrain=10 cost=2.00
    neigh(169,99) d=2 terrain=10 cost=2.00
    neigh(169,100) d=3 terrain=10 cost=2.00
    neigh(168,100) d=4 terrain=10 cost=2.00
    neigh(167,100) d=5 terrain=10 cost=2.00
    neigh(167,99) d=6 terrain=10 cost=2.00
    neigh(167,98) d=7 terrain=10 cost=2.00
  expand #15: (172,97) boat=1 g=6.00 terrain=10 f_top=86.22
    neigh(172,96) d=0 terrain=10 cost=2.00
    neigh(173,96) d=1 terrain=10 cost=2.00
    neigh(173,97) d=2 terrain=10 cost=2.00
    neigh(173,98) d=3 terrain=10 cost=2.00
    neigh(172,98) d=4 terrain=10 cost=2.00
    neigh(171,98) d=5 terrain=10 cost=2.00
    neigh(171,97) d=6 terrain=10 cost=2.00
    neigh(171,96) d=7 terrain=10 cost=2.00
  expand #16: (169,98) boat=1 g=9.64 terrain=10 f_top=86.45
    neigh(169,97) d=0 terrain=10 cost=2.00
    neigh(170,97) d=1 terrain=10 cost=2.00
    neigh(170,98) d=2 terrain=10 cost=2.00
    neigh(170,99) d=3 terrain=10 cost=2.00
    neigh(169,99) d=4 terrain=10 cost=2.00
    neigh(168,99) d=5 terrain=10 cost=2.00
    neigh(168,98) d=6 terrain=10 cost=2.00
    neigh(168,97) d=7 terrain=10 cost=2.00
  expand #17: (170,100) boat=1 g=10.00 terrain=10 f_top=86.99
    neigh(170,99) d=0 terrain=10 cost=2.00
    neigh(171,99) d=1 terrain=10 cost=2.00
    neigh(171,100) d=2 terrain=10 cost=8.00
    neigh(171,101) d=3 terrain=10 cost=14.00
    neigh(170,101) d=4 terrain=10 cost=13.00
    neigh(169,101) d=5 terrain=10 cost=12.00
    neigh(169,100) d=6 terrain=10 cost=2.00
    neigh(169,99) d=7 terrain=10 cost=2.00
  expand #18: (167,99) boat=1 g=12.82 terrain=10 f_top=87.22
    neigh(167,98) d=0 terrain=10 cost=2.00
    neigh(168,98) d=1 terrain=10 cost=2.00
    neigh(168,99) d=2 terrain=10 cost=2.00
    neigh(168,100) d=3 terrain=10 cost=2.00
    neigh(167,100) d=4 terrain=10 cost=2.00
    neigh(166,100) d=5 terrain=10 cost=2.00
    neigh(166,99) d=6 terrain=10 cost=2.00
    neigh(166,98) d=7 terrain=10 cost=2.00
  expand #19: (168,98) boat=1 g=11.64 terrain=10 f_top=87.45
    neigh(168,97) d=0 terrain=10 cost=2.00
    neigh(169,97) d=1 terrain=10 cost=2.00
    neigh(169,98) d=2 terrain=10 cost=2.00
    neigh(169,99) d=3 terrain=10 cost=2.00
    neigh(168,99) d=4 terrain=10 cost=2.00
    neigh(167,99) d=5 terrain=10 cost=2.00
    neigh(167,98) d=6 terrain=10 cost=2.00
    neigh(167,97) d=7 terrain=10 cost=2.00
  expand #20: (174,98) boat=1 g=5.64 terrain=10 f_top=87.45
    neigh(174,97) d=0 terrain=10 cost=2.00
    neigh(175,97) d=1 terrain=10 cost=2.00
    neigh(175,98) d=2 terrain=10 cost=2.00
    neigh(175,99) d=3 terrain=10 cost=2.00
    neigh(174,99) d=4 terrain=10 cost=2.00
    neigh(173,99) d=5 terrain=10 cost=2.00
    neigh(173,98) d=6 terrain=10 cost=2.00
    neigh(173,97) d=7 terrain=10 cost=2.00
  result=1000000015047466219876688855040.00 expanded=16000 open_remaining=2385 term=BUDGET_EXHAUSTED
  timing: init=29.0us search=4724.6us total=4753.6us  per-expand=0.30us
  heap: pushes=30298 pops=27913 stale_pops=11913 peak_open=2401
  neigh: total=128000 oob=0 diag_blocked=1090 cost_inf=108 already_closed=61832 worse_g=34673 relaxed=30297

=== cost_to(156,156)->(117,113) boat=1 sh=40 tr=40 mn=40 arm=40 budget=16000 src_terrain=10 dst_terrain=7 ===
  expand #1: (156,156) boat=1 g=0.00 terrain=10 f_top=58.99
    neigh(156,155) d=0 terrain=10 cost=3.00
    neigh(157,155) d=1 terrain=10 cost=2.90
    neigh(157,156) d=2 terrain=10 cost=2.00
    neigh(157,157) d=3 terrain=10 cost=2.00
    neigh(156,157) d=4 terrain=10 cost=2.00
    neigh(155,157) d=5 terrain=10 cost=2.00
    neigh(155,156) d=6 terrain=10 cost=2.00
    neigh(155,155) d=7 terrain=10 cost=3.10
  expand #2: (155,156) boat=1 g=2.00 terrain=10 f_top=60.58
    neigh(155,155) d=0 terrain=10 cost=3.10
    neigh(156,155) d=1 terrain=10 cost=3.00
    neigh(156,156) d=2 terrain=10 cost=2.00
    neigh(156,157) d=3 terrain=10 cost=2.00
    neigh(155,157) d=4 terrain=10 cost=2.00
    neigh(154,157) d=5 terrain=10 cost=2.00
    neigh(154,156) d=6 terrain=10 cost=2.60
    neigh(154,155) d=7 terrain=10 cost=3.20
  expand #3: (156,155) boat=1 g=3.00 terrain=10 f_top=60.99
    neigh(156,154) d=0 terrain=10 cost=3.60
    neigh(157,154) d=1 terrain=10 cost=3.40
    neigh(157,155) d=2 terrain=10 cost=2.90
    neigh(157,156) d=3 terrain=10 cost=2.00
    neigh(156,156) d=4 terrain=10 cost=2.00
    neigh(155,156) d=5 terrain=10 cost=2.00
    neigh(155,155) d=6 terrain=10 cost=3.10
    neigh(155,154) d=7 terrain=10 cost=3.70
  expand #4: (157,156) boat=1 g=2.00 terrain=10 f_top=61.40
    neigh(157,155) d=0 terrain=10 cost=2.90
    neigh(158,155) d=1 terrain=10 cost=2.70
    neigh(158,156) d=2 terrain=10 cost=2.00
    neigh(158,157) d=3 terrain=10 cost=2.00
    neigh(157,157) d=4 terrain=10 cost=2.00
    neigh(156,157) d=5 terrain=10 cost=2.00
    neigh(156,156) d=6 terrain=10 cost=2.00
    neigh(156,155) d=7 terrain=10 cost=3.00
  expand #5: (155,155) boat=1 g=4.37 terrain=10 f_top=61.95
    neigh(155,154) d=0 terrain=10 cost=3.70
    neigh(156,154) d=1 terrain=10 cost=3.60
    neigh(156,155) d=2 terrain=10 cost=3.00
    neigh(156,156) d=3 terrain=10 cost=2.00
    neigh(155,156) d=4 terrain=10 cost=2.00
    neigh(154,156) d=5 terrain=10 cost=2.60
    neigh(154,155) d=6 terrain=10 cost=3.20
    neigh(154,154) d=7 terrain=10 cost=3.70
  expand #6: (156,157) boat=1 g=2.00 terrain=10 f_top=61.99
    neigh(156,156) d=0 terrain=10 cost=2.00
    neigh(157,156) d=1 terrain=10 cost=2.00
    neigh(157,157) d=2 terrain=10 cost=2.00
    neigh(157,158) d=3 terrain=10 cost=2.00
    neigh(156,158) d=4 terrain=10 cost=2.00
    neigh(155,158) d=5 terrain=10 cost=2.00
    neigh(155,157) d=6 terrain=10 cost=2.00
    neigh(155,156) d=7 terrain=10 cost=2.00
  expand #7: (155,157) boat=1 g=2.82 terrain=10 f_top=62.40
    neigh(155,156) d=0 terrain=10 cost=2.00
    neigh(156,156) d=1 terrain=10 cost=2.00
    neigh(156,157) d=2 terrain=10 cost=2.00
    neigh(156,158) d=3 terrain=10 cost=2.00
    neigh(155,158) d=4 terrain=10 cost=2.00
    neigh(154,158) d=5 terrain=10 cost=2.00
    neigh(154,157) d=6 terrain=10 cost=2.00
    neigh(154,156) d=7 terrain=10 cost=2.60
  expand #8: (157,155) boat=1 g=4.09 terrain=10 f_top=62.49
    neigh(157,154) d=0 terrain=10 cost=3.40
    neigh(158,154) d=1 terrain=10 cost=3.20
    neigh(158,155) d=2 terrain=10 cost=2.70
    neigh(158,156) d=3 terrain=10 cost=2.00
    neigh(157,156) d=4 terrain=10 cost=2.00
    neigh(156,156) d=5 terrain=10 cost=2.00
    neigh(156,155) d=6 terrain=10 cost=3.00
    neigh(156,154) d=7 terrain=10 cost=3.60
  expand #9: (154,156) boat=1 g=4.60 terrain=10 f_top=62.77
    neigh(154,155) d=0 terrain=10 cost=3.20
    neigh(155,155) d=1 terrain=10 cost=3.10
    neigh(155,156) d=2 terrain=10 cost=2.00
    neigh(155,157) d=3 terrain=10 cost=2.00
    neigh(154,157) d=4 terrain=10 cost=2.00
    neigh(153,157) d=5 terrain=10 cost=2.00
    neigh(153,156) d=6 terrain=10 cost=2.00
    neigh(153,155) d=7 terrain=10 cost=3.10
  expand #10: (157,157) boat=1 g=2.82 terrain=10 f_top=63.22
    neigh(157,156) d=0 terrain=10 cost=2.00
    neigh(158,156) d=1 terrain=10 cost=2.00
    neigh(158,157) d=2 terrain=10 cost=2.00
    neigh(158,158) d=3 terrain=10 cost=2.00
    neigh(157,158) d=4 terrain=10 cost=2.00
    neigh(156,158) d=5 terrain=10 cost=2.00
    neigh(156,157) d=6 terrain=10 cost=2.00
    neigh(156,156) d=7 terrain=10 cost=2.00
  expand #11: (156,154) boat=1 g=6.60 terrain=10 f_top=63.59
    neigh(156,153) d=0 terrain=1 cost=4.20
    neigh(157,153) d=1 terrain=1 cost=4.00
    neigh(157,154) d=2 terrain=10 cost=3.40
    neigh(157,155) d=3 terrain=10 cost=2.90
    neigh(156,155) d=4 terrain=10 cost=3.00
    neigh(155,155) d=5 terrain=10 cost=3.10
    neigh(155,154) d=6 terrain=10 cost=3.70
    neigh(155,153) d=7 terrain=1 cost=4.30
  expand #12: (158,156) boat=1 g=4.00 terrain=10 f_top=63.81
    neigh(158,155) d=0 terrain=10 cost=2.70
    neigh(159,155) d=1 terrain=10 cost=2.00
    neigh(159,156) d=2 terrain=10 cost=2.00
    neigh(159,157) d=3 terrain=10 cost=2.00
    neigh(158,157) d=4 terrain=10 cost=2.00
    neigh(157,157) d=5 terrain=10 cost=2.00
    neigh(157,156) d=6 terrain=10 cost=2.00
    neigh(157,155) d=7 terrain=10 cost=2.90
  expand #13: (153,156) boat=1 g=6.60 terrain=10 f_top=64.36
    neigh(153,155) d=0 terrain=10 cost=3.10
    neigh(154,155) d=1 terrain=10 cost=3.20
    neigh(154,156) d=2 terrain=10 cost=2.60
    neigh(154,157) d=3 terrain=10 cost=2.00
    neigh(153,157) d=4 terrain=10 cost=2.00
    neigh(152,157) d=5 terrain=10 cost=2.00
    neigh(152,156) d=6 terrain=10 cost=2.00
    neigh(152,155) d=7 terrain=10 cost=3.00
  expand #14: (156,158) boat=1 g=4.00 terrain=10 f_top=64.99
    neigh(156,157) d=0 terrain=10 cost=2.00
    neigh(157,157) d=1 terrain=10 cost=2.00
    neigh(157,158) d=2 terrain=10 cost=2.00
    neigh(157,159) d=3 terrain=10 cost=2.00
    neigh(156,159) d=4 terrain=10 cost=2.00
    neigh(155,159) d=5 terrain=10 cost=2.00
    neigh(155,158) d=6 terrain=10 cost=2.00
    neigh(155,157) d=7 terrain=10 cost=2.00
  expand #15: (154,154) boat=1 g=9.59 terrain=10 f_top=65.76
    neigh(154,153) d=0 terrain=1 cost=4.30
    neigh(155,153) d=1 terrain=1 cost=4.30
    neigh(155,154) d=2 terrain=10 cost=3.70
    neigh(155,155) d=3 terrain=10 cost=3.10
    neigh(154,155) d=4 terrain=10 cost=3.20
    neigh(153,155) d=5 terrain=10 cost=3.10
    neigh(153,154) d=6 terrain=10 cost=3.70
    neigh(153,153) d=7 terrain=1 cost=4.30
  expand #16: (154,158) boat=1 g=5.64 terrain=10 f_top=65.81
    neigh(154,157) d=0 terrain=10 cost=2.00
    neigh(155,157) d=1 terrain=10 cost=2.00
    neigh(155,158) d=2 terrain=10 cost=2.00
    neigh(155,159) d=3 terrain=10 cost=2.00
    neigh(154,159) d=4 terrain=10 cost=2.00
    neigh(153,159) d=5 terrain=10 cost=2.00
    neigh(153,158) d=6 terrain=10 cost=2.00
    neigh(153,157) d=7 terrain=10 cost=2.00
  expand #17: (152,156) boat=1 g=8.60 terrain=10 f_top=65.95
    neigh(152,155) d=0 terrain=10 cost=3.00
    neigh(153,155) d=1 terrain=10 cost=3.10
    neigh(153,156) d=2 terrain=10 cost=2.00
    neigh(153,157) d=3 terrain=10 cost=2.00
    neigh(152,157) d=4 terrain=10 cost=2.00
    neigh(151,157) d=5 terrain=10 cost=2.00
    neigh(151,156) d=6 terrain=10 cost=2.00
    neigh(151,155) d=7 terrain=10 cost=2.90
  expand #18: (154,157) boat=1 g=6.82 terrain=10 f_top=65.99
    neigh(154,156) d=0 terrain=10 cost=2.60
    neigh(155,156) d=1 terrain=10 cost=2.00
    neigh(155,157) d=2 terrain=10 cost=2.00
    neigh(155,158) d=3 terrain=10 cost=2.00
    neigh(154,158) d=4 terrain=10 cost=2.00
    neigh(153,158) d=5 terrain=10 cost=2.00
    neigh(153,157) d=6 terrain=10 cost=2.00
    neigh(153,156) d=7 terrain=10 cost=2.00
  expand #19: (159,156) boat=1 g=6.00 terrain=10 f_top=66.22
    neigh(159,155) d=0 terrain=10 cost=2.00
    neigh(160,155) d=1 terrain=10 cost=2.00
    neigh(160,156) d=2 terrain=10 cost=2.00
    neigh(160,157) d=3 terrain=10 cost=2.00
    neigh(159,157) d=4 terrain=10 cost=2.00
    neigh(158,157) d=5 terrain=10 cost=2.00
    neigh(158,156) d=6 terrain=10 cost=2.00
    neigh(158,155) d=7 terrain=10 cost=2.70
  expand #20: (158,154) boat=1 g=8.60 terrain=10 f_top=66.41
    neigh(158,153) d=0 terrain=1 cost=3.70
    neigh(159,153) d=1 terrain=1 cost=3.40
    neigh(159,154) d=2 terrain=10 cost=2.90
    neigh(159,155) d=3 terrain=10 cost=2.00
    neigh(158,155) d=4 terrain=10 cost=2.70
    neigh(157,155) d=5 terrain=10 cost=2.90
    neigh(157,154) d=6 terrain=10 cost=3.40
    neigh(157,153) d=7 terrain=1 cost=4.00
  FOUND dest at expand #6907, cost=189.85
  result=189.85 expanded=6907 open_remaining=1576 term=FOUND
  timing: init=39.3us search=2760.4us total=2799.7us  per-expand=0.40us
  heap: pushes=12805 pops=11229 stale_pops=4322 peak_open=1582
  neigh: total=55248 oob=0 diag_blocked=1032 cost_inf=78 already_closed=25870 worse_g=15464 relaxed=12804

=== cost_to(172,100)->(105,137) boat=1 sh=40 tr=40 mn=40 arm=40 budget=16000 src_terrain=10 dst_terrain=2 ===
  expand #1: (172,100) boat=1 g=0.00 terrain=10 f_top=82.17
    neigh(172,99) d=0 terrain=10 cost=2.00
    neigh(173,99) d=1 terrain=10 cost=2.00
    neigh(173,100) d=2 terrain=10 cost=2.00
    neigh(173,101) d=3 terrain=10 cost=3.00
    neigh(172,101) d=4 terrain=10 cost=3.10
    neigh(171,101) d=5 terrain=10 cost=3.20
    neigh(171,100) d=6 terrain=10 cost=2.60
    neigh(171,99) d=7 terrain=10 cost=2.00
  expand #2: (171,100) boat=1 g=2.60 terrain=10 f_top=83.77
    neigh(171,99) d=0 terrain=10 cost=2.00
    neigh(172,99) d=1 terrain=10 cost=2.00
    neigh(172,100) d=2 terrain=10 cost=2.00
    neigh(172,101) d=3 terrain=10 cost=3.10
    neigh(171,101) d=4 terrain=10 cost=3.20
    neigh(170,101) d=5 terrain=10 cost=3.10
    neigh(170,100) d=6 terrain=10 cost=2.00
    neigh(170,99) d=7 terrain=10 cost=2.00
  expand #3: (171,99) boat=1 g=2.82 terrain=10 f_top=84.40
    neigh(171,98) d=0 terrain=10 cost=2.00
    neigh(172,98) d=1 terrain=10 cost=2.00
    neigh(172,99) d=2 terrain=10 cost=2.00
    neigh(172,100) d=3 terrain=10 cost=2.00
    neigh(171,100) d=4 terrain=10 cost=2.60
    neigh(170,100) d=5 terrain=10 cost=2.00
    neigh(170,99) d=6 terrain=10 cost=2.00
    neigh(170,98) d=7 terrain=10 cost=2.00
  expand #4: (172,99) boat=1 g=2.00 terrain=10 f_top=84.58
    neigh(172,98) d=0 terrain=10 cost=2.00
    neigh(173,98) d=1 terrain=10 cost=2.00
    neigh(173,99) d=2 terrain=10 cost=2.00
    neigh(173,100) d=3 terrain=10 cost=2.00
    neigh(172,100) d=4 terrain=10 cost=2.00
    neigh(171,100) d=5 terrain=10 cost=2.60
    neigh(171,99) d=6 terrain=10 cost=2.00
    neigh(171,98) d=7 terrain=10 cost=2.00
  expand #5: (170,100) boat=1 g=4.60 terrain=10 f_top=84.77
    neigh(170,99) d=0 terrain=10 cost=2.00
    neigh(171,99) d=1 terrain=10 cost=2.00
    neigh(171,100) d=2 terrain=10 cost=2.60
    neigh(171,101) d=3 terrain=10 cost=3.20
    neigh(170,101) d=4 terrain=10 cost=3.10
    neigh(169,101) d=5 terrain=10 cost=3.00
    neigh(169,100) d=6 terrain=10 cost=2.00
    neigh(169,99) d=7 terrain=10 cost=2.00
  expand #6: (172,101) boat=1 g=3.10 terrain=10 f_top=84.86
    neigh(172,100) d=0 terrain=10 cost=2.00
    neigh(173,100) d=1 terrain=10 cost=2.00
    neigh(173,101) d=2 terrain=10 cost=3.00
    neigh(173,102) d=3 terrain=1 cost=3.60
    neigh(172,102) d=4 terrain=1 cost=3.70
    neigh(171,102) d=5 terrain=1 cost=3.70
    neigh(171,101) d=6 terrain=10 cost=3.20
    neigh(171,100) d=7 terrain=10 cost=2.60
  expand #7: (173,100) boat=1 g=2.00 terrain=10 f_top=85.17
    neigh(173,99) d=0 terrain=10 cost=2.00
    neigh(174,99) d=1 terrain=10 cost=2.00
    neigh(174,100) d=2 terrain=10 cost=2.00
    neigh(174,101) d=3 terrain=10 cost=2.50
    neigh(173,101) d=4 terrain=10 cost=3.00
    neigh(172,101) d=5 terrain=10 cost=3.10
    neigh(172,100) d=6 terrain=10 cost=2.00
    neigh(172,99) d=7 terrain=10 cost=2.00
  expand #8: (171,101) boat=1 g=4.51 terrain=10 f_top=85.27
    neigh(171,100) d=0 terrain=10 cost=2.60
    neigh(172,100) d=1 terrain=10 cost=2.00
    neigh(172,101) d=2 terrain=10 cost=3.10
    neigh(172,102) d=3 terrain=1 cost=3.70
    neigh(171,102) d=4 terrain=1 cost=3.70
    neigh(170,102) d=5 terrain=1 cost=3.70
    neigh(170,101) d=6 terrain=10 cost=3.10
    neigh(170,100) d=7 terrain=10 cost=2.00
  expand #9: (169,100) boat=1 g=6.60 terrain=10 f_top=85.77
    neigh(169,99) d=0 terrain=10 cost=2.00
    neigh(170,99) d=1 terrain=10 cost=2.00
    neigh(170,100) d=2 terrain=10 cost=2.00
    neigh(170,101) d=3 terrain=10 cost=3.10
    neigh(169,101) d=4 terrain=10 cost=3.00
    neigh(168,101) d=5 terrain=10 cost=2.90
    neigh(168,100) d=6 terrain=10 cost=2.00
    neigh(168,99) d=7 terrain=10 cost=2.00
  expand #10: (173,99) boat=1 g=2.82 terrain=10 f_top=86.40
    neigh(173,98) d=0 terrain=10 cost=2.00
    neigh(174,98) d=1 terrain=10 cost=2.00
    neigh(174,99) d=2 terrain=10 cost=2.00
    neigh(174,100) d=3 terrain=10 cost=2.00
    neigh(173,100) d=4 terrain=10 cost=2.00
    neigh(172,100) d=5 terrain=10 cost=2.00
    neigh(172,99) d=6 terrain=10 cost=2.00
    neigh(172,98) d=7 terrain=10 cost=2.00
  expand #11: (170,98) boat=1 g=5.64 terrain=10 f_top=86.63
    neigh(170,97) d=0 terrain=10 cost=2.00
    neigh(171,97) d=1 terrain=10 cost=2.00
    neigh(171,98) d=2 terrain=10 cost=2.00
    neigh(171,99) d=3 terrain=10 cost=2.00
    neigh(170,99) d=4 terrain=10 cost=2.00
    neigh(169,99) d=5 terrain=10 cost=2.00
    neigh(169,98) d=6 terrain=10 cost=2.00
    neigh(169,97) d=7 terrain=10 cost=2.00
  expand #12: (168,100) boat=1 g=8.60 terrain=10 f_top=86.77
    neigh(168,99) d=0 terrain=10 cost=2.00
    neigh(169,99) d=1 terrain=10 cost=2.00
    neigh(169,100) d=2 terrain=10 cost=2.00
    neigh(169,101) d=3 terrain=10 cost=3.00
    neigh(168,101) d=4 terrain=10 cost=2.90
    neigh(167,101) d=5 terrain=10 cost=2.70
    neigh(167,100) d=6 terrain=10 cost=2.00
    neigh(167,99) d=7 terrain=10 cost=2.00
  expand #13: (172,98) boat=1 g=4.00 terrain=10 f_top=86.99
    neigh(172,97) d=0 terrain=10 cost=2.00
    neigh(173,97) d=1 terrain=10 cost=2.00
    neigh(173,98) d=2 terrain=10 cost=2.00
    neigh(173,99) d=3 terrain=10 cost=2.00
    neigh(172,99) d=4 terrain=10 cost=2.00
    neigh(171,99) d=5 terrain=10 cost=2.00
    neigh(171,98) d=6 terrain=10 cost=2.00
    neigh(171,97) d=7 terrain=10 cost=2.00
  expand #14: (173,101) boat=1 g=4.23 terrain=10 f_top=86.99
    neigh(173,100) d=0 terrain=10 cost=2.00
    neigh(174,100) d=1 terrain=10 cost=2.00
    neigh(174,101) d=2 terrain=10 cost=2.50
    neigh(174,102) d=3 terrain=1 cost=2.90
    neigh(173,102) d=4 terrain=1 cost=3.60
    neigh(172,102) d=5 terrain=1 cost=3.70
    neigh(172,101) d=6 terrain=10 cost=3.10
    neigh(172,100) d=7 terrain=10 cost=2.00
  expand #15: (170,99) boat=1 g=6.82 terrain=10 f_top=87.40
    neigh(170,98) d=0 terrain=10 cost=2.00
    neigh(171,98) d=1 terrain=10 cost=2.00
    neigh(171,99) d=2 terrain=10 cost=2.00
    neigh(171,100) d=3 terrain=10 cost=2.60
    neigh(170,100) d=4 terrain=10 cost=2.00
    neigh(169,100) d=5 terrain=10 cost=2.00
    neigh(169,99) d=6 terrain=10 cost=2.00
    neigh(169,98) d=7 terrain=10 cost=2.00
  expand #16: (167,100) boat=1 g=10.60 terrain=10 f_top=87.77
    neigh(167,99) d=0 terrain=10 cost=2.00
    neigh(168,99) d=1 terrain=10 cost=2.00
    neigh(168,100) d=2 terrain=10 cost=2.00
    neigh(168,101) d=3 terrain=10 cost=2.90
    neigh(167,101) d=4 terrain=10 cost=2.70
    neigh(166,101) d=5 terrain=10 cost=2.00
    neigh(166,100) d=6 terrain=10 cost=2.00
    neigh(166,99) d=7 terrain=10 cost=2.00
  expand #17: (172,102) boat=1 g=6.80 terrain=1 f_top=88.15
    neigh(172,101) d=0 terrain=10 cost=3.10
    neigh(173,101) d=1 terrain=10 cost=3.00
    neigh(173,102) d=2 terrain=1 cost=3.60
    neigh(172,103) d=4 terrain=2 cost=20.27
    neigh(171,102) d=6 terrain=1 cost=3.70
    neigh(171,101) d=7 terrain=10 cost=3.20
  expand #18: (174,100) boat=1 g=4.00 terrain=10 f_top=88.17
    neigh(174,99) d=0 terrain=10 cost=2.00
    neigh(175,99) d=1 terrain=10 cost=2.00
    neigh(175,100) d=2 terrain=10 cost=2.00
    neigh(175,101) d=3 terrain=10 cost=2.40
    neigh(174,101) d=4 terrain=10 cost=2.50
    neigh(173,101) d=5 terrain=10 cost=3.00
    neigh(173,100) d=6 terrain=10 cost=2.00
    neigh(173,99) d=7 terrain=10 cost=2.00
  expand #19: (169,99) boat=1 g=8.82 terrain=10 f_top=88.40
    neigh(169,98) d=0 terrain=10 cost=2.00
    neigh(170,98) d=1 terrain=10 cost=2.00
    neigh(170,99) d=2 terrain=10 cost=2.00
    neigh(170,100) d=3 terrain=10 cost=2.00
    neigh(169,100) d=4 terrain=10 cost=2.00
    neigh(168,100) d=5 terrain=10 cost=2.00
    neigh(168,99) d=6 terrain=10 cost=2.00
    neigh(168,98) d=7 terrain=10 cost=2.00
  expand #20: (166,100) boat=1 g=12.60 terrain=10 f_top=88.77
    neigh(166,99) d=0 terrain=10 cost=2.00
    neigh(167,99) d=1 terrain=10 cost=2.00
    neigh(167,100) d=2 terrain=10 cost=2.00
    neigh(167,101) d=3 terrain=10 cost=2.70
    neigh(166,101) d=4 terrain=10 cost=2.00
    neigh(165,101) d=5 terrain=10 cost=2.00
    neigh(165,100) d=6 terrain=10 cost=2.00
    neigh(165,99) d=7 terrain=10 cost=2.00
  result=1000000015047466219876688855040.00 expanded=16000 open_remaining=2178 term=BUDGET_EXHAUSTED
  timing: init=27.4us search=4377.2us total=4404.6us  per-expand=0.27us
  heap: pushes=29524 pops=27346 stale_pops=11346 peak_open=2201
  neigh: total=128000 oob=0 diag_blocked=1471 cost_inf=138 already_closed=61701 worse_g=35167 relaxed=29523

=== cost_to(156,156)->(94,128) boat=1 sh=40 tr=40 mn=40 arm=40 budget=16000 src_terrain=10 dst_terrain=7 ===
  expand #1: (156,156) boat=1 g=0.00 terrain=10 f_top=73.48
    neigh(156,155) d=0 terrain=10 cost=3.00
    neigh(157,155) d=1 terrain=10 cost=2.90
    neigh(157,156) d=2 terrain=10 cost=2.00
    neigh(157,157) d=3 terrain=10 cost=2.00
    neigh(156,157) d=4 terrain=10 cost=2.00
    neigh(155,157) d=5 terrain=10 cost=2.00
    neigh(155,156) d=6 terrain=10 cost=2.00
    neigh(155,155) d=7 terrain=10 cost=3.10
  expand #2: (155,156) boat=1 g=2.00 terrain=10 f_top=74.48
    neigh(155,155) d=0 terrain=10 cost=3.10
    neigh(156,155) d=1 terrain=10 cost=3.00
    neigh(156,156) d=2 terrain=10 cost=2.00
    neigh(156,157) d=3 terrain=10 cost=2.00
    neigh(155,157) d=4 terrain=10 cost=2.00
    neigh(154,157) d=5 terrain=10 cost=2.00
    neigh(154,156) d=6 terrain=10 cost=2.60
    neigh(154,155) d=7 terrain=10 cost=3.20
  expand #3: (155,157) boat=1 g=2.82 terrain=10 f_top=75.71
    neigh(155,156) d=0 terrain=10 cost=2.00
    neigh(156,156) d=1 terrain=10 cost=2.00
    neigh(156,157) d=2 terrain=10 cost=2.00
    neigh(156,158) d=3 terrain=10 cost=2.00
    neigh(155,158) d=4 terrain=10 cost=2.00
    neigh(154,158) d=5 terrain=10 cost=2.00
    neigh(154,157) d=6 terrain=10 cost=2.00
    neigh(154,156) d=7 terrain=10 cost=2.60
  expand #4: (156,157) boat=1 g=2.00 terrain=10 f_top=75.89
    neigh(156,156) d=0 terrain=10 cost=2.00
    neigh(157,156) d=1 terrain=10 cost=2.00
    neigh(157,157) d=2 terrain=10 cost=2.00
    neigh(157,158) d=3 terrain=10 cost=2.00
    neigh(156,158) d=4 terrain=10 cost=2.00
    neigh(155,158) d=5 terrain=10 cost=2.00
    neigh(155,157) d=6 terrain=10 cost=2.00
    neigh(155,156) d=7 terrain=10 cost=2.00
  expand #5: (156,155) boat=1 g=3.00 terrain=10 f_top=76.07
    neigh(156,154) d=0 terrain=10 cost=3.60
    neigh(157,154) d=1 terrain=10 cost=3.40
    neigh(157,155) d=2 terrain=10 cost=2.90
    neigh(157,156) d=3 terrain=10 cost=2.00
    neigh(156,156) d=4 terrain=10 cost=2.00
    neigh(155,156) d=5 terrain=10 cost=2.00
    neigh(155,155) d=6 terrain=10 cost=3.10
    neigh(155,154) d=7 terrain=10 cost=3.70
  expand #6: (154,156) boat=1 g=4.60 terrain=10 f_top=76.08
    neigh(154,155) d=0 terrain=10 cost=3.20
    neigh(155,155) d=1 terrain=10 cost=3.10
    neigh(155,156) d=2 terrain=10 cost=2.00
    neigh(155,157) d=3 terrain=10 cost=2.00
    neigh(154,157) d=4 terrain=10 cost=2.00
    neigh(153,157) d=5 terrain=10 cost=2.00
    neigh(153,156) d=6 terrain=10 cost=2.00
    neigh(153,155) d=7 terrain=10 cost=3.10
  expand #7: (155,155) boat=1 g=4.37 terrain=10 f_top=76.44
    neigh(155,154) d=0 terrain=10 cost=3.70
    neigh(156,154) d=1 terrain=10 cost=3.60
    neigh(156,155) d=2 terrain=10 cost=3.00
    neigh(156,156) d=3 terrain=10 cost=2.00
    neigh(155,156) d=4 terrain=10 cost=2.00
    neigh(154,156) d=5 terrain=10 cost=2.60
    neigh(154,155) d=6 terrain=10 cost=3.20
    neigh(154,154) d=7 terrain=10 cost=3.70
  expand #8: (157,156) boat=1 g=2.00 terrain=10 f_top=76.48
    neigh(157,155) d=0 terrain=10 cost=2.90
    neigh(158,155) d=1 terrain=10 cost=2.70
    neigh(158,156) d=2 terrain=10 cost=2.00
    neigh(158,157) d=3 terrain=10 cost=2.00
    neigh(157,157) d=4 terrain=10 cost=2.00
    neigh(156,157) d=5 terrain=10 cost=2.00
    neigh(156,156) d=6 terrain=10 cost=2.00
    neigh(156,155) d=7 terrain=10 cost=3.00
  expand #9: (153,156) boat=1 g=6.60 terrain=10 f_top=77.08
    neigh(153,155) d=0 terrain=10 cost=3.10
    neigh(154,155) d=1 terrain=10 cost=3.20
    neigh(154,156) d=2 terrain=10 cost=2.60
    neigh(154,157) d=3 terrain=10 cost=2.00
    neigh(153,157) d=4 terrain=10 cost=2.00
    neigh(152,157) d=5 terrain=10 cost=2.00
    neigh(152,156) d=6 terrain=10 cost=2.00
    neigh(152,155) d=7 terrain=10 cost=3.00
  expand #10: (157,157) boat=1 g=2.82 terrain=10 f_top=77.71
    neigh(157,156) d=0 terrain=10 cost=2.00
    neigh(158,156) d=1 terrain=10 cost=2.00
    neigh(158,157) d=2 terrain=10 cost=2.00
    neigh(158,158) d=3 terrain=10 cost=2.00
    neigh(157,158) d=4 terrain=10 cost=2.00
    neigh(156,158) d=5 terrain=10 cost=2.00
    neigh(156,157) d=6 terrain=10 cost=2.00
    neigh(156,156) d=7 terrain=10 cost=2.00
  expand #11: (154,158) boat=1 g=5.64 terrain=10 f_top=77.94
    neigh(154,157) d=0 terrain=10 cost=2.00
    neigh(155,157) d=1 terrain=10 cost=2.00
    neigh(155,158) d=2 terrain=10 cost=2.00
    neigh(155,159) d=3 terrain=10 cost=2.00
    neigh(154,159) d=4 terrain=10 cost=2.00
    neigh(153,159) d=5 terrain=10 cost=2.00
    neigh(153,158) d=6 terrain=10 cost=2.00
    neigh(153,157) d=7 terrain=10 cost=2.00
  expand #12: (152,156) boat=1 g=8.60 terrain=10 f_top=78.08
    neigh(152,155) d=0 terrain=10 cost=3.00
    neigh(153,155) d=1 terrain=10 cost=3.10
    neigh(153,156) d=2 terrain=10 cost=2.00
    neigh(153,157) d=3 terrain=10 cost=2.00
    neigh(152,157) d=4 terrain=10 cost=2.00
    neigh(151,157) d=5 terrain=10 cost=2.00
    neigh(151,156) d=6 terrain=10 cost=2.00
    neigh(151,155) d=7 terrain=10 cost=2.90
  expand #13: (157,155) boat=1 g=4.09 terrain=10 f_top=78.16
    neigh(157,154) d=0 terrain=10 cost=3.40
    neigh(158,154) d=1 terrain=10 cost=3.20
    neigh(158,155) d=2 terrain=10 cost=2.70
    neigh(158,156) d=3 terrain=10 cost=2.00
    neigh(157,156) d=4 terrain=10 cost=2.00
    neigh(156,156) d=5 terrain=10 cost=2.00
    neigh(156,155) d=6 terrain=10 cost=3.00
    neigh(156,154) d=7 terrain=10 cost=3.60
  expand #14: (156,158) boat=1 g=4.00 terrain=10 f_top=78.30
    neigh(156,157) d=0 terrain=10 cost=2.00
    neigh(157,157) d=1 terrain=10 cost=2.00
    neigh(157,158) d=2 terrain=10 cost=2.00
    neigh(157,159) d=3 terrain=10 cost=2.00
    neigh(156,159) d=4 terrain=10 cost=2.00
    neigh(155,159) d=5 terrain=10 cost=2.00
    neigh(155,158) d=6 terrain=10 cost=2.00
    neigh(155,157) d=7 terrain=10 cost=2.00
  expand #15: (154,157) boat=1 g=6.82 terrain=10 f_top=78.71
    neigh(154,156) d=0 terrain=10 cost=2.60
    neigh(155,156) d=1 terrain=10 cost=2.00
    neigh(155,157) d=2 terrain=10 cost=2.00
    neigh(155,158) d=3 terrain=10 cost=2.00
    neigh(154,158) d=4 terrain=10 cost=2.00
    neigh(153,158) d=5 terrain=10 cost=2.00
    neigh(153,157) d=6 terrain=10 cost=2.00
    neigh(153,156) d=7 terrain=10 cost=2.00
  expand #16: (151,156) boat=1 g=10.60 terrain=10 f_top=79.08
    neigh(151,155) d=0 terrain=10 cost=2.90
    neigh(152,155) d=1 terrain=10 cost=3.00
    neigh(152,156) d=2 terrain=10 cost=2.00
    neigh(152,157) d=3 terrain=10 cost=2.00
    neigh(151,157) d=4 terrain=10 cost=2.00
    neigh(150,157) d=5 terrain=10 cost=2.00
    neigh(150,156) d=6 terrain=10 cost=2.00
    neigh(150,155) d=7 terrain=10 cost=2.70
  expand #17: (156,154) boat=1 g=6.60 terrain=10 f_top=79.26
    neigh(156,153) d=0 terrain=1 cost=4.20
    neigh(157,153) d=1 terrain=1 cost=4.00
    neigh(157,154) d=2 terrain=10 cost=3.40
    neigh(157,155) d=3 terrain=10 cost=2.90
    neigh(156,155) d=4 terrain=10 cost=3.00
    neigh(155,155) d=5 terrain=10 cost=3.10
    neigh(155,154) d=6 terrain=10 cost=3.70
    neigh(155,153) d=7 terrain=1 cost=4.30
  expand #18: (158,156) boat=1 g=4.00 terrain=10 f_top=79.48
    neigh(158,155) d=0 terrain=10 cost=2.70
    neigh(159,155) d=1 terrain=10 cost=2.00
    neigh(159,156) d=2 terrain=10 cost=2.00
    neigh(159,157) d=3 terrain=10 cost=2.00
    neigh(158,157) d=4 terrain=10 cost=2.00
    neigh(157,157) d=5 terrain=10 cost=2.00
    neigh(157,156) d=6 terrain=10 cost=2.00
    neigh(157,155) d=7 terrain=10 cost=2.90
  expand #19: (153,157) boat=1 g=8.82 terrain=10 f_top=79.71
    neigh(153,156) d=0 terrain=10 cost=2.00
    neigh(154,156) d=1 terrain=10 cost=2.60
    neigh(154,157) d=2 terrain=10 cost=2.00
    neigh(154,158) d=3 terrain=10 cost=2.00
    neigh(153,158) d=4 terrain=10 cost=2.00
    neigh(152,158) d=5 terrain=10 cost=2.00
    neigh(152,157) d=6 terrain=10 cost=2.00
    neigh(152,156) d=7 terrain=10 cost=2.00
  expand #20: (150,156) boat=1 g=12.60 terrain=10 f_top=80.08
    neigh(150,155) d=0 terrain=10 cost=2.70
    neigh(151,155) d=1 terrain=10 cost=2.90
    neigh(151,156) d=2 terrain=10 cost=2.00
    neigh(151,157) d=3 terrain=10 cost=2.00
    neigh(150,157) d=4 terrain=10 cost=2.00
    neigh(149,157) d=5 terrain=10 cost=2.00
    neigh(149,156) d=6 terrain=10 cost=2.00
    neigh(149,155) d=7 terrain=10 cost=2.00
  FOUND dest at expand #7354, cost=199.16
  result=199.16 expanded=7354 open_remaining=1729 term=FOUND
  timing: init=29.2us search=2321.4us total=2350.6us  per-expand=0.32us
  heap: pushes=13864 pops=12135 stale_pops=4781 peak_open=1742
  neigh: total=58824 oob=0 diag_blocked=1144 cost_inf=86 already_closed=27506 worse_g=16225 relaxed=13863

=== cost_to(172,100)->(98,137) boat=1 sh=40 tr=40 mn=40 arm=40 budget=16000 src_terrain=10 dst_terrain=5 ===
  expand #1: (172,100) boat=1 g=0.00 terrain=10 f_top=89.17
    neigh(172,99) d=0 terrain=10 cost=2.00
    neigh(173,99) d=1 terrain=10 cost=2.00
    neigh(173,100) d=2 terrain=10 cost=2.00
    neigh(173,101) d=3 terrain=10 cost=3.00
    neigh(172,101) d=4 terrain=10 cost=3.10
    neigh(171,101) d=5 terrain=10 cost=3.20
    neigh(171,100) d=6 terrain=10 cost=2.60
    neigh(171,99) d=7 terrain=10 cost=2.00
  expand #2: (171,100) boat=1 g=2.60 terrain=10 f_top=90.77
    neigh(171,99) d=0 terrain=10 cost=2.00
    neigh(172,99) d=1 terrain=10 cost=2.00
    neigh(172,100) d=2 terrain=10 cost=2.00
    neigh(172,101) d=3 terrain=10 cost=3.10
    neigh(171,101) d=4 terrain=10 cost=3.20
    neigh(170,101) d=5 terrain=10 cost=3.10
    neigh(170,100) d=6 terrain=10 cost=2.00
    neigh(170,99) d=7 terrain=10 cost=2.00
  expand #3: (171,99) boat=1 g=2.82 terrain=10 f_top=91.40
    neigh(171,98) d=0 terrain=10 cost=2.00
    neigh(172,98) d=1 terrain=10 cost=2.00
    neigh(172,99) d=2 terrain=10 cost=2.00
    neigh(172,100) d=3 terrain=10 cost=2.00
    neigh(171,100) d=4 terrain=10 cost=2.60
    neigh(170,100) d=5 terrain=10 cost=2.00
    neigh(170,99) d=6 terrain=10 cost=2.00
    neigh(170,98) d=7 terrain=10 cost=2.00
  expand #4: (172,99) boat=1 g=2.00 terrain=10 f_top=91.58
    neigh(172,98) d=0 terrain=10 cost=2.00
    neigh(173,98) d=1 terrain=10 cost=2.00
    neigh(173,99) d=2 terrain=10 cost=2.00
    neigh(173,100) d=3 terrain=10 cost=2.00
    neigh(172,100) d=4 terrain=10 cost=2.00
    neigh(171,100) d=5 terrain=10 cost=2.60
    neigh(171,99) d=6 terrain=10 cost=2.00
    neigh(171,98) d=7 terrain=10 cost=2.00
  expand #5: (170,100) boat=1 g=4.60 terrain=10 f_top=91.77
    neigh(170,99) d=0 terrain=10 cost=2.00
    neigh(171,99) d=1 terrain=10 cost=2.00
    neigh(171,100) d=2 terrain=10 cost=2.60
    neigh(171,101) d=3 terrain=10 cost=3.20
    neigh(170,101) d=4 terrain=10 cost=3.10
    neigh(169,101) d=5 terrain=10 cost=3.00
    neigh(169,100) d=6 terrain=10 cost=2.00
    neigh(169,99) d=7 terrain=10 cost=2.00
  expand #6: (172,101) boat=1 g=3.10 terrain=10 f_top=91.86
    neigh(172,100) d=0 terrain=10 cost=2.00
    neigh(173,100) d=1 terrain=10 cost=2.00
    neigh(173,101) d=2 terrain=10 cost=3.00
    neigh(173,102) d=3 terrain=1 cost=3.60
    neigh(172,102) d=4 terrain=1 cost=3.70
    neigh(171,102) d=5 terrain=1 cost=3.70
    neigh(171,101) d=6 terrain=10 cost=3.20
    neigh(171,100) d=7 terrain=10 cost=2.60
  expand #7: (173,100) boat=1 g=2.00 terrain=10 f_top=92.17
    neigh(173,99) d=0 terrain=10 cost=2.00
    neigh(174,99) d=1 terrain=10 cost=2.00
    neigh(174,100) d=2 terrain=10 cost=2.00
    neigh(174,101) d=3 terrain=10 cost=2.50
    neigh(173,101) d=4 terrain=10 cost=3.00
    neigh(172,101) d=5 terrain=10 cost=3.10
    neigh(172,100) d=6 terrain=10 cost=2.00
    neigh(172,99) d=7 terrain=10 cost=2.00
  expand #8: (171,101) boat=1 g=4.51 terrain=10 f_top=92.27
    neigh(171,100) d=0 terrain=10 cost=2.60
    neigh(172,100) d=1 terrain=10 cost=2.00
    neigh(172,101) d=2 terrain=10 cost=3.10
    neigh(172,102) d=3 terrain=1 cost=3.70
    neigh(171,102) d=4 terrain=1 cost=3.70
    neigh(170,102) d=5 terrain=1 cost=3.70
    neigh(170,101) d=6 terrain=10 cost=3.10
    neigh(170,100) d=7 terrain=10 cost=2.00
  expand #9: (169,100) boat=1 g=6.60 terrain=10 f_top=92.77
    neigh(169,99) d=0 terrain=10 cost=2.00
    neigh(170,99) d=1 terrain=10 cost=2.00
    neigh(170,100) d=2 terrain=10 cost=2.00
    neigh(170,101) d=3 terrain=10 cost=3.10
    neigh(169,101) d=4 terrain=10 cost=3.00
    neigh(168,101) d=5 terrain=10 cost=2.90
    neigh(168,100) d=6 terrain=10 cost=2.00
    neigh(168,99) d=7 terrain=10 cost=2.00
  expand #10: (173,99) boat=1 g=2.82 terrain=10 f_top=93.40
    neigh(173,98) d=0 terrain=10 cost=2.00
    neigh(174,98) d=1 terrain=10 cost=2.00
    neigh(174,99) d=2 terrain=10 cost=2.00
    neigh(174,100) d=3 terrain=10 cost=2.00
    neigh(173,100) d=4 terrain=10 cost=2.00
    neigh(172,100) d=5 terrain=10 cost=2.00
    neigh(172,99) d=6 terrain=10 cost=2.00
    neigh(172,98) d=7 terrain=10 cost=2.00
  expand #11: (170,98) boat=1 g=5.64 terrain=10 f_top=93.63
    neigh(170,97) d=0 terrain=10 cost=2.00
    neigh(171,97) d=1 terrain=10 cost=2.00
    neigh(171,98) d=2 terrain=10 cost=2.00
    neigh(171,99) d=3 terrain=10 cost=2.00
    neigh(170,99) d=4 terrain=10 cost=2.00
    neigh(169,99) d=5 terrain=10 cost=2.00
    neigh(169,98) d=6 terrain=10 cost=2.00
    neigh(169,97) d=7 terrain=10 cost=2.00
  expand #12: (168,100) boat=1 g=8.60 terrain=10 f_top=93.77
    neigh(168,99) d=0 terrain=10 cost=2.00
    neigh(169,99) d=1 terrain=10 cost=2.00
    neigh(169,100) d=2 terrain=10 cost=2.00
    neigh(169,101) d=3 terrain=10 cost=3.00
    neigh(168,101) d=4 terrain=10 cost=2.90
    neigh(167,101) d=5 terrain=10 cost=2.70
    neigh(167,100) d=6 terrain=10 cost=2.00
    neigh(167,99) d=7 terrain=10 cost=2.00
  expand #13: (172,98) boat=1 g=4.00 terrain=10 f_top=93.99
    neigh(172,97) d=0 terrain=10 cost=2.00
    neigh(173,97) d=1 terrain=10 cost=2.00
    neigh(173,98) d=2 terrain=10 cost=2.00
    neigh(173,99) d=3 terrain=10 cost=2.00
    neigh(172,99) d=4 terrain=10 cost=2.00
    neigh(171,99) d=5 terrain=10 cost=2.00
    neigh(171,98) d=6 terrain=10 cost=2.00
    neigh(171,97) d=7 terrain=10 cost=2.00
  expand #14: (173,101) boat=1 g=4.23 terrain=10 f_top=93.99
    neigh(173,100) d=0 terrain=10 cost=2.00
    neigh(174,100) d=1 terrain=10 cost=2.00
    neigh(174,101) d=2 terrain=10 cost=2.50
    neigh(174,102) d=3 terrain=1 cost=2.90
    neigh(173,102) d=4 terrain=1 cost=3.60
    neigh(172,102) d=5 terrain=1 cost=3.70
    neigh(172,101) d=6 terrain=10 cost=3.10
    neigh(172,100) d=7 terrain=10 cost=2.00
  expand #15: (170,99) boat=1 g=6.82 terrain=10 f_top=94.40
    neigh(170,98) d=0 terrain=10 cost=2.00
    neigh(171,98) d=1 terrain=10 cost=2.00
    neigh(171,99) d=2 terrain=10 cost=2.00
    neigh(171,100) d=3 terrain=10 cost=2.60
    neigh(170,100) d=4 terrain=10 cost=2.00
    neigh(169,100) d=5 terrain=10 cost=2.00
    neigh(169,99) d=6 terrain=10 cost=2.00
    neigh(169,98) d=7 terrain=10 cost=2.00
  expand #16: (167,100) boat=1 g=10.60 terrain=10 f_top=94.77
    neigh(167,99) d=0 terrain=10 cost=2.00
    neigh(168,99) d=1 terrain=10 cost=2.00
    neigh(168,100) d=2 terrain=10 cost=2.00
    neigh(168,101) d=3 terrain=10 cost=2.90
    neigh(167,101) d=4 terrain=10 cost=2.70
    neigh(166,101) d=5 terrain=10 cost=2.00
    neigh(166,100) d=6 terrain=10 cost=2.00
    neigh(166,99) d=7 terrain=10 cost=2.00
  expand #17: (172,102) boat=1 g=6.80 terrain=1 f_top=95.15
    neigh(172,101) d=0 terrain=10 cost=3.10
    neigh(173,101) d=1 terrain=10 cost=3.00
    neigh(173,102) d=2 terrain=1 cost=3.60
    neigh(172,103) d=4 terrain=2 cost=20.27
    neigh(171,102) d=6 terrain=1 cost=3.70
    neigh(171,101) d=7 terrain=10 cost=3.20
  expand #18: (174,100) boat=1 g=4.00 terrain=10 f_top=95.17
    neigh(174,99) d=0 terrain=10 cost=2.00
    neigh(175,99) d=1 terrain=10 cost=2.00
    neigh(175,100) d=2 terrain=10 cost=2.00
    neigh(175,101) d=3 terrain=10 cost=2.40
    neigh(174,101) d=4 terrain=10 cost=2.50
    neigh(173,101) d=5 terrain=10 cost=3.00
    neigh(173,100) d=6 terrain=10 cost=2.00
    neigh(173,99) d=7 terrain=10 cost=2.00
  expand #19: (169,99) boat=1 g=8.82 terrain=10 f_top=95.40
    neigh(169,98) d=0 terrain=10 cost=2.00
    neigh(170,98) d=1 terrain=10 cost=2.00
    neigh(170,99) d=2 terrain=10 cost=2.00
    neigh(170,100) d=3 terrain=10 cost=2.00
    neigh(169,100) d=4 terrain=10 cost=2.00
    neigh(168,100) d=5 terrain=10 cost=2.00
    neigh(168,99) d=6 terrain=10 cost=2.00
    neigh(168,98) d=7 terrain=10 cost=2.00
  expand #20: (166,100) boat=1 g=12.60 terrain=10 f_top=95.77
    neigh(166,99) d=0 terrain=10 cost=2.00
    neigh(167,99) d=1 terrain=10 cost=2.00
    neigh(167,100) d=2 terrain=10 cost=2.00
    neigh(167,101) d=3 terrain=10 cost=2.70
    neigh(166,101) d=4 terrain=10 cost=2.00
    neigh(165,101) d=5 terrain=10 cost=2.00
    neigh(165,100) d=6 terrain=10 cost=2.00
    neigh(165,99) d=7 terrain=10 cost=2.00
  FOUND dest at expand #15288, cost=263.57
  result=263.57 expanded=15288 open_remaining=2268 term=FOUND
  timing: init=36.2us search=4267.1us total=4303.3us  per-expand=0.28us
  heap: pushes=28303 pops=26035 stale_pops=10747 peak_open=2283
  neigh: total=122296 oob=0 diag_blocked=1406 cost_inf=122 already_closed=58815 worse_g=33651 relaxed=28302

=== cost_to(172,100)->(95,109) boat=1 sh=40 tr=40 mn=40 arm=40 budget=16000 src_terrain=10 dst_terrain=5 ===
  expand #1: (172,100) boat=1 g=0.00 terrain=10 f_top=80.69
    neigh(172,99) d=0 terrain=10 cost=2.00
    neigh(173,99) d=1 terrain=10 cost=2.00
    neigh(173,100) d=2 terrain=10 cost=2.00
    neigh(173,101) d=3 terrain=10 cost=3.00
    neigh(172,101) d=4 terrain=10 cost=3.10
    neigh(171,101) d=5 terrain=10 cost=3.20
    neigh(171,100) d=6 terrain=10 cost=2.60
    neigh(171,99) d=7 terrain=10 cost=2.00
  expand #2: (171,100) boat=1 g=2.60 terrain=10 f_top=82.29
    neigh(171,99) d=0 terrain=10 cost=2.00
    neigh(172,99) d=1 terrain=10 cost=2.00
    neigh(172,100) d=2 terrain=10 cost=2.00
    neigh(172,101) d=3 terrain=10 cost=3.10
    neigh(171,101) d=4 terrain=10 cost=3.20
    neigh(170,101) d=5 terrain=10 cost=3.10
    neigh(170,100) d=6 terrain=10 cost=2.00
    neigh(170,99) d=7 terrain=10 cost=2.00
  expand #3: (171,99) boat=1 g=2.82 terrain=10 f_top=82.92
    neigh(171,98) d=0 terrain=10 cost=2.00
    neigh(172,98) d=1 terrain=10 cost=2.00
    neigh(172,99) d=2 terrain=10 cost=2.00
    neigh(172,100) d=3 terrain=10 cost=2.00
    neigh(171,100) d=4 terrain=10 cost=2.60
    neigh(170,100) d=5 terrain=10 cost=2.00
    neigh(170,99) d=6 terrain=10 cost=2.00
    neigh(170,98) d=7 terrain=10 cost=2.00
  expand #4: (172,99) boat=1 g=2.00 terrain=10 f_top=83.10
    neigh(172,98) d=0 terrain=10 cost=2.00
    neigh(173,98) d=1 terrain=10 cost=2.00
    neigh(173,99) d=2 terrain=10 cost=2.00
    neigh(173,100) d=3 terrain=10 cost=2.00
    neigh(172,100) d=4 terrain=10 cost=2.00
    neigh(171,100) d=5 terrain=10 cost=2.60
    neigh(171,99) d=6 terrain=10 cost=2.00
    neigh(171,98) d=7 terrain=10 cost=2.00
  expand #5: (170,100) boat=1 g=4.60 terrain=10 f_top=83.29
    neigh(170,99) d=0 terrain=10 cost=2.00
    neigh(171,99) d=1 terrain=10 cost=2.00
    neigh(171,100) d=2 terrain=10 cost=2.60
    neigh(171,101) d=3 terrain=10 cost=3.20
    neigh(170,101) d=4 terrain=10 cost=3.10
    neigh(169,101) d=5 terrain=10 cost=3.00
    neigh(169,100) d=6 terrain=10 cost=2.00
    neigh(169,99) d=7 terrain=10 cost=2.00
  expand #6: (172,101) boat=1 g=3.10 terrain=10 f_top=83.38
    neigh(172,100) d=0 terrain=10 cost=2.00
    neigh(173,100) d=1 terrain=10 cost=2.00
    neigh(173,101) d=2 terrain=10 cost=3.00
    neigh(173,102) d=3 terrain=1 cost=3.60
    neigh(172,102) d=4 terrain=1 cost=3.70
    neigh(171,102) d=5 terrain=1 cost=3.70
    neigh(171,101) d=6 terrain=10 cost=3.20
    neigh(171,100) d=7 terrain=10 cost=2.60
  expand #7: (173,100) boat=1 g=2.00 terrain=10 f_top=83.69
    neigh(173,99) d=0 terrain=10 cost=2.00
    neigh(174,99) d=1 terrain=10 cost=2.00
    neigh(174,100) d=2 terrain=10 cost=2.00
    neigh(174,101) d=3 terrain=10 cost=2.50
    neigh(173,101) d=4 terrain=10 cost=3.00
    neigh(172,101) d=5 terrain=10 cost=3.10
    neigh(172,100) d=6 terrain=10 cost=2.00
    neigh(172,99) d=7 terrain=10 cost=2.00
  expand #8: (171,101) boat=1 g=4.51 terrain=10 f_top=83.79
    neigh(171,100) d=0 terrain=10 cost=2.60
    neigh(172,100) d=1 terrain=10 cost=2.00
    neigh(172,101) d=2 terrain=10 cost=3.10
    neigh(172,102) d=3 terrain=1 cost=3.70
    neigh(171,102) d=4 terrain=1 cost=3.70
    neigh(170,102) d=5 terrain=1 cost=3.70
    neigh(170,101) d=6 terrain=10 cost=3.10
    neigh(170,100) d=7 terrain=10 cost=2.00
  expand #9: (169,100) boat=1 g=6.60 terrain=10 f_top=84.29
    neigh(169,99) d=0 terrain=10 cost=2.00
    neigh(170,99) d=1 terrain=10 cost=2.00
    neigh(170,100) d=2 terrain=10 cost=2.00
    neigh(170,101) d=3 terrain=10 cost=3.10
    neigh(169,101) d=4 terrain=10 cost=3.00
    neigh(168,101) d=5 terrain=10 cost=2.90
    neigh(168,100) d=6 terrain=10 cost=2.00
    neigh(168,99) d=7 terrain=10 cost=2.00
  expand #10: (173,99) boat=1 g=2.82 terrain=10 f_top=84.92
    neigh(173,98) d=0 terrain=10 cost=2.00
    neigh(174,98) d=1 terrain=10 cost=2.00
    neigh(174,99) d=2 terrain=10 cost=2.00
    neigh(174,100) d=3 terrain=10 cost=2.00
    neigh(173,100) d=4 terrain=10 cost=2.00
    neigh(172,100) d=5 terrain=10 cost=2.00
    neigh(172,99) d=6 terrain=10 cost=2.00
    neigh(172,98) d=7 terrain=10 cost=2.00
  expand #11: (170,98) boat=1 g=5.64 terrain=10 f_top=85.15
    neigh(170,97) d=0 terrain=10 cost=2.00
    neigh(171,97) d=1 terrain=10 cost=2.00
    neigh(171,98) d=2 terrain=10 cost=2.00
    neigh(171,99) d=3 terrain=10 cost=2.00
    neigh(170,99) d=4 terrain=10 cost=2.00
    neigh(169,99) d=5 terrain=10 cost=2.00
    neigh(169,98) d=6 terrain=10 cost=2.00
    neigh(169,97) d=7 terrain=10 cost=2.00
  expand #12: (168,100) boat=1 g=8.60 terrain=10 f_top=85.29
    neigh(168,99) d=0 terrain=10 cost=2.00
    neigh(169,99) d=1 terrain=10 cost=2.00
    neigh(169,100) d=2 terrain=10 cost=2.00
    neigh(169,101) d=3 terrain=10 cost=3.00
    neigh(168,101) d=4 terrain=10 cost=2.90
    neigh(167,101) d=5 terrain=10 cost=2.70
    neigh(167,100) d=6 terrain=10 cost=2.00
    neigh(167,99) d=7 terrain=10 cost=2.00
  expand #13: (172,98) boat=1 g=4.00 terrain=10 f_top=85.51
    neigh(172,97) d=0 terrain=10 cost=2.00
    neigh(173,97) d=1 terrain=10 cost=2.00
    neigh(173,98) d=2 terrain=10 cost=2.00
    neigh(173,99) d=3 terrain=10 cost=2.00
    neigh(172,99) d=4 terrain=10 cost=2.00
    neigh(171,99) d=5 terrain=10 cost=2.00
    neigh(171,98) d=6 terrain=10 cost=2.00
    neigh(171,97) d=7 terrain=10 cost=2.00
  expand #14: (173,101) boat=1 g=4.23 terrain=10 f_top=85.51
    neigh(173,100) d=0 terrain=10 cost=2.00
    neigh(174,100) d=1 terrain=10 cost=2.00
    neigh(174,101) d=2 terrain=10 cost=2.50
    neigh(174,102) d=3 terrain=1 cost=2.90
    neigh(173,102) d=4 terrain=1 cost=3.60
    neigh(172,102) d=5 terrain=1 cost=3.70
    neigh(172,101) d=6 terrain=10 cost=3.10
    neigh(172,100) d=7 terrain=10 cost=2.00
  expand #15: (170,99) boat=1 g=6.82 terrain=10 f_top=85.92
    neigh(170,98) d=0 terrain=10 cost=2.00
    neigh(171,98) d=1 terrain=10 cost=2.00
    neigh(171,99) d=2 terrain=10 cost=2.00
    neigh(171,100) d=3 terrain=10 cost=2.60
    neigh(170,100) d=4 terrain=10 cost=2.00
    neigh(169,100) d=5 terrain=10 cost=2.00
    neigh(169,99) d=6 terrain=10 cost=2.00
    neigh(169,98) d=7 terrain=10 cost=2.00
  expand #16: (167,100) boat=1 g=10.60 terrain=10 f_top=86.29
    neigh(167,99) d=0 terrain=10 cost=2.00
    neigh(168,99) d=1 terrain=10 cost=2.00
    neigh(168,100) d=2 terrain=10 cost=2.00
    neigh(168,101) d=3 terrain=10 cost=2.90
    neigh(167,101) d=4 terrain=10 cost=2.70
    neigh(166,101) d=5 terrain=10 cost=2.00
    neigh(166,100) d=6 terrain=10 cost=2.00
    neigh(166,99) d=7 terrain=10 cost=2.00
  expand #17: (172,102) boat=1 g=6.80 terrain=1 f_top=86.67
    neigh(172,101) d=0 terrain=10 cost=3.10
    neigh(173,101) d=1 terrain=10 cost=3.00
    neigh(173,102) d=2 terrain=1 cost=3.60
    neigh(172,103) d=4 terrain=2 cost=20.27
    neigh(171,102) d=6 terrain=1 cost=3.70
    neigh(171,101) d=7 terrain=10 cost=3.20
  expand #18: (174,100) boat=1 g=4.00 terrain=10 f_top=86.69
    neigh(174,99) d=0 terrain=10 cost=2.00
    neigh(175,99) d=1 terrain=10 cost=2.00
    neigh(175,100) d=2 terrain=10 cost=2.00
    neigh(175,101) d=3 terrain=10 cost=2.40
    neigh(174,101) d=4 terrain=10 cost=2.50
    neigh(173,101) d=5 terrain=10 cost=3.00
    neigh(173,100) d=6 terrain=10 cost=2.00
    neigh(173,99) d=7 terrain=10 cost=2.00
  expand #19: (169,99) boat=1 g=8.82 terrain=10 f_top=86.92
    neigh(169,98) d=0 terrain=10 cost=2.00
    neigh(170,98) d=1 terrain=10 cost=2.00
    neigh(170,99) d=2 terrain=10 cost=2.00
    neigh(170,100) d=3 terrain=10 cost=2.00
    neigh(169,100) d=4 terrain=10 cost=2.00
    neigh(168,100) d=5 terrain=10 cost=2.00
    neigh(168,99) d=6 terrain=10 cost=2.00
    neigh(168,98) d=7 terrain=10 cost=2.00
  expand #20: (166,100) boat=1 g=12.60 terrain=10 f_top=87.29
    neigh(166,99) d=0 terrain=10 cost=2.00
    neigh(167,99) d=1 terrain=10 cost=2.00
    neigh(167,100) d=2 terrain=10 cost=2.00
    neigh(167,101) d=3 terrain=10 cost=2.70
    neigh(166,101) d=4 terrain=10 cost=2.00
    neigh(165,101) d=5 terrain=10 cost=2.00
    neigh(165,100) d=6 terrain=10 cost=2.00
    neigh(165,99) d=7 terrain=10 cost=2.00
  FOUND dest at expand #6712, cost=192.44
  result=192.44 expanded=6712 open_remaining=1421 term=FOUND
  timing: init=35.3us search=2955.8us total=2991.1us  per-expand=0.44us
  heap: pushes=12592 pops=11171 stale_pops=4459 peak_open=1435
  neigh: total=53688 oob=0 diag_blocked=712 cost_inf=51 already_closed=25301 worse_g=15033 relaxed=12591

=== cost_to(156,156)->(85,141) boat=1 sh=40 tr=40 mn=40 arm=40 budget=16000 src_terrain=10 dst_terrain=4 ===
  expand #1: (156,156) boat=1 g=0.00 terrain=10 f_top=77.15
    neigh(156,155) d=0 terrain=10 cost=12.00
    neigh(157,155) d=1 terrain=10 cost=11.00
    neigh(157,156) d=2 terrain=10 cost=2.00
    neigh(157,157) d=3 terrain=10 cost=2.00
    neigh(156,157) d=4 terrain=10 cost=2.00
    neigh(155,157) d=5 terrain=10 cost=2.00
    neigh(155,156) d=6 terrain=10 cost=2.00
    neigh(155,155) d=7 terrain=10 cost=13.00
  expand #2: (155,156) boat=1 g=2.00 terrain=10 f_top=78.15
    neigh(155,155) d=0 terrain=10 cost=13.00
    neigh(156,155) d=1 terrain=10 cost=12.00
    neigh(156,156) d=2 terrain=10 cost=2.00
    neigh(156,157) d=3 terrain=10 cost=2.00
    neigh(155,157) d=4 terrain=10 cost=2.00
    neigh(154,157) d=5 terrain=10 cost=2.00
    neigh(154,156) d=6 terrain=10 cost=8.00
    neigh(154,155) d=7 terrain=10 cost=14.00
  expand #3: (155,157) boat=1 g=2.82 terrain=10 f_top=79.38
    neigh(155,156) d=0 terrain=10 cost=2.00
    neigh(156,156) d=1 terrain=10 cost=2.00
    neigh(156,157) d=2 terrain=10 cost=2.00
    neigh(156,158) d=3 terrain=10 cost=2.00
    neigh(155,158) d=4 terrain=10 cost=2.00
    neigh(154,158) d=5 terrain=10 cost=2.00
    neigh(154,157) d=6 terrain=10 cost=2.00
    neigh(154,156) d=7 terrain=10 cost=8.00
  expand #4: (156,157) boat=1 g=2.00 terrain=10 f_top=79.56
    neigh(156,156) d=0 terrain=10 cost=2.00
    neigh(157,156) d=1 terrain=10 cost=2.00
    neigh(157,157) d=2 terrain=10 cost=2.00
    neigh(157,158) d=3 terrain=10 cost=2.00
    neigh(156,158) d=4 terrain=10 cost=2.00
    neigh(155,158) d=5 terrain=10 cost=2.00
    neigh(155,157) d=6 terrain=10 cost=2.00
    neigh(155,156) d=7 terrain=10 cost=2.00
  expand #5: (157,156) boat=1 g=2.00 terrain=10 f_top=80.15
    neigh(157,155) d=0 terrain=10 cost=11.00
    neigh(158,155) d=1 terrain=10 cost=9.00
    neigh(158,156) d=2 terrain=10 cost=2.00
    neigh(158,157) d=3 terrain=10 cost=2.00
    neigh(157,157) d=4 terrain=10 cost=2.00
    neigh(156,157) d=5 terrain=10 cost=2.00
    neigh(156,156) d=6 terrain=10 cost=2.00
    neigh(156,155) d=7 terrain=10 cost=12.00
  expand #6: (157,157) boat=1 g=2.82 terrain=10 f_top=81.38
    neigh(157,156) d=0 terrain=10 cost=2.00
    neigh(158,156) d=1 terrain=10 cost=2.00
    neigh(158,157) d=2 terrain=10 cost=2.00
    neigh(158,158) d=3 terrain=10 cost=2.00
    neigh(157,158) d=4 terrain=10 cost=2.00
    neigh(156,158) d=5 terrain=10 cost=2.00
    neigh(156,157) d=6 terrain=10 cost=2.00
    neigh(156,156) d=7 terrain=10 cost=2.00
  expand #7: (154,158) boat=1 g=5.64 terrain=10 f_top=81.61
    neigh(154,157) d=0 terrain=10 cost=2.00
    neigh(155,157) d=1 terrain=10 cost=2.00
    neigh(155,158) d=2 terrain=10 cost=2.00
    neigh(155,159) d=3 terrain=10 cost=2.00
    neigh(154,159) d=4 terrain=10 cost=2.00
    neigh(153,159) d=5 terrain=10 cost=2.00
    neigh(153,158) d=6 terrain=10 cost=2.00
    neigh(153,157) d=7 terrain=10 cost=2.00
  expand #8: (156,158) boat=1 g=4.00 terrain=10 f_top=81.97
    neigh(156,157) d=0 terrain=10 cost=2.00
    neigh(157,157) d=1 terrain=10 cost=2.00
    neigh(157,158) d=2 terrain=10 cost=2.00
    neigh(157,159) d=3 terrain=10 cost=2.00
    neigh(156,159) d=4 terrain=10 cost=2.00
    neigh(155,159) d=5 terrain=10 cost=2.00
    neigh(155,158) d=6 terrain=10 cost=2.00
    neigh(155,157) d=7 terrain=10 cost=2.00
  expand #9: (154,157) boat=1 g=6.82 terrain=10 f_top=82.38
    neigh(154,156) d=0 terrain=10 cost=8.00
    neigh(155,156) d=1 terrain=10 cost=2.00
    neigh(155,157) d=2 terrain=10 cost=2.00
    neigh(155,158) d=3 terrain=10 cost=2.00
    neigh(154,158) d=4 terrain=10 cost=2.00
    neigh(153,158) d=5 terrain=10 cost=2.00
    neigh(153,157) d=6 terrain=10 cost=2.00
    neigh(153,156) d=7 terrain=10 cost=2.00
  expand #10: (158,156) boat=1 g=4.00 terrain=10 f_top=83.15
    neigh(158,155) d=0 terrain=10 cost=9.00
    neigh(159,155) d=1 terrain=10 cost=2.00
    neigh(159,156) d=2 terrain=10 cost=2.00
    neigh(159,157) d=3 terrain=10 cost=2.00
    neigh(158,157) d=4 terrain=10 cost=2.00
    neigh(157,157) d=5 terrain=10 cost=2.00
    neigh(157,156) d=6 terrain=10 cost=2.00
    neigh(157,155) d=7 terrain=10 cost=11.00
  expand #11: (153,157) boat=1 g=8.82 terrain=10 f_top=83.38
    neigh(153,156) d=0 terrain=10 cost=2.00
    neigh(154,156) d=1 terrain=10 cost=8.00
    neigh(154,157) d=2 terrain=10 cost=2.00
    neigh(154,158) d=3 terrain=10 cost=2.00
    neigh(153,158) d=4 terrain=10 cost=2.00
    neigh(152,158) d=5 terrain=10 cost=2.00
    neigh(152,157) d=6 terrain=10 cost=2.00
    neigh(152,156) d=7 terrain=10 cost=2.00
  expand #12: (155,158) boat=1 g=6.82 terrain=10 f_top=83.79
    neigh(155,157) d=0 terrain=10 cost=2.00
    neigh(156,157) d=1 terrain=10 cost=2.00
    neigh(156,158) d=2 terrain=10 cost=2.00
    neigh(156,159) d=3 terrain=10 cost=2.00
    neigh(155,159) d=4 terrain=10 cost=2.00
    neigh(154,159) d=5 terrain=10 cost=2.00
    neigh(154,158) d=6 terrain=10 cost=2.00
    neigh(154,157) d=7 terrain=10 cost=2.00
  expand #13: (153,159) boat=1 g=8.46 terrain=10 f_top=83.84
    neigh(153,158) d=0 terrain=10 cost=2.00
    neigh(154,158) d=1 terrain=10 cost=2.00
    neigh(154,159) d=2 terrain=10 cost=2.00
    neigh(154,160) d=3 terrain=10 cost=2.00
    neigh(153,160) d=4 terrain=10 cost=2.00
    neigh(152,160) d=5 terrain=10 cost=2.00
    neigh(152,159) d=6 terrain=10 cost=2.00
    neigh(152,158) d=7 terrain=10 cost=2.00
  expand #14: (156,159) boat=1 g=6.00 terrain=10 f_top=84.38
    neigh(156,158) d=0 terrain=10 cost=2.00
    neigh(157,158) d=1 terrain=10 cost=2.00
    neigh(157,159) d=2 terrain=10 cost=2.00
    neigh(157,160) d=3 terrain=10 cost=2.00
    neigh(156,160) d=4 terrain=10 cost=2.00
    neigh(155,160) d=5 terrain=10 cost=2.00
    neigh(155,159) d=6 terrain=10 cost=2.00
    neigh(155,158) d=7 terrain=10 cost=2.00
  expand #15: (152,157) boat=1 g=10.82 terrain=10 f_top=84.38
    neigh(152,156) d=0 terrain=10 cost=2.00
    neigh(153,156) d=1 terrain=10 cost=2.00
    neigh(153,157) d=2 terrain=10 cost=2.00
    neigh(153,158) d=3 terrain=10 cost=2.00
    neigh(152,158) d=4 terrain=10 cost=2.00
    neigh(151,158) d=5 terrain=10 cost=2.00
    neigh(151,157) d=6 terrain=10 cost=2.00
    neigh(151,156) d=7 terrain=10 cost=2.00
  expand #16: (153,158) boat=1 g=9.64 terrain=10 f_top=84.61
    neigh(153,157) d=0 terrain=10 cost=2.00
    neigh(154,157) d=1 terrain=10 cost=2.00
    neigh(154,158) d=2 terrain=10 cost=2.00
    neigh(154,159) d=3 terrain=10 cost=2.00
    neigh(153,159) d=4 terrain=10 cost=2.00
    neigh(152,159) d=5 terrain=10 cost=2.00
    neigh(152,158) d=6 terrain=10 cost=2.00
    neigh(152,157) d=7 terrain=10 cost=2.00
  expand #17: (154,156) boat=1 g=10.00 terrain=10 f_top=85.15
    neigh(154,155) d=0 terrain=10 cost=14.00
    neigh(155,155) d=1 terrain=10 cost=13.00
    neigh(155,156) d=2 terrain=10 cost=2.00
    neigh(155,157) d=3 terrain=10 cost=2.00
    neigh(154,157) d=4 terrain=10 cost=2.00
    neigh(153,157) d=5 terrain=10 cost=2.00
    neigh(153,156) d=6 terrain=10 cost=2.00
    neigh(153,155) d=7 terrain=10 cost=13.00
  expand #18: (151,157) boat=1 g=12.82 terrain=10 f_top=85.38
    neigh(151,156) d=0 terrain=10 cost=2.00
    neigh(152,156) d=1 terrain=10 cost=2.00
    neigh(152,157) d=2 terrain=10 cost=2.00
    neigh(152,158) d=3 terrain=10 cost=2.00
    neigh(151,158) d=4 terrain=10 cost=2.00
    neigh(150,158) d=5 terrain=10 cost=2.00
    neigh(150,157) d=6 terrain=10 cost=2.00
    neigh(150,156) d=7 terrain=10 cost=2.00
  expand #19: (152,158) boat=1 g=11.64 terrain=10 f_top=85.61
    neigh(152,157) d=0 terrain=10 cost=2.00
    neigh(153,157) d=1 terrain=10 cost=2.00
    neigh(153,158) d=2 terrain=10 cost=2.00
    neigh(153,159) d=3 terrain=10 cost=2.00
    neigh(152,159) d=4 terrain=10 cost=2.00
    neigh(151,159) d=5 terrain=10 cost=2.00
    neigh(151,158) d=6 terrain=10 cost=2.00
    neigh(151,157) d=7 terrain=10 cost=2.00
  expand #20: (158,158) boat=1 g=5.64 terrain=10 f_top=85.61
    neigh(158,157) d=0 terrain=10 cost=2.00
    neigh(159,157) d=1 terrain=10 cost=2.00
    neigh(159,158) d=2 terrain=10 cost=2.00
    neigh(159,159) d=3 terrain=10 cost=2.00
    neigh(158,159) d=4 terrain=10 cost=2.00
    neigh(157,159) d=5 terrain=10 cost=2.00
    neigh(157,158) d=6 terrain=10 cost=2.00
    neigh(157,157) d=7 terrain=10 cost=2.00
=== cost_to(172,100)->(94,135) boat=1 sh=40 tr=40 mn=40 arm=40 budget=16000 src_terrain=10 dst_terrain=7 ===
  expand #1: (172,100) boat=1 g=0.00 terrain=10 f_top=92.35
    neigh(172,99) d=0 terrain=10 cost=2.00
    neigh(173,99) d=1 terrain=10 cost=2.00
    neigh(173,100) d=2 terrain=10 cost=2.00
    neigh(173,101) d=3 terrain=10 cost=3.00
    neigh(172,101) d=4 terrain=10 cost=3.10
    neigh(171,101) d=5 terrain=10 cost=3.20
    neigh(171,100) d=6 terrain=10 cost=2.60
    neigh(171,99) d=7 terrain=10 cost=2.00
  expand #2: (171,100) boat=1 g=2.60 terrain=10 f_top=93.95
    neigh(171,99) d=0 terrain=10 cost=2.00
    neigh(172,99) d=1 terrain=10 cost=2.00
    neigh(172,100) d=2 terrain=10 cost=2.00
    neigh(172,101) d=3 terrain=10 cost=3.10
    neigh(171,101) d=4 terrain=10 cost=3.20
    neigh(170,101) d=5 terrain=10 cost=3.10
    neigh(170,100) d=6 terrain=10 cost=2.00
    neigh(170,99) d=7 terrain=10 cost=2.00
  expand #3: (171,99) boat=1 g=2.82 terrain=10 f_top=94.58
    neigh(171,98) d=0 terrain=10 cost=2.00
    neigh(172,98) d=1 terrain=10 cost=2.00
    neigh(172,99) d=2 terrain=10 cost=2.00
    neigh(172,100) d=3 terrain=10 cost=2.00
    neigh(171,100) d=4 terrain=10 cost=2.60
    neigh(170,100) d=5 terrain=10 cost=2.00
    neigh(170,99) d=6 terrain=10 cost=2.00
    neigh(170,98) d=7 terrain=10 cost=2.00
  expand #4: (172,99) boat=1 g=2.00 terrain=10 f_top=94.76
    neigh(172,98) d=0 terrain=10 cost=2.00
    neigh(173,98) d=1 terrain=10 cost=2.00
    neigh(173,99) d=2 terrain=10 cost=2.00
    neigh(173,100) d=3 terrain=10 cost=2.00
    neigh(172,100) d=4 terrain=10 cost=2.00
    neigh(171,100) d=5 terrain=10 cost=2.60
    neigh(171,99) d=6 terrain=10 cost=2.00
    neigh(171,98) d=7 terrain=10 cost=2.00
  expand #5: (170,100) boat=1 g=4.60 terrain=10 f_top=94.95
    neigh(170,99) d=0 terrain=10 cost=2.00
    neigh(171,99) d=1 terrain=10 cost=2.00
    neigh(171,100) d=2 terrain=10 cost=2.60
    neigh(171,101) d=3 terrain=10 cost=3.20
    neigh(170,101) d=4 terrain=10 cost=3.10
    neigh(169,101) d=5 terrain=10 cost=3.00
    neigh(169,100) d=6 terrain=10 cost=2.00
    neigh(169,99) d=7 terrain=10 cost=2.00
  expand #6: (172,101) boat=1 g=3.10 terrain=10 f_top=95.04
    neigh(172,100) d=0 terrain=10 cost=2.00
    neigh(173,100) d=1 terrain=10 cost=2.00
    neigh(173,101) d=2 terrain=10 cost=3.00
    neigh(173,102) d=3 terrain=1 cost=3.60
    neigh(172,102) d=4 terrain=1 cost=3.70
    neigh(171,102) d=5 terrain=1 cost=3.70
    neigh(171,101) d=6 terrain=10 cost=3.20
    neigh(171,100) d=7 terrain=10 cost=2.60
  expand #7: (173,100) boat=1 g=2.00 terrain=10 f_top=95.35
    neigh(173,99) d=0 terrain=10 cost=2.00
    neigh(174,99) d=1 terrain=10 cost=2.00
    neigh(174,100) d=2 terrain=10 cost=2.00
    neigh(174,101) d=3 terrain=10 cost=2.50
    neigh(173,101) d=4 terrain=10 cost=3.00
    neigh(172,101) d=5 terrain=10 cost=3.10
    neigh(172,100) d=6 terrain=10 cost=2.00
    neigh(172,99) d=7 terrain=10 cost=2.00
  expand #8: (171,101) boat=1 g=4.51 terrain=10 f_top=95.45
    neigh(171,100) d=0 terrain=10 cost=2.60
    neigh(172,100) d=1 terrain=10 cost=2.00
    neigh(172,101) d=2 terrain=10 cost=3.10
    neigh(172,102) d=3 terrain=1 cost=3.70
    neigh(171,102) d=4 terrain=1 cost=3.70
    neigh(170,102) d=5 terrain=1 cost=3.70
    neigh(170,101) d=6 terrain=10 cost=3.10
    neigh(170,100) d=7 terrain=10 cost=2.00
  expand #9: (169,100) boat=1 g=6.60 terrain=10 f_top=95.95
    neigh(169,99) d=0 terrain=10 cost=2.00
    neigh(170,99) d=1 terrain=10 cost=2.00
    neigh(170,100) d=2 terrain=10 cost=2.00
    neigh(170,101) d=3 terrain=10 cost=3.10
    neigh(169,101) d=4 terrain=10 cost=3.00
    neigh(168,101) d=5 terrain=10 cost=2.90
    neigh(168,100) d=6 terrain=10 cost=2.00
    neigh(168,99) d=7 terrain=10 cost=2.00
  expand #10: (173,99) boat=1 g=2.82 terrain=10 f_top=96.58
    neigh(173,98) d=0 terrain=10 cost=2.00
    neigh(174,98) d=1 terrain=10 cost=2.00
    neigh(174,99) d=2 terrain=10 cost=2.00
    neigh(174,100) d=3 terrain=10 cost=2.00
    neigh(173,100) d=4 terrain=10 cost=2.00
    neigh(172,100) d=5 terrain=10 cost=2.00
    neigh(172,99) d=6 terrain=10 cost=2.00
    neigh(172,98) d=7 terrain=10 cost=2.00
  expand #11: (170,98) boat=1 g=5.64 terrain=10 f_top=96.81
    neigh(170,97) d=0 terrain=10 cost=2.00
    neigh(171,97) d=1 terrain=10 cost=2.00
    neigh(171,98) d=2 terrain=10 cost=2.00
    neigh(171,99) d=3 terrain=10 cost=2.00
    neigh(170,99) d=4 terrain=10 cost=2.00
    neigh(169,99) d=5 terrain=10 cost=2.00
    neigh(169,98) d=6 terrain=10 cost=2.00
    neigh(169,97) d=7 terrain=10 cost=2.00
  expand #12: (168,100) boat=1 g=8.60 terrain=10 f_top=96.95
    neigh(168,99) d=0 terrain=10 cost=2.00
    neigh(169,99) d=1 terrain=10 cost=2.00
    neigh(169,100) d=2 terrain=10 cost=2.00
    neigh(169,101) d=3 terrain=10 cost=3.00
    neigh(168,101) d=4 terrain=10 cost=2.90
    neigh(167,101) d=5 terrain=10 cost=2.70
    neigh(167,100) d=6 terrain=10 cost=2.00
    neigh(167,99) d=7 terrain=10 cost=2.00
  expand #13: (172,98) boat=1 g=4.00 terrain=10 f_top=97.17
    neigh(172,97) d=0 terrain=10 cost=2.00
    neigh(173,97) d=1 terrain=10 cost=2.00
    neigh(173,98) d=2 terrain=10 cost=2.00
    neigh(173,99) d=3 terrain=10 cost=2.00
    neigh(172,99) d=4 terrain=10 cost=2.00
    neigh(171,99) d=5 terrain=10 cost=2.00
    neigh(171,98) d=6 terrain=10 cost=2.00
    neigh(171,97) d=7 terrain=10 cost=2.00
  expand #14: (173,101) boat=1 g=4.23 terrain=10 f_top=97.17
    neigh(173,100) d=0 terrain=10 cost=2.00
    neigh(174,100) d=1 terrain=10 cost=2.00
    neigh(174,101) d=2 terrain=10 cost=2.50
    neigh(174,102) d=3 terrain=1 cost=2.90
    neigh(173,102) d=4 terrain=1 cost=3.60
    neigh(172,102) d=5 terrain=1 cost=3.70
    neigh(172,101) d=6 terrain=10 cost=3.10
    neigh(172,100) d=7 terrain=10 cost=2.00
  expand #15: (170,99) boat=1 g=6.82 terrain=10 f_top=97.58
    neigh(170,98) d=0 terrain=10 cost=2.00
    neigh(171,98) d=1 terrain=10 cost=2.00
    neigh(171,99) d=2 terrain=10 cost=2.00
    neigh(171,100) d=3 terrain=10 cost=2.60
    neigh(170,100) d=4 terrain=10 cost=2.00
    neigh(169,100) d=5 terrain=10 cost=2.00
    neigh(169,99) d=6 terrain=10 cost=2.00
    neigh(169,98) d=7 terrain=10 cost=2.00
  expand #16: (167,100) boat=1 g=10.60 terrain=10 f_top=97.95
    neigh(167,99) d=0 terrain=10 cost=2.00
    neigh(168,99) d=1 terrain=10 cost=2.00
    neigh(168,100) d=2 terrain=10 cost=2.00
    neigh(168,101) d=3 terrain=10 cost=2.90
    neigh(167,101) d=4 terrain=10 cost=2.70
    neigh(166,101) d=5 terrain=10 cost=2.00
    neigh(166,100) d=6 terrain=10 cost=2.00
    neigh(166,99) d=7 terrain=10 cost=2.00
  expand #17: (172,102) boat=1 g=6.80 terrain=1 f_top=98.33
    neigh(172,101) d=0 terrain=10 cost=3.10
    neigh(173,101) d=1 terrain=10 cost=3.00
    neigh(173,102) d=2 terrain=1 cost=3.60
    neigh(172,103) d=4 terrain=2 cost=20.27
    neigh(171,102) d=6 terrain=1 cost=3.70
    neigh(171,101) d=7 terrain=10 cost=3.20
  expand #18: (174,100) boat=1 g=4.00 terrain=10 f_top=98.35
    neigh(174,99) d=0 terrain=10 cost=2.00
    neigh(175,99) d=1 terrain=10 cost=2.00
    neigh(175,100) d=2 terrain=10 cost=2.00
    neigh(175,101) d=3 terrain=10 cost=2.40
    neigh(174,101) d=4 terrain=10 cost=2.50
    neigh(173,101) d=5 terrain=10 cost=3.00
    neigh(173,100) d=6 terrain=10 cost=2.00
    neigh(173,99) d=7 terrain=10 cost=2.00
  expand #19: (169,99) boat=1 g=8.82 terrain=10 f_top=98.58
    neigh(169,98) d=0 terrain=10 cost=2.00
    neigh(170,98) d=1 terrain=10 cost=2.00
    neigh(170,99) d=2 terrain=10 cost=2.00
    neigh(170,100) d=3 terrain=10 cost=2.00
    neigh(169,100) d=4 terrain=10 cost=2.00
    neigh(168,100) d=5 terrain=10 cost=2.00
    neigh(168,99) d=6 terrain=10 cost=2.00
    neigh(168,98) d=7 terrain=10 cost=2.00
  expand #20: (166,100) boat=1 g=12.60 terrain=10 f_top=98.95
    neigh(166,99) d=0 terrain=10 cost=2.00
    neigh(167,99) d=1 terrain=10 cost=2.00
    neigh(167,100) d=2 terrain=10 cost=2.00
    neigh(167,101) d=3 terrain=10 cost=2.70
    neigh(166,101) d=4 terrain=10 cost=2.00
    neigh(165,101) d=5 terrain=10 cost=2.00
    neigh(165,100) d=6 terrain=10 cost=2.00
    neigh(165,99) d=7 terrain=10 cost=2.00
  FOUND dest at expand #12177, cost=247.45
  result=247.45 expanded=12177 open_remaining=1923 term=FOUND
  timing: init=40.9us search=3508.5us total=3549.4us  per-expand=0.29us
  heap: pushes=22731 pops=20808 stale_pops=8631 peak_open=1931
  neigh: total=97408 oob=0 diag_blocked=1255 cost_inf=121 already_closed=46598 worse_g=26704 relaxed=22730

  FOUND dest at expand #13036, cost=251.94
  result=251.94 expanded=13036 open_remaining=2239 term=FOUND
  timing: init=42.1us search=3738.9us total=3781.0us  per-expand=0.29us
  heap: pushes=24213 pops=21974 stale_pops=8938 peak_open=2240
  neigh: total=104280 oob=0 diag_blocked=1195 cost_inf=88 already_closed=49780 worse_g=29005 relaxed=24212

=== cost_to(172,100)->(94,128) boat=1 sh=40 tr=40 mn=40 arm=40 budget=16000 src_terrain=10 dst_terrain=7 ===
  expand #1: (172,100) boat=1 g=0.00 terrain=10 f_top=89.48
    neigh(172,99) d=0 terrain=10 cost=2.00
    neigh(173,99) d=1 terrain=10 cost=2.00
    neigh(173,100) d=2 terrain=10 cost=2.00
    neigh(173,101) d=3 terrain=10 cost=3.00
    neigh(172,101) d=4 terrain=10 cost=3.10
    neigh(171,101) d=5 terrain=10 cost=3.20
    neigh(171,100) d=6 terrain=10 cost=2.60
    neigh(171,99) d=7 terrain=10 cost=2.00
  expand #2: (171,100) boat=1 g=2.60 terrain=10 f_top=91.08
    neigh(171,99) d=0 terrain=10 cost=2.00
    neigh(172,99) d=1 terrain=10 cost=2.00
    neigh(172,100) d=2 terrain=10 cost=2.00
    neigh(172,101) d=3 terrain=10 cost=3.10
    neigh(171,101) d=4 terrain=10 cost=3.20
    neigh(170,101) d=5 terrain=10 cost=3.10
    neigh(170,100) d=6 terrain=10 cost=2.00
    neigh(170,99) d=7 terrain=10 cost=2.00
  expand #3: (171,99) boat=1 g=2.82 terrain=10 f_top=91.71
    neigh(171,98) d=0 terrain=10 cost=2.00
    neigh(172,98) d=1 terrain=10 cost=2.00
    neigh(172,99) d=2 terrain=10 cost=2.00
    neigh(172,100) d=3 terrain=10 cost=2.00
    neigh(171,100) d=4 terrain=10 cost=2.60
    neigh(170,100) d=5 terrain=10 cost=2.00
    neigh(170,99) d=6 terrain=10 cost=2.00
    neigh(170,98) d=7 terrain=10 cost=2.00
  expand #4: (172,99) boat=1 g=2.00 terrain=10 f_top=91.89
    neigh(172,98) d=0 terrain=10 cost=2.00
    neigh(173,98) d=1 terrain=10 cost=2.00
    neigh(173,99) d=2 terrain=10 cost=2.00
    neigh(173,100) d=3 terrain=10 cost=2.00
    neigh(172,100) d=4 terrain=10 cost=2.00
    neigh(171,100) d=5 terrain=10 cost=2.60
    neigh(171,99) d=6 terrain=10 cost=2.00
    neigh(171,98) d=7 terrain=10 cost=2.00
  expand #5: (170,100) boat=1 g=4.60 terrain=10 f_top=92.08
    neigh(170,99) d=0 terrain=10 cost=2.00
    neigh(171,99) d=1 terrain=10 cost=2.00
    neigh(171,100) d=2 terrain=10 cost=2.60
    neigh(171,101) d=3 terrain=10 cost=3.20
    neigh(170,101) d=4 terrain=10 cost=3.10
    neigh(169,101) d=5 terrain=10 cost=3.00
    neigh(169,100) d=6 terrain=10 cost=2.00
    neigh(169,99) d=7 terrain=10 cost=2.00
  expand #6: (172,101) boat=1 g=3.10 terrain=10 f_top=92.17
    neigh(172,100) d=0 terrain=10 cost=2.00
    neigh(173,100) d=1 terrain=10 cost=2.00
    neigh(173,101) d=2 terrain=10 cost=3.00
    neigh(173,102) d=3 terrain=1 cost=3.60
    neigh(172,102) d=4 terrain=1 cost=3.70
    neigh(171,102) d=5 terrain=1 cost=3.70
    neigh(171,101) d=6 terrain=10 cost=3.20
    neigh(171,100) d=7 terrain=10 cost=2.60
  expand #7: (173,100) boat=1 g=2.00 terrain=10 f_top=92.48
    neigh(173,99) d=0 terrain=10 cost=2.00
    neigh(174,99) d=1 terrain=10 cost=2.00
    neigh(174,100) d=2 terrain=10 cost=2.00
    neigh(174,101) d=3 terrain=10 cost=2.50
    neigh(173,101) d=4 terrain=10 cost=3.00
    neigh(172,101) d=5 terrain=10 cost=3.10
    neigh(172,100) d=6 terrain=10 cost=2.00
    neigh(172,99) d=7 terrain=10 cost=2.00
  expand #8: (171,101) boat=1 g=4.51 terrain=10 f_top=92.58
    neigh(171,100) d=0 terrain=10 cost=2.60
    neigh(172,100) d=1 terrain=10 cost=2.00
    neigh(172,101) d=2 terrain=10 cost=3.10
    neigh(172,102) d=3 terrain=1 cost=3.70
    neigh(171,102) d=4 terrain=1 cost=3.70
    neigh(170,102) d=5 terrain=1 cost=3.70
    neigh(170,101) d=6 terrain=10 cost=3.10
    neigh(170,100) d=7 terrain=10 cost=2.00
  expand #9: (169,100) boat=1 g=6.60 terrain=10 f_top=93.08
    neigh(169,99) d=0 terrain=10 cost=2.00
    neigh(170,99) d=1 terrain=10 cost=2.00
    neigh(170,100) d=2 terrain=10 cost=2.00
    neigh(170,101) d=3 terrain=10 cost=3.10
    neigh(169,101) d=4 terrain=10 cost=3.00
    neigh(168,101) d=5 terrain=10 cost=2.90
    neigh(168,100) d=6 terrain=10 cost=2.00
    neigh(168,99) d=7 terrain=10 cost=2.00
  expand #10: (173,99) boat=1 g=2.82 terrain=10 f_top=93.71
    neigh(173,98) d=0 terrain=10 cost=2.00
    neigh(174,98) d=1 terrain=10 cost=2.00
    neigh(174,99) d=2 terrain=10 cost=2.00
    neigh(174,100) d=3 terrain=10 cost=2.00
    neigh(173,100) d=4 terrain=10 cost=2.00
    neigh(172,100) d=5 terrain=10 cost=2.00
    neigh(172,99) d=6 terrain=10 cost=2.00
    neigh(172,98) d=7 terrain=10 cost=2.00
  expand #11: (170,98) boat=1 g=5.64 terrain=10 f_top=93.94
    neigh(170,97) d=0 terrain=10 cost=2.00
    neigh(171,97) d=1 terrain=10 cost=2.00
    neigh(171,98) d=2 terrain=10 cost=2.00
    neigh(171,99) d=3 terrain=10 cost=2.00
    neigh(170,99) d=4 terrain=10 cost=2.00
    neigh(169,99) d=5 terrain=10 cost=2.00
    neigh(169,98) d=6 terrain=10 cost=2.00
    neigh(169,97) d=7 terrain=10 cost=2.00
  expand #12: (168,100) boat=1 g=8.60 terrain=10 f_top=94.08
    neigh(168,99) d=0 terrain=10 cost=2.00
    neigh(169,99) d=1 terrain=10 cost=2.00
    neigh(169,100) d=2 terrain=10 cost=2.00
    neigh(169,101) d=3 terrain=10 cost=3.00
    neigh(168,101) d=4 terrain=10 cost=2.90
    neigh(167,101) d=5 terrain=10 cost=2.70
    neigh(167,100) d=6 terrain=10 cost=2.00
    neigh(167,99) d=7 terrain=10 cost=2.00
  expand #13: (172,98) boat=1 g=4.00 terrain=10 f_top=94.30
    neigh(172,97) d=0 terrain=10 cost=2.00
    neigh(173,97) d=1 terrain=10 cost=2.00
    neigh(173,98) d=2 terrain=10 cost=2.00
    neigh(173,99) d=3 terrain=10 cost=2.00
    neigh(172,99) d=4 terrain=10 cost=2.00
    neigh(171,99) d=5 terrain=10 cost=2.00
    neigh(171,98) d=6 terrain=10 cost=2.00
    neigh(171,97) d=7 terrain=10 cost=2.00
  expand #14: (173,101) boat=1 g=4.23 terrain=10 f_top=94.30
    neigh(173,100) d=0 terrain=10 cost=2.00
    neigh(174,100) d=1 terrain=10 cost=2.00
    neigh(174,101) d=2 terrain=10 cost=2.50
    neigh(174,102) d=3 terrain=1 cost=2.90
    neigh(173,102) d=4 terrain=1 cost=3.60
    neigh(172,102) d=5 terrain=1 cost=3.70
    neigh(172,101) d=6 terrain=10 cost=3.10
    neigh(172,100) d=7 terrain=10 cost=2.00
  expand #15: (170,99) boat=1 g=6.82 terrain=10 f_top=94.71
    neigh(170,98) d=0 terrain=10 cost=2.00
    neigh(171,98) d=1 terrain=10 cost=2.00
    neigh(171,99) d=2 terrain=10 cost=2.00
    neigh(171,100) d=3 terrain=10 cost=2.60
    neigh(170,100) d=4 terrain=10 cost=2.00
    neigh(169,100) d=5 terrain=10 cost=2.00
    neigh(169,99) d=6 terrain=10 cost=2.00
    neigh(169,98) d=7 terrain=10 cost=2.00
  expand #16: (167,100) boat=1 g=10.60 terrain=10 f_top=95.08
    neigh(167,99) d=0 terrain=10 cost=2.00
    neigh(168,99) d=1 terrain=10 cost=2.00
    neigh(168,100) d=2 terrain=10 cost=2.00
    neigh(168,101) d=3 terrain=10 cost=2.90
    neigh(167,101) d=4 terrain=10 cost=2.70
    neigh(166,101) d=5 terrain=10 cost=2.00
    neigh(166,100) d=6 terrain=10 cost=2.00
    neigh(166,99) d=7 terrain=10 cost=2.00
  expand #17: (172,102) boat=1 g=6.80 terrain=1 f_top=95.46
    neigh(172,101) d=0 terrain=10 cost=3.10
    neigh(173,101) d=1 terrain=10 cost=3.00
    neigh(173,102) d=2 terrain=1 cost=3.60
    neigh(172,103) d=4 terrain=2 cost=20.27
    neigh(171,102) d=6 terrain=1 cost=3.70
    neigh(171,101) d=7 terrain=10 cost=3.20
  expand #18: (174,100) boat=1 g=4.00 terrain=10 f_top=95.48
    neigh(174,99) d=0 terrain=10 cost=2.00
    neigh(175,99) d=1 terrain=10 cost=2.00
    neigh(175,100) d=2 terrain=10 cost=2.00
    neigh(175,101) d=3 terrain=10 cost=2.40
    neigh(174,101) d=4 terrain=10 cost=2.50
    neigh(173,101) d=5 terrain=10 cost=3.00
    neigh(173,100) d=6 terrain=10 cost=2.00
    neigh(173,99) d=7 terrain=10 cost=2.00
  expand #19: (169,99) boat=1 g=8.82 terrain=10 f_top=95.71
    neigh(169,98) d=0 terrain=10 cost=2.00
    neigh(170,98) d=1 terrain=10 cost=2.00
    neigh(170,99) d=2 terrain=10 cost=2.00
    neigh(170,100) d=3 terrain=10 cost=2.00
    neigh(169,100) d=4 terrain=10 cost=2.00
    neigh(168,100) d=5 terrain=10 cost=2.00
    neigh(168,99) d=6 terrain=10 cost=2.00
    neigh(168,98) d=7 terrain=10 cost=2.00
  expand #20: (166,100) boat=1 g=12.60 terrain=10 f_top=96.08
    neigh(166,99) d=0 terrain=10 cost=2.00
    neigh(167,99) d=1 terrain=10 cost=2.00
    neigh(167,100) d=2 terrain=10 cost=2.00
    neigh(167,101) d=3 terrain=10 cost=2.70
    neigh(166,101) d=4 terrain=10 cost=2.00
    neigh(165,101) d=5 terrain=10 cost=2.00
    neigh(165,100) d=6 terrain=10 cost=2.00
    neigh(165,99) d=7 terrain=10 cost=2.00
  FOUND dest at expand #11146, cost=236.05
  result=236.05 expanded=11146 open_remaining=2102 term=FOUND
  timing: init=29.3us search=3298.9us total=3328.2us  per-expand=0.30us
  heap: pushes=20791 pops=18689 stale_pops=7543 peak_open=2107
  neigh: total=89160 oob=0 diag_blocked=1021 cost_inf=71 already_closed=42296 worse_g=24982 relaxed=20790

=== cost_to(156,156)->(95,109) boat=1 sh=40 tr=40 mn=40 arm=40 budget=16000 src_terrain=10 dst_terrain=5 ===
  expand #1: (156,156) boat=1 g=0.00 terrain=10 f_top=80.27
    neigh(156,155) d=0 terrain=10 cost=3.00
    neigh(157,155) d=1 terrain=10 cost=2.90
    neigh(157,156) d=2 terrain=10 cost=2.00
    neigh(157,157) d=3 terrain=10 cost=2.00
    neigh(156,157) d=4 terrain=10 cost=2.00
    neigh(155,157) d=5 terrain=10 cost=2.00
    neigh(155,156) d=6 terrain=10 cost=2.00
    neigh(155,155) d=7 terrain=10 cost=3.10
  expand #2: (155,156) boat=1 g=2.00 terrain=10 f_top=81.27
    neigh(155,155) d=0 terrain=10 cost=3.10
    neigh(156,155) d=1 terrain=10 cost=3.00
    neigh(156,156) d=2 terrain=10 cost=2.00
    neigh(156,157) d=3 terrain=10 cost=2.00
    neigh(155,157) d=4 terrain=10 cost=2.00
    neigh(154,157) d=5 terrain=10 cost=2.00
    neigh(154,156) d=6 terrain=10 cost=2.60
    neigh(154,155) d=7 terrain=10 cost=3.20
  expand #3: (155,157) boat=1 g=2.82 terrain=10 f_top=82.50
    neigh(155,156) d=0 terrain=10 cost=2.00
    neigh(156,156) d=1 terrain=10 cost=2.00
    neigh(156,157) d=2 terrain=10 cost=2.00
    neigh(156,158) d=3 terrain=10 cost=2.00
    neigh(155,158) d=4 terrain=10 cost=2.00
    neigh(154,158) d=5 terrain=10 cost=2.00
    neigh(154,157) d=6 terrain=10 cost=2.00
    neigh(154,156) d=7 terrain=10 cost=2.60
  expand #4: (156,157) boat=1 g=2.00 terrain=10 f_top=82.68
    neigh(156,156) d=0 terrain=10 cost=2.00
    neigh(157,156) d=1 terrain=10 cost=2.00
    neigh(157,157) d=2 terrain=10 cost=2.00
    neigh(157,158) d=3 terrain=10 cost=2.00
    neigh(156,158) d=4 terrain=10 cost=2.00
    neigh(155,158) d=5 terrain=10 cost=2.00
    neigh(155,157) d=6 terrain=10 cost=2.00
    neigh(155,156) d=7 terrain=10 cost=2.00
  expand #5: (156,155) boat=1 g=3.00 terrain=10 f_top=82.86
    neigh(156,154) d=0 terrain=10 cost=3.60
    neigh(157,154) d=1 terrain=10 cost=3.40
    neigh(157,155) d=2 terrain=10 cost=2.90
    neigh(157,156) d=3 terrain=10 cost=2.00
    neigh(156,156) d=4 terrain=10 cost=2.00
    neigh(155,156) d=5 terrain=10 cost=2.00
    neigh(155,155) d=6 terrain=10 cost=3.10
    neigh(155,154) d=7 terrain=10 cost=3.70
  expand #6: (154,156) boat=1 g=4.60 terrain=10 f_top=82.87
    neigh(154,155) d=0 terrain=10 cost=3.20
    neigh(155,155) d=1 terrain=10 cost=3.10
    neigh(155,156) d=2 terrain=10 cost=2.00
    neigh(155,157) d=3 terrain=10 cost=2.00
    neigh(154,157) d=4 terrain=10 cost=2.00
    neigh(153,157) d=5 terrain=10 cost=2.00
    neigh(153,156) d=6 terrain=10 cost=2.00
    neigh(153,155) d=7 terrain=10 cost=3.10
  expand #7: (155,155) boat=1 g=4.37 terrain=10 f_top=83.23
    neigh(155,154) d=0 terrain=10 cost=3.70
    neigh(156,154) d=1 terrain=10 cost=3.60
    neigh(156,155) d=2 terrain=10 cost=3.00
    neigh(156,156) d=3 terrain=10 cost=2.00
    neigh(155,156) d=4 terrain=10 cost=2.00
    neigh(154,156) d=5 terrain=10 cost=2.60
    neigh(154,155) d=6 terrain=10 cost=3.20
    neigh(154,154) d=7 terrain=10 cost=3.70
  expand #8: (157,156) boat=1 g=2.00 terrain=10 f_top=83.27
    neigh(157,155) d=0 terrain=10 cost=2.90
    neigh(158,155) d=1 terrain=10 cost=2.70
    neigh(158,156) d=2 terrain=10 cost=2.00
    neigh(158,157) d=3 terrain=10 cost=2.00
    neigh(157,157) d=4 terrain=10 cost=2.00
    neigh(156,157) d=5 terrain=10 cost=2.00
    neigh(156,156) d=6 terrain=10 cost=2.00
    neigh(156,155) d=7 terrain=10 cost=3.00
  expand #9: (153,156) boat=1 g=6.60 terrain=10 f_top=83.87
    neigh(153,155) d=0 terrain=10 cost=3.10
    neigh(154,155) d=1 terrain=10 cost=3.20
    neigh(154,156) d=2 terrain=10 cost=2.60
    neigh(154,157) d=3 terrain=10 cost=2.00
    neigh(153,157) d=4 terrain=10 cost=2.00
    neigh(152,157) d=5 terrain=10 cost=2.00
    neigh(152,156) d=6 terrain=10 cost=2.00
    neigh(152,155) d=7 terrain=10 cost=3.00
  expand #10: (157,157) boat=1 g=2.82 terrain=10 f_top=84.50
    neigh(157,156) d=0 terrain=10 cost=2.00
    neigh(158,156) d=1 terrain=10 cost=2.00
    neigh(158,157) d=2 terrain=10 cost=2.00
    neigh(158,158) d=3 terrain=10 cost=2.00
    neigh(157,158) d=4 terrain=10 cost=2.00
    neigh(156,158) d=5 terrain=10 cost=2.00
    neigh(156,157) d=6 terrain=10 cost=2.00
    neigh(156,156) d=7 terrain=10 cost=2.00
  expand #11: (154,158) boat=1 g=5.64 terrain=10 f_top=84.73
    neigh(154,157) d=0 terrain=10 cost=2.00
    neigh(155,157) d=1 terrain=10 cost=2.00
    neigh(155,158) d=2 terrain=10 cost=2.00
    neigh(155,159) d=3 terrain=10 cost=2.00
    neigh(154,159) d=4 terrain=10 cost=2.00
    neigh(153,159) d=5 terrain=10 cost=2.00
    neigh(153,158) d=6 terrain=10 cost=2.00
    neigh(153,157) d=7 terrain=10 cost=2.00
  expand #12: (152,156) boat=1 g=8.60 terrain=10 f_top=84.87
    neigh(152,155) d=0 terrain=10 cost=3.00
    neigh(153,155) d=1 terrain=10 cost=3.10
    neigh(153,156) d=2 terrain=10 cost=2.00
    neigh(153,157) d=3 terrain=10 cost=2.00
    neigh(152,157) d=4 terrain=10 cost=2.00
    neigh(151,157) d=5 terrain=10 cost=2.00
    neigh(151,156) d=6 terrain=10 cost=2.00
    neigh(151,155) d=7 terrain=10 cost=2.90
  expand #13: (157,155) boat=1 g=4.09 terrain=10 f_top=84.95
    neigh(157,154) d=0 terrain=10 cost=3.40
    neigh(158,154) d=1 terrain=10 cost=3.20
    neigh(158,155) d=2 terrain=10 cost=2.70
    neigh(158,156) d=3 terrain=10 cost=2.00
    neigh(157,156) d=4 terrain=10 cost=2.00
    neigh(156,156) d=5 terrain=10 cost=2.00
    neigh(156,155) d=6 terrain=10 cost=3.00
    neigh(156,154) d=7 terrain=10 cost=3.60
  expand #14: (156,158) boat=1 g=4.00 terrain=10 f_top=85.09
    neigh(156,157) d=0 terrain=10 cost=2.00
    neigh(157,157) d=1 terrain=10 cost=2.00
    neigh(157,158) d=2 terrain=10 cost=2.00
    neigh(157,159) d=3 terrain=10 cost=2.00
    neigh(156,159) d=4 terrain=10 cost=2.00
    neigh(155,159) d=5 terrain=10 cost=2.00
    neigh(155,158) d=6 terrain=10 cost=2.00
    neigh(155,157) d=7 terrain=10 cost=2.00
  expand #15: (154,157) boat=1 g=6.82 terrain=10 f_top=85.50
    neigh(154,156) d=0 terrain=10 cost=2.60
    neigh(155,156) d=1 terrain=10 cost=2.00
    neigh(155,157) d=2 terrain=10 cost=2.00
    neigh(155,158) d=3 terrain=10 cost=2.00
    neigh(154,158) d=4 terrain=10 cost=2.00
    neigh(153,158) d=5 terrain=10 cost=2.00
    neigh(153,157) d=6 terrain=10 cost=2.00
    neigh(153,156) d=7 terrain=10 cost=2.00
  expand #16: (151,156) boat=1 g=10.60 terrain=10 f_top=85.87
    neigh(151,155) d=0 terrain=10 cost=2.90
    neigh(152,155) d=1 terrain=10 cost=3.00
    neigh(152,156) d=2 terrain=10 cost=2.00
    neigh(152,157) d=3 terrain=10 cost=2.00
    neigh(151,157) d=4 terrain=10 cost=2.00
    neigh(150,157) d=5 terrain=10 cost=2.00
    neigh(150,156) d=6 terrain=10 cost=2.00
    neigh(150,155) d=7 terrain=10 cost=2.70
  expand #17: (156,154) boat=1 g=6.60 terrain=10 f_top=86.05
    neigh(156,153) d=0 terrain=1 cost=4.20
    neigh(157,153) d=1 terrain=1 cost=4.00
    neigh(157,154) d=2 terrain=10 cost=3.40
    neigh(157,155) d=3 terrain=10 cost=2.90
    neigh(156,155) d=4 terrain=10 cost=3.00
    neigh(155,155) d=5 terrain=10 cost=3.10
    neigh(155,154) d=6 terrain=10 cost=3.70
    neigh(155,153) d=7 terrain=1 cost=4.30
  expand #18: (158,156) boat=1 g=4.00 terrain=10 f_top=86.27
    neigh(158,155) d=0 terrain=10 cost=2.70
    neigh(159,155) d=1 terrain=10 cost=2.00
    neigh(159,156) d=2 terrain=10 cost=2.00
    neigh(159,157) d=3 terrain=10 cost=2.00
    neigh(158,157) d=4 terrain=10 cost=2.00
    neigh(157,157) d=5 terrain=10 cost=2.00
    neigh(157,156) d=6 terrain=10 cost=2.00
    neigh(157,155) d=7 terrain=10 cost=2.90
  expand #19: (153,157) boat=1 g=8.82 terrain=10 f_top=86.50
    neigh(153,156) d=0 terrain=10 cost=2.00
    neigh(154,156) d=1 terrain=10 cost=2.60
    neigh(154,157) d=2 terrain=10 cost=2.00
    neigh(154,158) d=3 terrain=10 cost=2.00
    neigh(153,158) d=4 terrain=10 cost=2.00
    neigh(152,158) d=5 terrain=10 cost=2.00
    neigh(152,157) d=6 terrain=10 cost=2.00
    neigh(152,156) d=7 terrain=10 cost=2.00
  expand #20: (150,156) boat=1 g=12.60 terrain=10 f_top=86.87
    neigh(150,155) d=0 terrain=10 cost=2.70
    neigh(151,155) d=1 terrain=10 cost=2.90
    neigh(151,156) d=2 terrain=10 cost=2.00
    neigh(151,157) d=3 terrain=10 cost=2.00
    neigh(150,157) d=4 terrain=10 cost=2.00
    neigh(149,157) d=5 terrain=10 cost=2.00
    neigh(149,156) d=6 terrain=10 cost=2.00
    neigh(149,155) d=7 terrain=10 cost=2.00
  FOUND dest at expand #12900, cost=251.62
  result=251.62 expanded=12900 open_remaining=2063 term=FOUND
  timing: init=39.5us search=3720.6us total=3760.1us  per-expand=0.29us
  heap: pushes=23814 pops=21751 stale_pops=8851 peak_open=2067
  neigh: total=103192 oob=0 diag_blocked=1683 cost_inf=114 already_closed=49381 worse_g=28201 relaxed=23813

=== cost_to(156,156)->(99,110) boat=1 sh=40 tr=40 mn=40 arm=40 budget=16000 src_terrain=10 dst_terrain=7 ===
  expand #1: (156,156) boat=1 g=0.00 terrain=10 f_top=75.86
    neigh(156,155) d=0 terrain=10 cost=3.00
    neigh(157,155) d=1 terrain=10 cost=2.90
    neigh(157,156) d=2 terrain=10 cost=2.00
    neigh(157,157) d=3 terrain=10 cost=2.00
    neigh(156,157) d=4 terrain=10 cost=2.00
    neigh(155,157) d=5 terrain=10 cost=2.00
    neigh(155,156) d=6 terrain=10 cost=2.00
    neigh(155,155) d=7 terrain=10 cost=3.10
  expand #2: (155,156) boat=1 g=2.00 terrain=10 f_top=76.86
    neigh(155,155) d=0 terrain=10 cost=3.10
    neigh(156,155) d=1 terrain=10 cost=3.00
    neigh(156,156) d=2 terrain=10 cost=2.00
    neigh(156,157) d=3 terrain=10 cost=2.00
    neigh(155,157) d=4 terrain=10 cost=2.00
    neigh(154,157) d=5 terrain=10 cost=2.00
    neigh(154,156) d=6 terrain=10 cost=2.60
    neigh(154,155) d=7 terrain=10 cost=3.20
  expand #3: (155,157) boat=1 g=2.82 terrain=10 f_top=78.09
    neigh(155,156) d=0 terrain=10 cost=2.00
    neigh(156,156) d=1 terrain=10 cost=2.00
    neigh(156,157) d=2 terrain=10 cost=2.00
    neigh(156,158) d=3 terrain=10 cost=2.00
    neigh(155,158) d=4 terrain=10 cost=2.00
    neigh(154,158) d=5 terrain=10 cost=2.00
    neigh(154,157) d=6 terrain=10 cost=2.00
    neigh(154,156) d=7 terrain=10 cost=2.60
  expand #4: (156,157) boat=1 g=2.00 terrain=10 f_top=78.27
    neigh(156,156) d=0 terrain=10 cost=2.00
    neigh(157,156) d=1 terrain=10 cost=2.00
    neigh(157,157) d=2 terrain=10 cost=2.00
    neigh(157,158) d=3 terrain=10 cost=2.00
    neigh(156,158) d=4 terrain=10 cost=2.00
    neigh(155,158) d=5 terrain=10 cost=2.00
    neigh(155,157) d=6 terrain=10 cost=2.00
    neigh(155,156) d=7 terrain=10 cost=2.00
  expand #5: (156,155) boat=1 g=3.00 terrain=10 f_top=78.45
    neigh(156,154) d=0 terrain=10 cost=3.60
    neigh(157,154) d=1 terrain=10 cost=3.40
    neigh(157,155) d=2 terrain=10 cost=2.90
    neigh(157,156) d=3 terrain=10 cost=2.00
    neigh(156,156) d=4 terrain=10 cost=2.00
    neigh(155,156) d=5 terrain=10 cost=2.00
    neigh(155,155) d=6 terrain=10 cost=3.10
    neigh(155,154) d=7 terrain=10 cost=3.70
  expand #6: (154,156) boat=1 g=4.60 terrain=10 f_top=78.46
    neigh(154,155) d=0 terrain=10 cost=3.20
    neigh(155,155) d=1 terrain=10 cost=3.10
    neigh(155,156) d=2 terrain=10 cost=2.00
    neigh(155,157) d=3 terrain=10 cost=2.00
    neigh(154,157) d=4 terrain=10 cost=2.00
    neigh(153,157) d=5 terrain=10 cost=2.00
    neigh(153,156) d=6 terrain=10 cost=2.00
    neigh(153,155) d=7 terrain=10 cost=3.10
  expand #7: (155,155) boat=1 g=4.37 terrain=10 f_top=78.82
    neigh(155,154) d=0 terrain=10 cost=3.70
    neigh(156,154) d=1 terrain=10 cost=3.60
    neigh(156,155) d=2 terrain=10 cost=3.00
    neigh(156,156) d=3 terrain=10 cost=2.00
    neigh(155,156) d=4 terrain=10 cost=2.00
    neigh(154,156) d=5 terrain=10 cost=2.60
    neigh(154,155) d=6 terrain=10 cost=3.20
    neigh(154,154) d=7 terrain=10 cost=3.70
  expand #8: (157,156) boat=1 g=2.00 terrain=10 f_top=78.86
    neigh(157,155) d=0 terrain=10 cost=2.90
    neigh(158,155) d=1 terrain=10 cost=2.70
    neigh(158,156) d=2 terrain=10 cost=2.00
    neigh(158,157) d=3 terrain=10 cost=2.00
    neigh(157,157) d=4 terrain=10 cost=2.00
    neigh(156,157) d=5 terrain=10 cost=2.00
    neigh(156,156) d=6 terrain=10 cost=2.00
    neigh(156,155) d=7 terrain=10 cost=3.00
  expand #9: (153,156) boat=1 g=6.60 terrain=10 f_top=79.46
    neigh(153,155) d=0 terrain=10 cost=3.10
    neigh(154,155) d=1 terrain=10 cost=3.20
    neigh(154,156) d=2 terrain=10 cost=2.60
    neigh(154,157) d=3 terrain=10 cost=2.00
    neigh(153,157) d=4 terrain=10 cost=2.00
    neigh(152,157) d=5 terrain=10 cost=2.00
    neigh(152,156) d=6 terrain=10 cost=2.00
    neigh(152,155) d=7 terrain=10 cost=3.00
  expand #10: (157,157) boat=1 g=2.82 terrain=10 f_top=80.09
    neigh(157,156) d=0 terrain=10 cost=2.00
    neigh(158,156) d=1 terrain=10 cost=2.00
    neigh(158,157) d=2 terrain=10 cost=2.00
    neigh(158,158) d=3 terrain=10 cost=2.00
    neigh(157,158) d=4 terrain=10 cost=2.00
    neigh(156,158) d=5 terrain=10 cost=2.00
    neigh(156,157) d=6 terrain=10 cost=2.00
    neigh(156,156) d=7 terrain=10 cost=2.00
  expand #11: (154,158) boat=1 g=5.64 terrain=10 f_top=80.32
    neigh(154,157) d=0 terrain=10 cost=2.00
    neigh(155,157) d=1 terrain=10 cost=2.00
    neigh(155,158) d=2 terrain=10 cost=2.00
    neigh(155,159) d=3 terrain=10 cost=2.00
    neigh(154,159) d=4 terrain=10 cost=2.00
    neigh(153,159) d=5 terrain=10 cost=2.00
    neigh(153,158) d=6 terrain=10 cost=2.00
    neigh(153,157) d=7 terrain=10 cost=2.00
  expand #12: (152,156) boat=1 g=8.60 terrain=10 f_top=80.46
    neigh(152,155) d=0 terrain=10 cost=3.00
    neigh(153,155) d=1 terrain=10 cost=3.10
    neigh(153,156) d=2 terrain=10 cost=2.00
    neigh(153,157) d=3 terrain=10 cost=2.00
    neigh(152,157) d=4 terrain=10 cost=2.00
    neigh(151,157) d=5 terrain=10 cost=2.00
    neigh(151,156) d=6 terrain=10 cost=2.00
    neigh(151,155) d=7 terrain=10 cost=2.90
  expand #13: (157,155) boat=1 g=4.09 terrain=10 f_top=80.54
    neigh(157,154) d=0 terrain=10 cost=3.40
    neigh(158,154) d=1 terrain=10 cost=3.20
    neigh(158,155) d=2 terrain=10 cost=2.70
    neigh(158,156) d=3 terrain=10 cost=2.00
    neigh(157,156) d=4 terrain=10 cost=2.00
    neigh(156,156) d=5 terrain=10 cost=2.00
    neigh(156,155) d=6 terrain=10 cost=3.00
    neigh(156,154) d=7 terrain=10 cost=3.60
  expand #14: (156,158) boat=1 g=4.00 terrain=10 f_top=80.68
    neigh(156,157) d=0 terrain=10 cost=2.00
    neigh(157,157) d=1 terrain=10 cost=2.00
    neigh(157,158) d=2 terrain=10 cost=2.00
    neigh(157,159) d=3 terrain=10 cost=2.00
    neigh(156,159) d=4 terrain=10 cost=2.00
    neigh(155,159) d=5 terrain=10 cost=2.00
    neigh(155,158) d=6 terrain=10 cost=2.00
    neigh(155,157) d=7 terrain=10 cost=2.00
  expand #15: (154,157) boat=1 g=6.82 terrain=10 f_top=81.09
    neigh(154,156) d=0 terrain=10 cost=2.60
    neigh(155,156) d=1 terrain=10 cost=2.00
    neigh(155,157) d=2 terrain=10 cost=2.00
    neigh(155,158) d=3 terrain=10 cost=2.00
    neigh(154,158) d=4 terrain=10 cost=2.00
    neigh(153,158) d=5 terrain=10 cost=2.00
    neigh(153,157) d=6 terrain=10 cost=2.00
    neigh(153,156) d=7 terrain=10 cost=2.00
  expand #16: (151,156) boat=1 g=10.60 terrain=10 f_top=81.46
    neigh(151,155) d=0 terrain=10 cost=2.90
    neigh(152,155) d=1 terrain=10 cost=3.00
    neigh(152,156) d=2 terrain=10 cost=2.00
    neigh(152,157) d=3 terrain=10 cost=2.00
    neigh(151,157) d=4 terrain=10 cost=2.00
    neigh(150,157) d=5 terrain=10 cost=2.00
    neigh(150,156) d=6 terrain=10 cost=2.00
    neigh(150,155) d=7 terrain=10 cost=2.70
  expand #17: (156,154) boat=1 g=6.60 terrain=10 f_top=81.64
    neigh(156,153) d=0 terrain=1 cost=4.20
    neigh(157,153) d=1 terrain=1 cost=4.00
    neigh(157,154) d=2 terrain=10 cost=3.40
    neigh(157,155) d=3 terrain=10 cost=2.90
    neigh(156,155) d=4 terrain=10 cost=3.00
    neigh(155,155) d=5 terrain=10 cost=3.10
    neigh(155,154) d=6 terrain=10 cost=3.70
    neigh(155,153) d=7 terrain=1 cost=4.30
  expand #18: (158,156) boat=1 g=4.00 terrain=10 f_top=81.86
    neigh(158,155) d=0 terrain=10 cost=2.70
    neigh(159,155) d=1 terrain=10 cost=2.00
    neigh(159,156) d=2 terrain=10 cost=2.00
    neigh(159,157) d=3 terrain=10 cost=2.00
    neigh(158,157) d=4 terrain=10 cost=2.00
    neigh(157,157) d=5 terrain=10 cost=2.00
    neigh(157,156) d=6 terrain=10 cost=2.00
    neigh(157,155) d=7 terrain=10 cost=2.90
  expand #19: (153,157) boat=1 g=8.82 terrain=10 f_top=82.09
    neigh(153,156) d=0 terrain=10 cost=2.00
    neigh(154,156) d=1 terrain=10 cost=2.60
    neigh(154,157) d=2 terrain=10 cost=2.00
    neigh(154,158) d=3 terrain=10 cost=2.00
    neigh(153,158) d=4 terrain=10 cost=2.00
    neigh(152,158) d=5 terrain=10 cost=2.00
    neigh(152,157) d=6 terrain=10 cost=2.00
    neigh(152,156) d=7 terrain=10 cost=2.00
  expand #20: (150,156) boat=1 g=12.60 terrain=10 f_top=82.46
    neigh(150,155) d=0 terrain=10 cost=2.70
    neigh(151,155) d=1 terrain=10 cost=2.90
    neigh(151,156) d=2 terrain=10 cost=2.00
    neigh(151,157) d=3 terrain=10 cost=2.00
    neigh(150,157) d=4 terrain=10 cost=2.00
    neigh(149,157) d=5 terrain=10 cost=2.00
    neigh(149,156) d=6 terrain=10 cost=2.00
    neigh(149,155) d=7 terrain=10 cost=2.00
  FOUND dest at expand #15356, cost=266.52
  result=266.52 expanded=15356 open_remaining=2052 term=FOUND
  timing: init=34.2us search=4366.8us total=4401.0us  per-expand=0.28us
  heap: pushes=28166 pops=26114 stale_pops=10758 peak_open=2070
  neigh: total=122840 oob=0 diag_blocked=1875 cost_inf=133 already_closed=59079 worse_g=33588 relaxed=28165

=== cost_to(172,100)->(84,110) boat=1 sh=40 tr=40 mn=40 arm=40 budget=16000 src_terrain=10 dst_terrain=5 ===
  expand #1: (172,100) boat=1 g=0.00 terrain=10 f_top=92.10
    neigh(172,99) d=0 terrain=10 cost=2.00
    neigh(173,99) d=1 terrain=10 cost=2.00
    neigh(173,100) d=2 terrain=10 cost=2.00
    neigh(173,101) d=3 terrain=10 cost=3.00
    neigh(172,101) d=4 terrain=10 cost=3.10
    neigh(171,101) d=5 terrain=10 cost=3.20
    neigh(171,100) d=6 terrain=10 cost=2.60
    neigh(171,99) d=7 terrain=10 cost=2.00
  expand #2: (171,100) boat=1 g=2.60 terrain=10 f_top=93.70
    neigh(171,99) d=0 terrain=10 cost=2.00
    neigh(172,99) d=1 terrain=10 cost=2.00
    neigh(172,100) d=2 terrain=10 cost=2.00
    neigh(172,101) d=3 terrain=10 cost=3.10
    neigh(171,101) d=4 terrain=10 cost=3.20
    neigh(170,101) d=5 terrain=10 cost=3.10
    neigh(170,100) d=6 terrain=10 cost=2.00
    neigh(170,99) d=7 terrain=10 cost=2.00
  expand #3: (171,99) boat=1 g=2.82 terrain=10 f_top=94.33
    neigh(171,98) d=0 terrain=10 cost=2.00
    neigh(172,98) d=1 terrain=10 cost=2.00
    neigh(172,99) d=2 terrain=10 cost=2.00
    neigh(172,100) d=3 terrain=10 cost=2.00
    neigh(171,100) d=4 terrain=10 cost=2.60
    neigh(170,100) d=5 terrain=10 cost=2.00
    neigh(170,99) d=6 terrain=10 cost=2.00
    neigh(170,98) d=7 terrain=10 cost=2.00
  expand #4: (172,99) boat=1 g=2.00 terrain=10 f_top=94.51
    neigh(172,98) d=0 terrain=10 cost=2.00
    neigh(173,98) d=1 terrain=10 cost=2.00
    neigh(173,99) d=2 terrain=10 cost=2.00
    neigh(173,100) d=3 terrain=10 cost=2.00
    neigh(172,100) d=4 terrain=10 cost=2.00
    neigh(171,100) d=5 terrain=10 cost=2.60
    neigh(171,99) d=6 terrain=10 cost=2.00
    neigh(171,98) d=7 terrain=10 cost=2.00
  expand #5: (170,100) boat=1 g=4.60 terrain=10 f_top=94.70
    neigh(170,99) d=0 terrain=10 cost=2.00
    neigh(171,99) d=1 terrain=10 cost=2.00
    neigh(171,100) d=2 terrain=10 cost=2.60
    neigh(171,101) d=3 terrain=10 cost=3.20
    neigh(170,101) d=4 terrain=10 cost=3.10
    neigh(169,101) d=5 terrain=10 cost=3.00
    neigh(169,100) d=6 terrain=10 cost=2.00
    neigh(169,99) d=7 terrain=10 cost=2.00
  expand #6: (172,101) boat=1 g=3.10 terrain=10 f_top=94.79
    neigh(172,100) d=0 terrain=10 cost=2.00
    neigh(173,100) d=1 terrain=10 cost=2.00
    neigh(173,101) d=2 terrain=10 cost=3.00
    neigh(173,102) d=3 terrain=1 cost=3.60
    neigh(172,102) d=4 terrain=1 cost=3.70
    neigh(171,102) d=5 terrain=1 cost=3.70
    neigh(171,101) d=6 terrain=10 cost=3.20
    neigh(171,100) d=7 terrain=10 cost=2.60
  expand #7: (173,100) boat=1 g=2.00 terrain=10 f_top=95.10
    neigh(173,99) d=0 terrain=10 cost=2.00
    neigh(174,99) d=1 terrain=10 cost=2.00
    neigh(174,100) d=2 terrain=10 cost=2.00
    neigh(174,101) d=3 terrain=10 cost=2.50
    neigh(173,101) d=4 terrain=10 cost=3.00
    neigh(172,101) d=5 terrain=10 cost=3.10
    neigh(172,100) d=6 terrain=10 cost=2.00
    neigh(172,99) d=7 terrain=10 cost=2.00
  expand #8: (171,101) boat=1 g=4.51 terrain=10 f_top=95.20
    neigh(171,100) d=0 terrain=10 cost=2.60
    neigh(172,100) d=1 terrain=10 cost=2.00
    neigh(172,101) d=2 terrain=10 cost=3.10
    neigh(172,102) d=3 terrain=1 cost=3.70
    neigh(171,102) d=4 terrain=1 cost=3.70
    neigh(170,102) d=5 terrain=1 cost=3.70
    neigh(170,101) d=6 terrain=10 cost=3.10
    neigh(170,100) d=7 terrain=10 cost=2.00
  expand #9: (169,100) boat=1 g=6.60 terrain=10 f_top=95.70
    neigh(169,99) d=0 terrain=10 cost=2.00
    neigh(170,99) d=1 terrain=10 cost=2.00
    neigh(170,100) d=2 terrain=10 cost=2.00
    neigh(170,101) d=3 terrain=10 cost=3.10
    neigh(169,101) d=4 terrain=10 cost=3.00
    neigh(168,101) d=5 terrain=10 cost=2.90
    neigh(168,100) d=6 terrain=10 cost=2.00
    neigh(168,99) d=7 terrain=10 cost=2.00
  expand #10: (173,99) boat=1 g=2.82 terrain=10 f_top=96.33
    neigh(173,98) d=0 terrain=10 cost=2.00
    neigh(174,98) d=1 terrain=10 cost=2.00
    neigh(174,99) d=2 terrain=10 cost=2.00
    neigh(174,100) d=3 terrain=10 cost=2.00
    neigh(173,100) d=4 terrain=10 cost=2.00
    neigh(172,100) d=5 terrain=10 cost=2.00
    neigh(172,99) d=6 terrain=10 cost=2.00
    neigh(172,98) d=7 terrain=10 cost=2.00
  expand #11: (170,98) boat=1 g=5.64 terrain=10 f_top=96.56
    neigh(170,97) d=0 terrain=10 cost=2.00
    neigh(171,97) d=1 terrain=10 cost=2.00
    neigh(171,98) d=2 terrain=10 cost=2.00
    neigh(171,99) d=3 terrain=10 cost=2.00
    neigh(170,99) d=4 terrain=10 cost=2.00
    neigh(169,99) d=5 terrain=10 cost=2.00
    neigh(169,98) d=6 terrain=10 cost=2.00
    neigh(169,97) d=7 terrain=10 cost=2.00
  expand #12: (168,100) boat=1 g=8.60 terrain=10 f_top=96.70
    neigh(168,99) d=0 terrain=10 cost=2.00
    neigh(169,99) d=1 terrain=10 cost=2.00
    neigh(169,100) d=2 terrain=10 cost=2.00
    neigh(169,101) d=3 terrain=10 cost=3.00
    neigh(168,101) d=4 terrain=10 cost=2.90
    neigh(167,101) d=5 terrain=10 cost=2.70
    neigh(167,100) d=6 terrain=10 cost=2.00
    neigh(167,99) d=7 terrain=10 cost=2.00
  expand #13: (172,98) boat=1 g=4.00 terrain=10 f_top=96.92
    neigh(172,97) d=0 terrain=10 cost=2.00
    neigh(173,97) d=1 terrain=10 cost=2.00
    neigh(173,98) d=2 terrain=10 cost=2.00
    neigh(173,99) d=3 terrain=10 cost=2.00
    neigh(172,99) d=4 terrain=10 cost=2.00
    neigh(171,99) d=5 terrain=10 cost=2.00
    neigh(171,98) d=6 terrain=10 cost=2.00
    neigh(171,97) d=7 terrain=10 cost=2.00
  expand #14: (173,101) boat=1 g=4.23 terrain=10 f_top=96.92
    neigh(173,100) d=0 terrain=10 cost=2.00
    neigh(174,100) d=1 terrain=10 cost=2.00
    neigh(174,101) d=2 terrain=10 cost=2.50
    neigh(174,102) d=3 terrain=1 cost=2.90
    neigh(173,102) d=4 terrain=1 cost=3.60
    neigh(172,102) d=5 terrain=1 cost=3.70
    neigh(172,101) d=6 terrain=10 cost=3.10
    neigh(172,100) d=7 terrain=10 cost=2.00
  expand #15: (170,99) boat=1 g=6.82 terrain=10 f_top=97.33
    neigh(170,98) d=0 terrain=10 cost=2.00
    neigh(171,98) d=1 terrain=10 cost=2.00
    neigh(171,99) d=2 terrain=10 cost=2.00
    neigh(171,100) d=3 terrain=10 cost=2.60
    neigh(170,100) d=4 terrain=10 cost=2.00
    neigh(169,100) d=5 terrain=10 cost=2.00
    neigh(169,99) d=6 terrain=10 cost=2.00
    neigh(169,98) d=7 terrain=10 cost=2.00
  expand #16: (167,100) boat=1 g=10.60 terrain=10 f_top=97.70
    neigh(167,99) d=0 terrain=10 cost=2.00
    neigh(168,99) d=1 terrain=10 cost=2.00
    neigh(168,100) d=2 terrain=10 cost=2.00
    neigh(168,101) d=3 terrain=10 cost=2.90
    neigh(167,101) d=4 terrain=10 cost=2.70
    neigh(166,101) d=5 terrain=10 cost=2.00
    neigh(166,100) d=6 terrain=10 cost=2.00
    neigh(166,99) d=7 terrain=10 cost=2.00
  expand #17: (172,102) boat=1 g=6.80 terrain=1 f_top=98.08
    neigh(172,101) d=0 terrain=10 cost=3.10
    neigh(173,101) d=1 terrain=10 cost=3.00
    neigh(173,102) d=2 terrain=1 cost=3.60
    neigh(172,103) d=4 terrain=2 cost=20.27
    neigh(171,102) d=6 terrain=1 cost=3.70
    neigh(171,101) d=7 terrain=10 cost=3.20
  expand #18: (174,100) boat=1 g=4.00 terrain=10 f_top=98.10
    neigh(174,99) d=0 terrain=10 cost=2.00
    neigh(175,99) d=1 terrain=10 cost=2.00
    neigh(175,100) d=2 terrain=10 cost=2.00
    neigh(175,101) d=3 terrain=10 cost=2.40
    neigh(174,101) d=4 terrain=10 cost=2.50
    neigh(173,101) d=5 terrain=10 cost=3.00
    neigh(173,100) d=6 terrain=10 cost=2.00
    neigh(173,99) d=7 terrain=10 cost=2.00
  expand #19: (169,99) boat=1 g=8.82 terrain=10 f_top=98.33
    neigh(169,98) d=0 terrain=10 cost=2.00
    neigh(170,98) d=1 terrain=10 cost=2.00
    neigh(170,99) d=2 terrain=10 cost=2.00
    neigh(170,100) d=3 terrain=10 cost=2.00
    neigh(169,100) d=4 terrain=10 cost=2.00
    neigh(168,100) d=5 terrain=10 cost=2.00
    neigh(168,99) d=6 terrain=10 cost=2.00
    neigh(168,98) d=7 terrain=10 cost=2.00
  expand #20: (166,100) boat=1 g=12.60 terrain=10 f_top=98.70
    neigh(166,99) d=0 terrain=10 cost=2.00
    neigh(167,99) d=1 terrain=10 cost=2.00
    neigh(167,100) d=2 terrain=10 cost=2.00
    neigh(167,101) d=3 terrain=10 cost=2.70
    neigh(166,101) d=4 terrain=10 cost=2.00
    neigh(165,101) d=5 terrain=10 cost=2.00
    neigh(165,100) d=6 terrain=10 cost=2.00
    neigh(165,99) d=7 terrain=10 cost=2.00
  FOUND dest at expand #8202, cost=213.66
  result=213.66 expanded=8202 open_remaining=1576 term=FOUND
  timing: init=33.6us search=2553.6us total=2587.2us  per-expand=0.31us
  heap: pushes=15313 pops=13737 stale_pops=5535 peak_open=1579
  neigh: total=65608 oob=0 diag_blocked=797 cost_inf=63 already_closed=31141 worse_g=18295 relaxed=15312

=== cost_to(156,156)->(92,110) boat=1 sh=40 tr=40 mn=40 arm=40 budget=16000 src_terrain=10 dst_terrain=5 ===
  expand #1: (156,156) boat=1 g=0.00 terrain=10 f_top=82.86
    neigh(156,155) d=0 terrain=10 cost=3.00
    neigh(157,155) d=1 terrain=10 cost=2.90
    neigh(157,156) d=2 terrain=10 cost=2.00
    neigh(157,157) d=3 terrain=10 cost=2.00
    neigh(156,157) d=4 terrain=10 cost=2.00
    neigh(155,157) d=5 terrain=10 cost=2.00
    neigh(155,156) d=6 terrain=10 cost=2.00
    neigh(155,155) d=7 terrain=10 cost=3.10
  expand #2: (155,156) boat=1 g=2.00 terrain=10 f_top=83.86
    neigh(155,155) d=0 terrain=10 cost=3.10
    neigh(156,155) d=1 terrain=10 cost=3.00
    neigh(156,156) d=2 terrain=10 cost=2.00
    neigh(156,157) d=3 terrain=10 cost=2.00
    neigh(155,157) d=4 terrain=10 cost=2.00
    neigh(154,157) d=5 terrain=10 cost=2.00
    neigh(154,156) d=6 terrain=10 cost=2.60
    neigh(154,155) d=7 terrain=10 cost=3.20
  expand #3: (155,157) boat=1 g=2.82 terrain=10 f_top=85.09
    neigh(155,156) d=0 terrain=10 cost=2.00
    neigh(156,156) d=1 terrain=10 cost=2.00
    neigh(156,157) d=2 terrain=10 cost=2.00
    neigh(156,158) d=3 terrain=10 cost=2.00
    neigh(155,158) d=4 terrain=10 cost=2.00
    neigh(154,158) d=5 terrain=10 cost=2.00
    neigh(154,157) d=6 terrain=10 cost=2.00
    neigh(154,156) d=7 terrain=10 cost=2.60
  expand #4: (156,157) boat=1 g=2.00 terrain=10 f_top=85.27
    neigh(156,156) d=0 terrain=10 cost=2.00
    neigh(157,156) d=1 terrain=10 cost=2.00
    neigh(157,157) d=2 terrain=10 cost=2.00
    neigh(157,158) d=3 terrain=10 cost=2.00
    neigh(156,158) d=4 terrain=10 cost=2.00
    neigh(155,158) d=5 terrain=10 cost=2.00
    neigh(155,157) d=6 terrain=10 cost=2.00
    neigh(155,156) d=7 terrain=10 cost=2.00
  expand #5: (156,155) boat=1 g=3.00 terrain=10 f_top=85.45
    neigh(156,154) d=0 terrain=10 cost=3.60
    neigh(157,154) d=1 terrain=10 cost=3.40
    neigh(157,155) d=2 terrain=10 cost=2.90
    neigh(157,156) d=3 terrain=10 cost=2.00
    neigh(156,156) d=4 terrain=10 cost=2.00
    neigh(155,156) d=5 terrain=10 cost=2.00
    neigh(155,155) d=6 terrain=10 cost=3.10
    neigh(155,154) d=7 terrain=10 cost=3.70
  expand #6: (154,156) boat=1 g=4.60 terrain=10 f_top=85.46
    neigh(154,155) d=0 terrain=10 cost=3.20
    neigh(155,155) d=1 terrain=10 cost=3.10
    neigh(155,156) d=2 terrain=10 cost=2.00
    neigh(155,157) d=3 terrain=10 cost=2.00
    neigh(154,157) d=4 terrain=10 cost=2.00
    neigh(153,157) d=5 terrain=10 cost=2.00
    neigh(153,156) d=6 terrain=10 cost=2.00
    neigh(153,155) d=7 terrain=10 cost=3.10
  expand #7: (155,155) boat=1 g=4.37 terrain=10 f_top=85.82
    neigh(155,154) d=0 terrain=10 cost=3.70
    neigh(156,154) d=1 terrain=10 cost=3.60
    neigh(156,155) d=2 terrain=10 cost=3.00
    neigh(156,156) d=3 terrain=10 cost=2.00
    neigh(155,156) d=4 terrain=10 cost=2.00
    neigh(154,156) d=5 terrain=10 cost=2.60
    neigh(154,155) d=6 terrain=10 cost=3.20
    neigh(154,154) d=7 terrain=10 cost=3.70
  expand #8: (157,156) boat=1 g=2.00 terrain=10 f_top=85.86
    neigh(157,155) d=0 terrain=10 cost=2.90
    neigh(158,155) d=1 terrain=10 cost=2.70
    neigh(158,156) d=2 terrain=10 cost=2.00
    neigh(158,157) d=3 terrain=10 cost=2.00
    neigh(157,157) d=4 terrain=10 cost=2.00
    neigh(156,157) d=5 terrain=10 cost=2.00
    neigh(156,156) d=6 terrain=10 cost=2.00
    neigh(156,155) d=7 terrain=10 cost=3.00
  expand #9: (153,156) boat=1 g=6.60 terrain=10 f_top=86.46
    neigh(153,155) d=0 terrain=10 cost=3.10
    neigh(154,155) d=1 terrain=10 cost=3.20
    neigh(154,156) d=2 terrain=10 cost=2.60
    neigh(154,157) d=3 terrain=10 cost=2.00
    neigh(153,157) d=4 terrain=10 cost=2.00
    neigh(152,157) d=5 terrain=10 cost=2.00
    neigh(152,156) d=6 terrain=10 cost=2.00
    neigh(152,155) d=7 terrain=10 cost=3.00
  expand #10: (157,157) boat=1 g=2.82 terrain=10 f_top=87.09
    neigh(157,156) d=0 terrain=10 cost=2.00
    neigh(158,156) d=1 terrain=10 cost=2.00
    neigh(158,157) d=2 terrain=10 cost=2.00
    neigh(158,158) d=3 terrain=10 cost=2.00
    neigh(157,158) d=4 terrain=10 cost=2.00
    neigh(156,158) d=5 terrain=10 cost=2.00
    neigh(156,157) d=6 terrain=10 cost=2.00
    neigh(156,156) d=7 terrain=10 cost=2.00
  expand #11: (154,158) boat=1 g=5.64 terrain=10 f_top=87.32
    neigh(154,157) d=0 terrain=10 cost=2.00
    neigh(155,157) d=1 terrain=10 cost=2.00
    neigh(155,158) d=2 terrain=10 cost=2.00
    neigh(155,159) d=3 terrain=10 cost=2.00
    neigh(154,159) d=4 terrain=10 cost=2.00
    neigh(153,159) d=5 terrain=10 cost=2.00
    neigh(153,158) d=6 terrain=10 cost=2.00
    neigh(153,157) d=7 terrain=10 cost=2.00
  expand #12: (152,156) boat=1 g=8.60 terrain=10 f_top=87.46
    neigh(152,155) d=0 terrain=10 cost=3.00
    neigh(153,155) d=1 terrain=10 cost=3.10
    neigh(153,156) d=2 terrain=10 cost=2.00
    neigh(153,157) d=3 terrain=10 cost=2.00
    neigh(152,157) d=4 terrain=10 cost=2.00
    neigh(151,157) d=5 terrain=10 cost=2.00
    neigh(151,156) d=6 terrain=10 cost=2.00
    neigh(151,155) d=7 terrain=10 cost=2.90
  expand #13: (157,155) boat=1 g=4.09 terrain=10 f_top=87.54
    neigh(157,154) d=0 terrain=10 cost=3.40
    neigh(158,154) d=1 terrain=10 cost=3.20
    neigh(158,155) d=2 terrain=10 cost=2.70
    neigh(158,156) d=3 terrain=10 cost=2.00
    neigh(157,156) d=4 terrain=10 cost=2.00
    neigh(156,156) d=5 terrain=10 cost=2.00
    neigh(156,155) d=6 terrain=10 cost=3.00
    neigh(156,154) d=7 terrain=10 cost=3.60
  expand #14: (156,158) boat=1 g=4.00 terrain=10 f_top=87.68
    neigh(156,157) d=0 terrain=10 cost=2.00
    neigh(157,157) d=1 terrain=10 cost=2.00
    neigh(157,158) d=2 terrain=10 cost=2.00
    neigh(157,159) d=3 terrain=10 cost=2.00
    neigh(156,159) d=4 terrain=10 cost=2.00
    neigh(155,159) d=5 terrain=10 cost=2.00
    neigh(155,158) d=6 terrain=10 cost=2.00
    neigh(155,157) d=7 terrain=10 cost=2.00
  expand #15: (154,157) boat=1 g=6.82 terrain=10 f_top=88.09
    neigh(154,156) d=0 terrain=10 cost=2.60
    neigh(155,156) d=1 terrain=10 cost=2.00
    neigh(155,157) d=2 terrain=10 cost=2.00
    neigh(155,158) d=3 terrain=10 cost=2.00
    neigh(154,158) d=4 terrain=10 cost=2.00
    neigh(153,158) d=5 terrain=10 cost=2.00
    neigh(153,157) d=6 terrain=10 cost=2.00
    neigh(153,156) d=7 terrain=10 cost=2.00
  expand #16: (151,156) boat=1 g=10.60 terrain=10 f_top=88.46
    neigh(151,155) d=0 terrain=10 cost=2.90
    neigh(152,155) d=1 terrain=10 cost=3.00
    neigh(152,156) d=2 terrain=10 cost=2.00
    neigh(152,157) d=3 terrain=10 cost=2.00
    neigh(151,157) d=4 terrain=10 cost=2.00
    neigh(150,157) d=5 terrain=10 cost=2.00
    neigh(150,156) d=6 terrain=10 cost=2.00
    neigh(150,155) d=7 terrain=10 cost=2.70
  expand #17: (156,154) boat=1 g=6.60 terrain=10 f_top=88.64
    neigh(156,153) d=0 terrain=1 cost=4.20
    neigh(157,153) d=1 terrain=1 cost=4.00
    neigh(157,154) d=2 terrain=10 cost=3.40
    neigh(157,155) d=3 terrain=10 cost=2.90
    neigh(156,155) d=4 terrain=10 cost=3.00
    neigh(155,155) d=5 terrain=10 cost=3.10
    neigh(155,154) d=6 terrain=10 cost=3.70
    neigh(155,153) d=7 terrain=1 cost=4.30
  expand #18: (158,156) boat=1 g=4.00 terrain=10 f_top=88.86
    neigh(158,155) d=0 terrain=10 cost=2.70
    neigh(159,155) d=1 terrain=10 cost=2.00
    neigh(159,156) d=2 terrain=10 cost=2.00
    neigh(159,157) d=3 terrain=10 cost=2.00
    neigh(158,157) d=4 terrain=10 cost=2.00
    neigh(157,157) d=5 terrain=10 cost=2.00
    neigh(157,156) d=6 terrain=10 cost=2.00
    neigh(157,155) d=7 terrain=10 cost=2.90
  expand #19: (153,157) boat=1 g=8.82 terrain=10 f_top=89.09
    neigh(153,156) d=0 terrain=10 cost=2.00
    neigh(154,156) d=1 terrain=10 cost=2.60
    neigh(154,157) d=2 terrain=10 cost=2.00
    neigh(154,158) d=3 terrain=10 cost=2.00
    neigh(153,158) d=4 terrain=10 cost=2.00
    neigh(152,158) d=5 terrain=10 cost=2.00
    neigh(152,157) d=6 terrain=10 cost=2.00
    neigh(152,156) d=7 terrain=10 cost=2.00
  expand #20: (150,156) boat=1 g=12.60 terrain=10 f_top=89.46
    neigh(150,155) d=0 terrain=10 cost=2.70
    neigh(151,155) d=1 terrain=10 cost=2.90
    neigh(151,156) d=2 terrain=10 cost=2.00
    neigh(151,157) d=3 terrain=10 cost=2.00
    neigh(150,157) d=4 terrain=10 cost=2.00
    neigh(149,157) d=5 terrain=10 cost=2.00
    neigh(149,156) d=6 terrain=10 cost=2.00
    neigh(149,155) d=7 terrain=10 cost=2.00
  FOUND dest at expand #12646, cost=250.07
  result=250.07 expanded=12646 open_remaining=2043 term=FOUND
  timing: init=32.2us search=3710.0us total=3742.2us  per-expand=0.29us
  heap: pushes=23353 pops=21310 stale_pops=8664 peak_open=2085
  neigh: total=101160 oob=0 diag_blocked=1672 cost_inf=115 already_closed=48353 worse_g=27668 relaxed=23352

=== cost_to(172,100)->(91,145) boat=1 sh=40 tr=40 mn=40 arm=40 budget=16000 src_terrain=10 dst_terrain=4 ===
  expand #1: (172,100) boat=1 g=0.00 terrain=10 f_top=99.45
    neigh(172,99) d=0 terrain=10 cost=2.00
    neigh(173,99) d=1 terrain=10 cost=2.00
    neigh(173,100) d=2 terrain=10 cost=2.00
    neigh(173,101) d=3 terrain=10 cost=3.00
    neigh(172,101) d=4 terrain=10 cost=3.10
    neigh(171,101) d=5 terrain=10 cost=3.20
    neigh(171,100) d=6 terrain=10 cost=2.60
    neigh(171,99) d=7 terrain=10 cost=2.00
  expand #2: (171,100) boat=1 g=2.60 terrain=10 f_top=101.05
    neigh(171,99) d=0 terrain=10 cost=2.00
    neigh(172,99) d=1 terrain=10 cost=2.00
    neigh(172,100) d=2 terrain=10 cost=2.00
    neigh(172,101) d=3 terrain=10 cost=3.10
    neigh(171,101) d=4 terrain=10 cost=3.20
    neigh(170,101) d=5 terrain=10 cost=3.10
    neigh(170,100) d=6 terrain=10 cost=2.00
    neigh(170,99) d=7 terrain=10 cost=2.00
  expand #3: (171,99) boat=1 g=2.82 terrain=10 f_top=101.68
    neigh(171,98) d=0 terrain=10 cost=2.00
    neigh(172,98) d=1 terrain=10 cost=2.00
    neigh(172,99) d=2 terrain=10 cost=2.00
    neigh(172,100) d=3 terrain=10 cost=2.00
    neigh(171,100) d=4 terrain=10 cost=2.60
    neigh(170,100) d=5 terrain=10 cost=2.00
    neigh(170,99) d=6 terrain=10 cost=2.00
    neigh(170,98) d=7 terrain=10 cost=2.00
  expand #4: (172,99) boat=1 g=2.00 terrain=10 f_top=101.86
    neigh(172,98) d=0 terrain=10 cost=2.00
    neigh(173,98) d=1 terrain=10 cost=2.00
    neigh(173,99) d=2 terrain=10 cost=2.00
    neigh(173,100) d=3 terrain=10 cost=2.00
    neigh(172,100) d=4 terrain=10 cost=2.00
    neigh(171,100) d=5 terrain=10 cost=2.60
    neigh(171,99) d=6 terrain=10 cost=2.00
    neigh(171,98) d=7 terrain=10 cost=2.00
  expand #5: (170,100) boat=1 g=4.60 terrain=10 f_top=102.05
    neigh(170,99) d=0 terrain=10 cost=2.00
    neigh(171,99) d=1 terrain=10 cost=2.00
    neigh(171,100) d=2 terrain=10 cost=2.60
    neigh(171,101) d=3 terrain=10 cost=3.20
    neigh(170,101) d=4 terrain=10 cost=3.10
    neigh(169,101) d=5 terrain=10 cost=3.00
    neigh(169,100) d=6 terrain=10 cost=2.00
    neigh(169,99) d=7 terrain=10 cost=2.00
  expand #6: (172,101) boat=1 g=3.10 terrain=10 f_top=102.14
    neigh(172,100) d=0 terrain=10 cost=2.00
    neigh(173,100) d=1 terrain=10 cost=2.00
    neigh(173,101) d=2 terrain=10 cost=3.00
    neigh(173,102) d=3 terrain=1 cost=3.60
    neigh(172,102) d=4 terrain=1 cost=3.70
    neigh(171,102) d=5 terrain=1 cost=3.70
    neigh(171,101) d=6 terrain=10 cost=3.20
    neigh(171,100) d=7 terrain=10 cost=2.60
  expand #7: (173,100) boat=1 g=2.00 terrain=10 f_top=102.45
    neigh(173,99) d=0 terrain=10 cost=2.00
    neigh(174,99) d=1 terrain=10 cost=2.00
    neigh(174,100) d=2 terrain=10 cost=2.00
    neigh(174,101) d=3 terrain=10 cost=2.50
    neigh(173,101) d=4 terrain=10 cost=3.00
    neigh(172,101) d=5 terrain=10 cost=3.10
    neigh(172,100) d=6 terrain=10 cost=2.00
    neigh(172,99) d=7 terrain=10 cost=2.00
  expand #8: (171,101) boat=1 g=4.51 terrain=10 f_top=102.55
    neigh(171,100) d=0 terrain=10 cost=2.60
    neigh(172,100) d=1 terrain=10 cost=2.00
    neigh(172,101) d=2 terrain=10 cost=3.10
    neigh(172,102) d=3 terrain=1 cost=3.70
    neigh(171,102) d=4 terrain=1 cost=3.70
    neigh(170,102) d=5 terrain=1 cost=3.70
    neigh(170,101) d=6 terrain=10 cost=3.10
    neigh(170,100) d=7 terrain=10 cost=2.00
  expand #9: (169,100) boat=1 g=6.60 terrain=10 f_top=103.05
    neigh(169,99) d=0 terrain=10 cost=2.00
    neigh(170,99) d=1 terrain=10 cost=2.00
    neigh(170,100) d=2 terrain=10 cost=2.00
    neigh(170,101) d=3 terrain=10 cost=3.10
    neigh(169,101) d=4 terrain=10 cost=3.00
    neigh(168,101) d=5 terrain=10 cost=2.90
    neigh(168,100) d=6 terrain=10 cost=2.00
    neigh(168,99) d=7 terrain=10 cost=2.00
  expand #10: (173,99) boat=1 g=2.82 terrain=10 f_top=103.68
    neigh(173,98) d=0 terrain=10 cost=2.00
    neigh(174,98) d=1 terrain=10 cost=2.00
    neigh(174,99) d=2 terrain=10 cost=2.00
    neigh(174,100) d=3 terrain=10 cost=2.00
    neigh(173,100) d=4 terrain=10 cost=2.00
    neigh(172,100) d=5 terrain=10 cost=2.00
    neigh(172,99) d=6 terrain=10 cost=2.00
    neigh(172,98) d=7 terrain=10 cost=2.00
  expand #11: (170,98) boat=1 g=5.64 terrain=10 f_top=103.91
    neigh(170,97) d=0 terrain=10 cost=2.00
    neigh(171,97) d=1 terrain=10 cost=2.00
    neigh(171,98) d=2 terrain=10 cost=2.00
    neigh(171,99) d=3 terrain=10 cost=2.00
    neigh(170,99) d=4 terrain=10 cost=2.00
    neigh(169,99) d=5 terrain=10 cost=2.00
    neigh(169,98) d=6 terrain=10 cost=2.00
    neigh(169,97) d=7 terrain=10 cost=2.00
  expand #12: (168,100) boat=1 g=8.60 terrain=10 f_top=104.05
    neigh(168,99) d=0 terrain=10 cost=2.00
    neigh(169,99) d=1 terrain=10 cost=2.00
    neigh(169,100) d=2 terrain=10 cost=2.00
    neigh(169,101) d=3 terrain=10 cost=3.00
    neigh(168,101) d=4 terrain=10 cost=2.90
    neigh(167,101) d=5 terrain=10 cost=2.70
    neigh(167,100) d=6 terrain=10 cost=2.00
    neigh(167,99) d=7 terrain=10 cost=2.00
  expand #13: (172,98) boat=1 g=4.00 terrain=10 f_top=104.27
    neigh(172,97) d=0 terrain=10 cost=2.00
    neigh(173,97) d=1 terrain=10 cost=2.00
    neigh(173,98) d=2 terrain=10 cost=2.00
    neigh(173,99) d=3 terrain=10 cost=2.00
    neigh(172,99) d=4 terrain=10 cost=2.00
    neigh(171,99) d=5 terrain=10 cost=2.00
    neigh(171,98) d=6 terrain=10 cost=2.00
    neigh(171,97) d=7 terrain=10 cost=2.00
  expand #14: (173,101) boat=1 g=4.23 terrain=10 f_top=104.27
    neigh(173,100) d=0 terrain=10 cost=2.00
    neigh(174,100) d=1 terrain=10 cost=2.00
    neigh(174,101) d=2 terrain=10 cost=2.50
    neigh(174,102) d=3 terrain=1 cost=2.90
    neigh(173,102) d=4 terrain=1 cost=3.60
    neigh(172,102) d=5 terrain=1 cost=3.70
    neigh(172,101) d=6 terrain=10 cost=3.10
    neigh(172,100) d=7 terrain=10 cost=2.00
  expand #15: (170,99) boat=1 g=6.82 terrain=10 f_top=104.68
    neigh(170,98) d=0 terrain=10 cost=2.00
    neigh(171,98) d=1 terrain=10 cost=2.00
    neigh(171,99) d=2 terrain=10 cost=2.00
    neigh(171,100) d=3 terrain=10 cost=2.60
    neigh(170,100) d=4 terrain=10 cost=2.00
    neigh(169,100) d=5 terrain=10 cost=2.00
    neigh(169,99) d=6 terrain=10 cost=2.00
    neigh(169,98) d=7 terrain=10 cost=2.00
  expand #16: (167,100) boat=1 g=10.60 terrain=10 f_top=105.05
    neigh(167,99) d=0 terrain=10 cost=2.00
    neigh(168,99) d=1 terrain=10 cost=2.00
    neigh(168,100) d=2 terrain=10 cost=2.00
    neigh(168,101) d=3 terrain=10 cost=2.90
    neigh(167,101) d=4 terrain=10 cost=2.70
    neigh(166,101) d=5 terrain=10 cost=2.00
    neigh(166,100) d=6 terrain=10 cost=2.00
    neigh(166,99) d=7 terrain=10 cost=2.00
  expand #17: (172,102) boat=1 g=6.80 terrain=1 f_top=105.43
    neigh(172,101) d=0 terrain=10 cost=3.10
    neigh(173,101) d=1 terrain=10 cost=3.00
    neigh(173,102) d=2 terrain=1 cost=3.60
    neigh(172,103) d=4 terrain=2 cost=20.27
    neigh(171,102) d=6 terrain=1 cost=3.70
    neigh(171,101) d=7 terrain=10 cost=3.20
  expand #18: (174,100) boat=1 g=4.00 terrain=10 f_top=105.45
    neigh(174,99) d=0 terrain=10 cost=2.00
    neigh(175,99) d=1 terrain=10 cost=2.00
    neigh(175,100) d=2 terrain=10 cost=2.00
    neigh(175,101) d=3 terrain=10 cost=2.40
    neigh(174,101) d=4 terrain=10 cost=2.50
    neigh(173,101) d=5 terrain=10 cost=3.00
    neigh(173,100) d=6 terrain=10 cost=2.00
    neigh(173,99) d=7 terrain=10 cost=2.00
  expand #19: (169,99) boat=1 g=8.82 terrain=10 f_top=105.68
    neigh(169,98) d=0 terrain=10 cost=2.00
    neigh(170,98) d=1 terrain=10 cost=2.00
    neigh(170,99) d=2 terrain=10 cost=2.00
    neigh(170,100) d=3 terrain=10 cost=2.00
    neigh(169,100) d=4 terrain=10 cost=2.00
    neigh(168,100) d=5 terrain=10 cost=2.00
    neigh(168,99) d=6 terrain=10 cost=2.00
    neigh(168,98) d=7 terrain=10 cost=2.00
  expand #20: (166,100) boat=1 g=12.60 terrain=10 f_top=106.05
    neigh(166,99) d=0 terrain=10 cost=2.00
    neigh(167,99) d=1 terrain=10 cost=2.00
    neigh(167,100) d=2 terrain=10 cost=2.00
    neigh(167,101) d=3 terrain=10 cost=2.70
    neigh(166,101) d=4 terrain=10 cost=2.00
    neigh(165,101) d=5 terrain=10 cost=2.00
    neigh(165,100) d=6 terrain=10 cost=2.00
    neigh(165,99) d=7 terrain=10 cost=2.00
  result=1000000015047466219876688855040.00 expanded=16000 open_remaining=2339 term=BUDGET_EXHAUSTED
  timing: init=39.5us search=4997.2us total=5036.7us  per-expand=0.31us
  heap: pushes=29744 pops=27405 stale_pops=11405 peak_open=2348
  neigh: total=128000 oob=0 diag_blocked=1481 cost_inf=139 already_closed=61630 worse_g=35007 relaxed=29743

=== cost_to(156,156)->(84,110) boat=1 sh=40 tr=40 mn=40 arm=40 budget=16000 src_terrain=10 dst_terrain=5 ===
  expand #1: (156,156) boat=1 g=0.00 terrain=10 f_top=90.86
    neigh(156,155) d=0 terrain=10 cost=3.00
    neigh(157,155) d=1 terrain=10 cost=2.90
    neigh(157,156) d=2 terrain=10 cost=2.00
    neigh(157,157) d=3 terrain=10 cost=2.00
    neigh(156,157) d=4 terrain=10 cost=2.00
    neigh(155,157) d=5 terrain=10 cost=2.00
    neigh(155,156) d=6 terrain=10 cost=2.00
    neigh(155,155) d=7 terrain=10 cost=3.10
  expand #2: (155,156) boat=1 g=2.00 terrain=10 f_top=91.86
    neigh(155,155) d=0 terrain=10 cost=3.10
    neigh(156,155) d=1 terrain=10 cost=3.00
    neigh(156,156) d=2 terrain=10 cost=2.00
    neigh(156,157) d=3 terrain=10 cost=2.00
    neigh(155,157) d=4 terrain=10 cost=2.00
    neigh(154,157) d=5 terrain=10 cost=2.00
    neigh(154,156) d=6 terrain=10 cost=2.60
    neigh(154,155) d=7 terrain=10 cost=3.20
  expand #3: (155,157) boat=1 g=2.82 terrain=10 f_top=93.09
    neigh(155,156) d=0 terrain=10 cost=2.00
    neigh(156,156) d=1 terrain=10 cost=2.00
    neigh(156,157) d=2 terrain=10 cost=2.00
    neigh(156,158) d=3 terrain=10 cost=2.00
    neigh(155,158) d=4 terrain=10 cost=2.00
    neigh(154,158) d=5 terrain=10 cost=2.00
    neigh(154,157) d=6 terrain=10 cost=2.00
    neigh(154,156) d=7 terrain=10 cost=2.60
  expand #4: (156,157) boat=1 g=2.00 terrain=10 f_top=93.27
    neigh(156,156) d=0 terrain=10 cost=2.00
    neigh(157,156) d=1 terrain=10 cost=2.00
    neigh(157,157) d=2 terrain=10 cost=2.00
    neigh(157,158) d=3 terrain=10 cost=2.00
    neigh(156,158) d=4 terrain=10 cost=2.00
    neigh(155,158) d=5 terrain=10 cost=2.00
    neigh(155,157) d=6 terrain=10 cost=2.00
    neigh(155,156) d=7 terrain=10 cost=2.00
  expand #5: (156,155) boat=1 g=3.00 terrain=10 f_top=93.45
    neigh(156,154) d=0 terrain=10 cost=3.60
    neigh(157,154) d=1 terrain=10 cost=3.40
    neigh(157,155) d=2 terrain=10 cost=2.90
    neigh(157,156) d=3 terrain=10 cost=2.00
    neigh(156,156) d=4 terrain=10 cost=2.00
    neigh(155,156) d=5 terrain=10 cost=2.00
    neigh(155,155) d=6 terrain=10 cost=3.10
    neigh(155,154) d=7 terrain=10 cost=3.70
  expand #6: (154,156) boat=1 g=4.60 terrain=10 f_top=93.46
    neigh(154,155) d=0 terrain=10 cost=3.20
    neigh(155,155) d=1 terrain=10 cost=3.10
    neigh(155,156) d=2 terrain=10 cost=2.00
    neigh(155,157) d=3 terrain=10 cost=2.00
    neigh(154,157) d=4 terrain=10 cost=2.00
    neigh(153,157) d=5 terrain=10 cost=2.00
    neigh(153,156) d=6 terrain=10 cost=2.00
    neigh(153,155) d=7 terrain=10 cost=3.10
  expand #7: (155,155) boat=1 g=4.37 terrain=10 f_top=93.82
    neigh(155,154) d=0 terrain=10 cost=3.70
    neigh(156,154) d=1 terrain=10 cost=3.60
    neigh(156,155) d=2 terrain=10 cost=3.00
    neigh(156,156) d=3 terrain=10 cost=2.00
    neigh(155,156) d=4 terrain=10 cost=2.00
    neigh(154,156) d=5 terrain=10 cost=2.60
    neigh(154,155) d=6 terrain=10 cost=3.20
    neigh(154,154) d=7 terrain=10 cost=3.70
  expand #8: (157,156) boat=1 g=2.00 terrain=10 f_top=93.86
    neigh(157,155) d=0 terrain=10 cost=2.90
    neigh(158,155) d=1 terrain=10 cost=2.70
    neigh(158,156) d=2 terrain=10 cost=2.00
    neigh(158,157) d=3 terrain=10 cost=2.00
    neigh(157,157) d=4 terrain=10 cost=2.00
    neigh(156,157) d=5 terrain=10 cost=2.00
    neigh(156,156) d=6 terrain=10 cost=2.00
    neigh(156,155) d=7 terrain=10 cost=3.00
  expand #9: (153,156) boat=1 g=6.60 terrain=10 f_top=94.46
    neigh(153,155) d=0 terrain=10 cost=3.10
    neigh(154,155) d=1 terrain=10 cost=3.20
    neigh(154,156) d=2 terrain=10 cost=2.60
    neigh(154,157) d=3 terrain=10 cost=2.00
    neigh(153,157) d=4 terrain=10 cost=2.00
    neigh(152,157) d=5 terrain=10 cost=2.00
    neigh(152,156) d=6 terrain=10 cost=2.00
    neigh(152,155) d=7 terrain=10 cost=3.00
  expand #10: (157,157) boat=1 g=2.82 terrain=10 f_top=95.09
    neigh(157,156) d=0 terrain=10 cost=2.00
    neigh(158,156) d=1 terrain=10 cost=2.00
    neigh(158,157) d=2 terrain=10 cost=2.00
    neigh(158,158) d=3 terrain=10 cost=2.00
    neigh(157,158) d=4 terrain=10 cost=2.00
    neigh(156,158) d=5 terrain=10 cost=2.00
    neigh(156,157) d=6 terrain=10 cost=2.00
    neigh(156,156) d=7 terrain=10 cost=2.00
  expand #11: (154,158) boat=1 g=5.64 terrain=10 f_top=95.32
    neigh(154,157) d=0 terrain=10 cost=2.00
    neigh(155,157) d=1 terrain=10 cost=2.00
    neigh(155,158) d=2 terrain=10 cost=2.00
    neigh(155,159) d=3 terrain=10 cost=2.00
    neigh(154,159) d=4 terrain=10 cost=2.00
    neigh(153,159) d=5 terrain=10 cost=2.00
    neigh(153,158) d=6 terrain=10 cost=2.00
    neigh(153,157) d=7 terrain=10 cost=2.00
  expand #12: (152,156) boat=1 g=8.60 terrain=10 f_top=95.46
    neigh(152,155) d=0 terrain=10 cost=3.00
    neigh(153,155) d=1 terrain=10 cost=3.10
    neigh(153,156) d=2 terrain=10 cost=2.00
    neigh(153,157) d=3 terrain=10 cost=2.00
    neigh(152,157) d=4 terrain=10 cost=2.00
    neigh(151,157) d=5 terrain=10 cost=2.00
    neigh(151,156) d=6 terrain=10 cost=2.00
    neigh(151,155) d=7 terrain=10 cost=2.90
  expand #13: (157,155) boat=1 g=4.09 terrain=10 f_top=95.54
    neigh(157,154) d=0 terrain=10 cost=3.40
    neigh(158,154) d=1 terrain=10 cost=3.20
    neigh(158,155) d=2 terrain=10 cost=2.70
    neigh(158,156) d=3 terrain=10 cost=2.00
    neigh(157,156) d=4 terrain=10 cost=2.00
    neigh(156,156) d=5 terrain=10 cost=2.00
    neigh(156,155) d=6 terrain=10 cost=3.00
    neigh(156,154) d=7 terrain=10 cost=3.60
  expand #14: (156,158) boat=1 g=4.00 terrain=10 f_top=95.68
    neigh(156,157) d=0 terrain=10 cost=2.00
    neigh(157,157) d=1 terrain=10 cost=2.00
    neigh(157,158) d=2 terrain=10 cost=2.00
    neigh(157,159) d=3 terrain=10 cost=2.00
    neigh(156,159) d=4 terrain=10 cost=2.00
    neigh(155,159) d=5 terrain=10 cost=2.00
    neigh(155,158) d=6 terrain=10 cost=2.00
    neigh(155,157) d=7 terrain=10 cost=2.00
  expand #15: (154,157) boat=1 g=6.82 terrain=10 f_top=96.09
    neigh(154,156) d=0 terrain=10 cost=2.60
    neigh(155,156) d=1 terrain=10 cost=2.00
    neigh(155,157) d=2 terrain=10 cost=2.00
    neigh(155,158) d=3 terrain=10 cost=2.00
    neigh(154,158) d=4 terrain=10 cost=2.00
    neigh(153,158) d=5 terrain=10 cost=2.00
    neigh(153,157) d=6 terrain=10 cost=2.00
    neigh(153,156) d=7 terrain=10 cost=2.00
  expand #16: (151,156) boat=1 g=10.60 terrain=10 f_top=96.46
    neigh(151,155) d=0 terrain=10 cost=2.90
    neigh(152,155) d=1 terrain=10 cost=3.00
    neigh(152,156) d=2 terrain=10 cost=2.00
    neigh(152,157) d=3 terrain=10 cost=2.00
    neigh(151,157) d=4 terrain=10 cost=2.00
    neigh(150,157) d=5 terrain=10 cost=2.00
    neigh(150,156) d=6 terrain=10 cost=2.00
    neigh(150,155) d=7 terrain=10 cost=2.70
  expand #17: (156,154) boat=1 g=6.60 terrain=10 f_top=96.64
    neigh(156,153) d=0 terrain=1 cost=4.20
    neigh(157,153) d=1 terrain=1 cost=4.00
    neigh(157,154) d=2 terrain=10 cost=3.40
    neigh(157,155) d=3 terrain=10 cost=2.90
    neigh(156,155) d=4 terrain=10 cost=3.00
    neigh(155,155) d=5 terrain=10 cost=3.10
    neigh(155,154) d=6 terrain=10 cost=3.70
    neigh(155,153) d=7 terrain=1 cost=4.30
  expand #18: (158,156) boat=1 g=4.00 terrain=10 f_top=96.86
    neigh(158,155) d=0 terrain=10 cost=2.70
    neigh(159,155) d=1 terrain=10 cost=2.00
    neigh(159,156) d=2 terrain=10 cost=2.00
    neigh(159,157) d=3 terrain=10 cost=2.00
    neigh(158,157) d=4 terrain=10 cost=2.00
    neigh(157,157) d=5 terrain=10 cost=2.00
    neigh(157,156) d=6 terrain=10 cost=2.00
    neigh(157,155) d=7 terrain=10 cost=2.90
  expand #19: (153,157) boat=1 g=8.82 terrain=10 f_top=97.09
    neigh(153,156) d=0 terrain=10 cost=2.00
    neigh(154,156) d=1 terrain=10 cost=2.60
    neigh(154,157) d=2 terrain=10 cost=2.00
    neigh(154,158) d=3 terrain=10 cost=2.00
    neigh(153,158) d=4 terrain=10 cost=2.00
    neigh(152,158) d=5 terrain=10 cost=2.00
    neigh(152,157) d=6 terrain=10 cost=2.00
    neigh(152,156) d=7 terrain=10 cost=2.00
  expand #20: (150,156) boat=1 g=12.60 terrain=10 f_top=97.46
    neigh(150,155) d=0 terrain=10 cost=2.70
    neigh(151,155) d=1 terrain=10 cost=2.90
    neigh(151,156) d=2 terrain=10 cost=2.00
    neigh(151,157) d=3 terrain=10 cost=2.00
    neigh(150,157) d=4 terrain=10 cost=2.00
    neigh(149,157) d=5 terrain=10 cost=2.00
    neigh(149,156) d=6 terrain=10 cost=2.00
    neigh(149,155) d=7 terrain=10 cost=2.00
  FOUND dest at expand #14908, cost=267.84
  result=267.84 expanded=14908 open_remaining=2049 term=FOUND
  timing: init=35.5us search=4301.0us total=4336.5us  per-expand=0.29us
  heap: pushes=27521 pops=25472 stale_pops=10564 peak_open=2139
  neigh: total=119256 oob=0 diag_blocked=1860 cost_inf=129 already_closed=57295 worse_g=32452 relaxed=27520

=== cost_to(156,156)->(86,110) boat=1 sh=40 tr=40 mn=40 arm=40 budget=16000 src_terrain=10 dst_terrain=4 ===
  expand #1: (156,156) boat=1 g=0.00 terrain=10 f_top=88.86
    neigh(156,155) d=0 terrain=10 cost=12.00
    neigh(157,155) d=1 terrain=10 cost=11.00
    neigh(157,156) d=2 terrain=10 cost=2.00
    neigh(157,157) d=3 terrain=10 cost=2.00
    neigh(156,157) d=4 terrain=10 cost=2.00
    neigh(155,157) d=5 terrain=10 cost=2.00
    neigh(155,156) d=6 terrain=10 cost=2.00
    neigh(155,155) d=7 terrain=10 cost=13.00
  expand #2: (155,156) boat=1 g=2.00 terrain=10 f_top=89.86
    neigh(155,155) d=0 terrain=10 cost=13.00
    neigh(156,155) d=1 terrain=10 cost=12.00
    neigh(156,156) d=2 terrain=10 cost=2.00
    neigh(156,157) d=3 terrain=10 cost=2.00
    neigh(155,157) d=4 terrain=10 cost=2.00
    neigh(154,157) d=5 terrain=10 cost=2.00
    neigh(154,156) d=6 terrain=10 cost=8.00
    neigh(154,155) d=7 terrain=10 cost=14.00
  expand #3: (155,157) boat=1 g=2.82 terrain=10 f_top=91.09
    neigh(155,156) d=0 terrain=10 cost=2.00
    neigh(156,156) d=1 terrain=10 cost=2.00
    neigh(156,157) d=2 terrain=10 cost=2.00
    neigh(156,158) d=3 terrain=10 cost=2.00
    neigh(155,158) d=4 terrain=10 cost=2.00
    neigh(154,158) d=5 terrain=10 cost=2.00
    neigh(154,157) d=6 terrain=10 cost=2.00
    neigh(154,156) d=7 terrain=10 cost=8.00
  expand #4: (156,157) boat=1 g=2.00 terrain=10 f_top=91.27
    neigh(156,156) d=0 terrain=10 cost=2.00
    neigh(157,156) d=1 terrain=10 cost=2.00
    neigh(157,157) d=2 terrain=10 cost=2.00
    neigh(157,158) d=3 terrain=10 cost=2.00
    neigh(156,158) d=4 terrain=10 cost=2.00
    neigh(155,158) d=5 terrain=10 cost=2.00
    neigh(155,157) d=6 terrain=10 cost=2.00
    neigh(155,156) d=7 terrain=10 cost=2.00
  expand #5: (157,156) boat=1 g=2.00 terrain=10 f_top=91.86
    neigh(157,155) d=0 terrain=10 cost=11.00
    neigh(158,155) d=1 terrain=10 cost=9.00
    neigh(158,156) d=2 terrain=10 cost=2.00
    neigh(158,157) d=3 terrain=10 cost=2.00
    neigh(157,157) d=4 terrain=10 cost=2.00
    neigh(156,157) d=5 terrain=10 cost=2.00
    neigh(156,156) d=6 terrain=10 cost=2.00
    neigh(156,155) d=7 terrain=10 cost=12.00
  expand #6: (157,157) boat=1 g=2.82 terrain=10 f_top=93.09
    neigh(157,156) d=0 terrain=10 cost=2.00
    neigh(158,156) d=1 terrain=10 cost=2.00
    neigh(158,157) d=2 terrain=10 cost=2.00
    neigh(158,158) d=3 terrain=10 cost=2.00
    neigh(157,158) d=4 terrain=10 cost=2.00
    neigh(156,158) d=5 terrain=10 cost=2.00
    neigh(156,157) d=6 terrain=10 cost=2.00
    neigh(156,156) d=7 terrain=10 cost=2.00
  expand #7: (154,158) boat=1 g=5.64 terrain=10 f_top=93.32
    neigh(154,157) d=0 terrain=10 cost=2.00
    neigh(155,157) d=1 terrain=10 cost=2.00
    neigh(155,158) d=2 terrain=10 cost=2.00
    neigh(155,159) d=3 terrain=10 cost=2.00
    neigh(154,159) d=4 terrain=10 cost=2.00
    neigh(153,159) d=5 terrain=10 cost=2.00
    neigh(153,158) d=6 terrain=10 cost=2.00
    neigh(153,157) d=7 terrain=10 cost=2.00
  expand #8: (156,158) boat=1 g=4.00 terrain=10 f_top=93.68
    neigh(156,157) d=0 terrain=10 cost=2.00
    neigh(157,157) d=1 terrain=10 cost=2.00
    neigh(157,158) d=2 terrain=10 cost=2.00
    neigh(157,159) d=3 terrain=10 cost=2.00
    neigh(156,159) d=4 terrain=10 cost=2.00
    neigh(155,159) d=5 terrain=10 cost=2.00
    neigh(155,158) d=6 terrain=10 cost=2.00
    neigh(155,157) d=7 terrain=10 cost=2.00
  expand #9: (154,157) boat=1 g=6.82 terrain=10 f_top=94.09
    neigh(154,156) d=0 terrain=10 cost=8.00
    neigh(155,156) d=1 terrain=10 cost=2.00
    neigh(155,157) d=2 terrain=10 cost=2.00
    neigh(155,158) d=3 terrain=10 cost=2.00
    neigh(154,158) d=4 terrain=10 cost=2.00
    neigh(153,158) d=5 terrain=10 cost=2.00
    neigh(153,157) d=6 terrain=10 cost=2.00
    neigh(153,156) d=7 terrain=10 cost=2.00
  expand #10: (158,156) boat=1 g=4.00 terrain=10 f_top=94.86
    neigh(158,155) d=0 terrain=10 cost=9.00
    neigh(159,155) d=1 terrain=10 cost=2.00
    neigh(159,156) d=2 terrain=10 cost=2.00
    neigh(159,157) d=3 terrain=10 cost=2.00
    neigh(158,157) d=4 terrain=10 cost=2.00
    neigh(157,157) d=5 terrain=10 cost=2.00
    neigh(157,156) d=6 terrain=10 cost=2.00
    neigh(157,155) d=7 terrain=10 cost=11.00
  expand #11: (153,157) boat=1 g=8.82 terrain=10 f_top=95.09
    neigh(153,156) d=0 terrain=10 cost=2.00
    neigh(154,156) d=1 terrain=10 cost=8.00
    neigh(154,157) d=2 terrain=10 cost=2.00
    neigh(154,158) d=3 terrain=10 cost=2.00
    neigh(153,158) d=4 terrain=10 cost=2.00
    neigh(152,158) d=5 terrain=10 cost=2.00
    neigh(152,157) d=6 terrain=10 cost=2.00
    neigh(152,156) d=7 terrain=10 cost=2.00
  expand #12: (155,158) boat=1 g=6.82 terrain=10 f_top=95.50
    neigh(155,157) d=0 terrain=10 cost=2.00
    neigh(156,157) d=1 terrain=10 cost=2.00
    neigh(156,158) d=2 terrain=10 cost=2.00
    neigh(156,159) d=3 terrain=10 cost=2.00
    neigh(155,159) d=4 terrain=10 cost=2.00
    neigh(154,159) d=5 terrain=10 cost=2.00
    neigh(154,158) d=6 terrain=10 cost=2.00
    neigh(154,157) d=7 terrain=10 cost=2.00
  expand #13: (153,159) boat=1 g=8.46 terrain=10 f_top=95.55
    neigh(153,158) d=0 terrain=10 cost=2.00
    neigh(154,158) d=1 terrain=10 cost=2.00
    neigh(154,159) d=2 terrain=10 cost=2.00
    neigh(154,160) d=3 terrain=10 cost=2.00
    neigh(153,160) d=4 terrain=10 cost=2.00
    neigh(152,160) d=5 terrain=10 cost=2.00
    neigh(152,159) d=6 terrain=10 cost=2.00
    neigh(152,158) d=7 terrain=10 cost=2.00
  expand #14: (156,159) boat=1 g=6.00 terrain=10 f_top=96.09
    neigh(156,158) d=0 terrain=10 cost=2.00
    neigh(157,158) d=1 terrain=10 cost=2.00
    neigh(157,159) d=2 terrain=10 cost=2.00
    neigh(157,160) d=3 terrain=10 cost=2.00
    neigh(156,160) d=4 terrain=10 cost=2.00
    neigh(155,160) d=5 terrain=10 cost=2.00
    neigh(155,159) d=6 terrain=10 cost=2.00
    neigh(155,158) d=7 terrain=10 cost=2.00
  expand #15: (152,157) boat=1 g=10.82 terrain=10 f_top=96.09
    neigh(152,156) d=0 terrain=10 cost=2.00
    neigh(153,156) d=1 terrain=10 cost=2.00
    neigh(153,157) d=2 terrain=10 cost=2.00
    neigh(153,158) d=3 terrain=10 cost=2.00
    neigh(152,158) d=4 terrain=10 cost=2.00
    neigh(151,158) d=5 terrain=10 cost=2.00
    neigh(151,157) d=6 terrain=10 cost=2.00
    neigh(151,156) d=7 terrain=10 cost=2.00
  expand #16: (153,158) boat=1 g=9.64 terrain=10 f_top=96.32
    neigh(153,157) d=0 terrain=10 cost=2.00
    neigh(154,157) d=1 terrain=10 cost=2.00
    neigh(154,158) d=2 terrain=10 cost=2.00
=== cost_to(172,100)->(85,141) boat=1 sh=40 tr=40 mn=40 arm=40 budget=16000 src_terrain=10 dst_terrain=4 ===
    neigh(154,159) d=3 terrain=10 cost=2.00
    neigh(153,159) d=4 terrain=10 cost=2.00
    neigh(152,159) d=5 terrain=10 cost=2.00
    neigh(152,158) d=6 terrain=10 cost=2.00
    neigh(152,157) d=7 terrain=10 cost=2.00
  expand #17: (154,156) boat=1 g=10.00 terrain=10 f_top=96.86
    neigh(154,155) d=0 terrain=10 cost=14.00
    neigh(155,155) d=1 terrain=10 cost=13.00
    neigh(155,156) d=2 terrain=10 cost=2.00
    neigh(155,157) d=3 terrain=10 cost=2.00
    neigh(154,157) d=4 terrain=10 cost=2.00
    neigh(153,157) d=5 terrain=10 cost=2.00
    neigh(153,156) d=6 terrain=10 cost=2.00
    neigh(153,155) d=7 terrain=10 cost=13.00
  expand #18: (151,157) boat=1 g=12.82 terrain=10 f_top=97.09
    neigh(151,156) d=0 terrain=10 cost=2.00
    neigh(152,156) d=1 terrain=10 cost=2.00
    neigh(152,157) d=2 terrain=10 cost=2.00
    neigh(152,158) d=3 terrain=10 cost=2.00
    neigh(151,158) d=4 terrain=10 cost=2.00
    neigh(150,158) d=5 terrain=10 cost=2.00
    neigh(150,157) d=6 terrain=10 cost=2.00
    neigh(150,156) d=7 terrain=10 cost=2.00
  expand #19: (152,158) boat=1 g=11.64 terrain=10 f_top=97.32
    neigh(152,157) d=0 terrain=10 cost=2.00
    neigh(153,157) d=1 terrain=10 cost=2.00
    neigh(153,158) d=2 terrain=10 cost=2.00
    neigh(153,159) d=3 terrain=10 cost=2.00
    neigh(152,159) d=4 terrain=10 cost=2.00
    neigh(151,159) d=5 terrain=10 cost=2.00
    neigh(151,158) d=6 terrain=10 cost=2.00
    neigh(151,157) d=7 terrain=10 cost=2.00
  expand #20: (158,158) boat=1 g=5.64 terrain=10 f_top=97.32
    neigh(158,157) d=0 terrain=10 cost=2.00
  expand #1: (172,100) boat=1 g=0.00 terrain=10 f_top=103.81
    neigh(172,99) d=0 terrain=10 cost=2.00
    neigh(159,157) d=1 terrain=10 cost=2.00
    neigh(159,158) d=2 terrain=10 cost=2.00
    neigh(159,159) d=3 terrain=10 cost=2.00
    neigh(158,159) d=4 terrain=10 cost=2.00
    neigh(157,159) d=5 terrain=10 cost=2.00
    neigh(157,158) d=6 terrain=10 cost=2.00
    neigh(157,157) d=7 terrain=10 cost=2.00
    neigh(173,99) d=1 terrain=10 cost=2.00
    neigh(173,100) d=2 terrain=10 cost=2.00
    neigh(173,101) d=3 terrain=10 cost=12.00
    neigh(172,101) d=4 terrain=10 cost=13.00
    neigh(171,101) d=5 terrain=10 cost=14.00
    neigh(171,100) d=6 terrain=10 cost=8.00
    neigh(171,99) d=7 terrain=10 cost=2.00
  expand #2: (171,99) boat=1 g=2.82 terrain=10 f_top=106.04
    neigh(171,98) d=0 terrain=10 cost=2.00
    neigh(172,98) d=1 terrain=10 cost=2.00
    neigh(172,99) d=2 terrain=10 cost=2.00
    neigh(172,100) d=3 terrain=10 cost=2.00
    neigh(171,100) d=4 terrain=10 cost=8.00
    neigh(170,100) d=5 terrain=10 cost=2.00
    neigh(170,99) d=6 terrain=10 cost=2.00
    neigh(170,98) d=7 terrain=10 cost=2.00
  expand #3: (172,99) boat=1 g=2.00 terrain=10 f_top=106.22
    neigh(172,98) d=0 terrain=10 cost=2.00
    neigh(173,98) d=1 terrain=10 cost=2.00
    neigh(173,99) d=2 terrain=10 cost=2.00
    neigh(173,100) d=3 terrain=10 cost=2.00
    neigh(172,100) d=4 terrain=10 cost=2.00
    neigh(171,100) d=5 terrain=10 cost=8.00
    neigh(171,99) d=6 terrain=10 cost=2.00
    neigh(171,98) d=7 terrain=10 cost=2.00
  expand #4: (173,100) boat=1 g=2.00 terrain=10 f_top=106.81
    neigh(173,99) d=0 terrain=10 cost=2.00
    neigh(174,99) d=1 terrain=10 cost=2.00
    neigh(174,100) d=2 terrain=10 cost=2.00
    neigh(174,101) d=3 terrain=10 cost=7.00
    neigh(173,101) d=4 terrain=10 cost=12.00
    neigh(172,101) d=5 terrain=10 cost=13.00
    neigh(172,100) d=6 terrain=10 cost=2.00
    neigh(172,99) d=7 terrain=10 cost=2.00
  expand #5: (173,99) boat=1 g=2.82 terrain=10 f_top=108.04
    neigh(173,98) d=0 terrain=10 cost=2.00
    neigh(174,98) d=1 terrain=10 cost=2.00
    neigh(174,99) d=2 terrain=10 cost=2.00
    neigh(174,100) d=3 terrain=10 cost=2.00
    neigh(173,100) d=4 terrain=10 cost=2.00
    neigh(172,100) d=5 terrain=10 cost=2.00
    neigh(172,99) d=6 terrain=10 cost=2.00
    neigh(172,98) d=7 terrain=10 cost=2.00
  expand #6: (170,98) boat=1 g=5.64 terrain=10 f_top=108.27
    neigh(170,97) d=0 terrain=10 cost=2.00
    neigh(171,97) d=1 terrain=10 cost=2.00
    neigh(171,98) d=2 terrain=10 cost=2.00
    neigh(171,99) d=3 terrain=10 cost=2.00
    neigh(170,99) d=4 terrain=10 cost=2.00
    neigh(169,99) d=5 terrain=10 cost=2.00
    neigh(169,98) d=6 terrain=10 cost=2.00
    neigh(169,97) d=7 terrain=10 cost=2.00
  expand #7: (172,98) boat=1 g=4.00 terrain=10 f_top=108.63
    neigh(172,97) d=0 terrain=10 cost=2.00
    neigh(173,97) d=1 terrain=10 cost=2.00
    neigh(173,98) d=2 terrain=10 cost=2.00
    neigh(173,99) d=3 terrain=10 cost=2.00
    neigh(172,99) d=4 terrain=10 cost=2.00
    neigh(171,99) d=5 terrain=10 cost=2.00
    neigh(171,98) d=6 terrain=10 cost=2.00
    neigh(171,97) d=7 terrain=10 cost=2.00
  expand #8: (170,99) boat=1 g=6.82 terrain=10 f_top=109.04
    neigh(170,98) d=0 terrain=10 cost=2.00
    neigh(171,98) d=1 terrain=10 cost=2.00
    neigh(171,99) d=2 terrain=10 cost=2.00
    neigh(171,100) d=3 terrain=10 cost=8.00
    neigh(170,100) d=4 terrain=10 cost=2.00
    neigh(169,100) d=5 terrain=10 cost=2.00
    neigh(169,99) d=6 terrain=10 cost=2.00
    neigh(169,98) d=7 terrain=10 cost=2.00
  expand #9: (174,100) boat=1 g=4.00 terrain=10 f_top=109.81
    neigh(174,99) d=0 terrain=10 cost=2.00
    neigh(175,99) d=1 terrain=10 cost=2.00
    neigh(175,100) d=2 terrain=10 cost=2.00
    neigh(175,101) d=3 terrain=10 cost=6.00
    neigh(174,101) d=4 terrain=10 cost=7.00
    neigh(173,101) d=5 terrain=10 cost=12.00
    neigh(173,100) d=6 terrain=10 cost=2.00
    neigh(173,99) d=7 terrain=10 cost=2.00
  expand #10: (169,99) boat=1 g=8.82 terrain=10 f_top=110.04
    neigh(169,98) d=0 terrain=10 cost=2.00
    neigh(170,98) d=1 terrain=10 cost=2.00
    neigh(170,99) d=2 terrain=10 cost=2.00
    neigh(170,100) d=3 terrain=10 cost=2.00
    neigh(169,100) d=4 terrain=10 cost=2.00
    neigh(168,100) d=5 terrain=10 cost=2.00
    neigh(168,99) d=6 terrain=10 cost=2.00
    neigh(168,98) d=7 terrain=10 cost=2.00
  expand #11: (171,98) boat=1 g=6.82 terrain=10 f_top=110.45
    neigh(171,97) d=0 terrain=10 cost=2.00
    neigh(172,97) d=1 terrain=10 cost=2.00
    neigh(172,98) d=2 terrain=10 cost=2.00
    neigh(172,99) d=3 terrain=10 cost=2.00
    neigh(171,99) d=4 terrain=10 cost=2.00
    neigh(170,99) d=5 terrain=10 cost=2.00
    neigh(170,98) d=6 terrain=10 cost=2.00
    neigh(170,97) d=7 terrain=10 cost=2.00
  expand #12: (169,97) boat=1 g=8.46 terrain=10 f_top=110.50
    neigh(169,96) d=0 terrain=10 cost=2.00
    neigh(170,96) d=1 terrain=10 cost=2.00
    neigh(170,97) d=2 terrain=10 cost=2.00
    neigh(170,98) d=3 terrain=10 cost=2.00
    neigh(169,98) d=4 terrain=10 cost=2.00
    neigh(168,98) d=5 terrain=10 cost=2.00
    neigh(168,97) d=6 terrain=10 cost=2.00
    neigh(168,96) d=7 terrain=10 cost=2.00
  expand #13: (171,100) boat=1 g=8.00 terrain=10 f_top=110.81
    neigh(171,99) d=0 terrain=10 cost=2.00
    neigh(172,99) d=1 terrain=10 cost=2.00
    neigh(172,100) d=2 terrain=10 cost=2.00
    neigh(172,101) d=3 terrain=10 cost=13.00
    neigh(171,101) d=4 terrain=10 cost=14.00
    neigh(170,101) d=5 terrain=10 cost=13.00
    neigh(170,100) d=6 terrain=10 cost=2.00
    neigh(170,99) d=7 terrain=10 cost=2.00
  expand #14: (172,97) boat=1 g=6.00 terrain=10 f_top=111.04
    neigh(172,96) d=0 terrain=10 cost=2.00
    neigh(173,96) d=1 terrain=10 cost=2.00
    neigh(173,97) d=2 terrain=10 cost=2.00
    neigh(173,98) d=3 terrain=10 cost=2.00
    neigh(172,98) d=4 terrain=10 cost=2.00
    neigh(171,98) d=5 terrain=10 cost=2.00
    neigh(171,97) d=6 terrain=10 cost=2.00
    neigh(171,96) d=7 terrain=10 cost=2.00
  expand #15: (168,99) boat=1 g=10.82 terrain=10 f_top=111.04
    neigh(168,98) d=0 terrain=10 cost=2.00
    neigh(169,98) d=1 terrain=10 cost=2.00
    neigh(169,99) d=2 terrain=10 cost=2.00
    neigh(169,100) d=3 terrain=10 cost=2.00
    neigh(168,100) d=4 terrain=10 cost=2.00
    neigh(167,100) d=5 terrain=10 cost=2.00
    neigh(167,99) d=6 terrain=10 cost=2.00
    neigh(167,98) d=7 terrain=10 cost=2.00
  expand #16: (169,98) boat=1 g=9.64 terrain=10 f_top=111.27
    neigh(169,97) d=0 terrain=10 cost=2.00
    neigh(170,97) d=1 terrain=10 cost=2.00
    neigh(170,98) d=2 terrain=10 cost=2.00
    neigh(170,99) d=3 terrain=10 cost=2.00
    neigh(169,99) d=4 terrain=10 cost=2.00
    neigh(168,99) d=5 terrain=10 cost=2.00
    neigh(168,98) d=6 terrain=10 cost=2.00
    neigh(168,97) d=7 terrain=10 cost=2.00
  expand #17: (170,100) boat=1 g=10.00 terrain=10 f_top=111.81
    neigh(170,99) d=0 terrain=10 cost=2.00
    neigh(171,99) d=1 terrain=10 cost=2.00
    neigh(171,100) d=2 terrain=10 cost=8.00
    neigh(171,101) d=3 terrain=10 cost=14.00
    neigh(170,101) d=4 terrain=10 cost=13.00
    neigh(169,101) d=5 terrain=10 cost=12.00
    neigh(169,100) d=6 terrain=10 cost=2.00
    neigh(169,99) d=7 terrain=10 cost=2.00
  expand #18: (167,99) boat=1 g=12.82 terrain=10 f_top=112.04
    neigh(167,98) d=0 terrain=10 cost=2.00
    neigh(168,98) d=1 terrain=10 cost=2.00
    neigh(168,99) d=2 terrain=10 cost=2.00
    neigh(168,100) d=3 terrain=10 cost=2.00
    neigh(167,100) d=4 terrain=10 cost=2.00
    neigh(166,100) d=5 terrain=10 cost=2.00
    neigh(166,99) d=6 terrain=10 cost=2.00
    neigh(166,98) d=7 terrain=10 cost=2.00
  expand #19: (168,98) boat=1 g=11.64 terrain=10 f_top=112.27
    neigh(168,97) d=0 terrain=10 cost=2.00
    neigh(169,97) d=1 terrain=10 cost=2.00
    neigh(169,98) d=2 terrain=10 cost=2.00
    neigh(169,99) d=3 terrain=10 cost=2.00
    neigh(168,99) d=4 terrain=10 cost=2.00
    neigh(167,99) d=5 terrain=10 cost=2.00
    neigh(167,98) d=6 terrain=10 cost=2.00
    neigh(167,97) d=7 terrain=10 cost=2.00
  expand #20: (174,98) boat=1 g=5.64 terrain=10 f_top=112.27
    neigh(174,97) d=0 terrain=10 cost=2.00
    neigh(175,97) d=1 terrain=10 cost=2.00
    neigh(175,98) d=2 terrain=10 cost=2.00
    neigh(175,99) d=3 terrain=10 cost=2.00
    neigh(174,99) d=4 terrain=10 cost=2.00
    neigh(173,99) d=5 terrain=10 cost=2.00
    neigh(173,98) d=6 terrain=10 cost=2.00
    neigh(173,97) d=7 terrain=10 cost=2.00
  result=1000000015047466219876688855040.00 expanded=16000 open_remaining=2298 term=BUDGET_EXHAUSTED
  timing: init=28.3us search=4403.2us total=4431.5us  per-expand=0.28us
  heap: pushes=30299 pops=28001 stale_pops=12001 peak_open=2298
  neigh: total=128000 oob=0 diag_blocked=1460 cost_inf=130 already_closed=61699 worse_g=34413 relaxed=30298

  result=1000000015047466219876688855040.00 expanded=16000 open_remaining=2606 term=BUDGET_EXHAUSTED
  timing: init=33.8us search=4520.4us total=4554.2us  per-expand=0.28us
  heap: pushes=30643 pops=28037 stale_pops=12037 peak_open=2610
  neigh: total=128000 oob=0 diag_blocked=1041 cost_inf=101 already_closed=61736 worse_g=34480 relaxed=30642

=== cost_to(156,155)->(154,139) boat=1 sh=40 tr=40 mn=40 arm=40 budget=16000 src_terrain=10 dst_terrain=4 ===
  expand #1: (156,155) boat=1 g=0.00 terrain=10 f_top=16.82
    neigh(156,154) d=0 terrain=10 cost=3.60
    neigh(157,154) d=1 terrain=10 cost=3.40
    neigh(157,155) d=2 terrain=10 cost=2.90
    neigh(157,156) d=3 terrain=10 cost=2.00
    neigh(156,156) d=4 terrain=10 cost=2.00
    neigh(155,156) d=5 terrain=10 cost=2.00
    neigh(155,155) d=6 terrain=10 cost=3.10
    neigh(155,154) d=7 terrain=10 cost=3.70
  expand #2: (156,154) boat=1 g=3.60 terrain=10 f_top=19.42
    neigh(156,153) d=0 terrain=1 cost=4.20
    neigh(157,153) d=1 terrain=1 cost=4.00
    neigh(157,154) d=2 terrain=10 cost=3.40
    neigh(157,155) d=3 terrain=10 cost=2.90
    neigh(156,155) d=4 terrain=10 cost=3.00
    neigh(155,155) d=5 terrain=10 cost=3.10
    neigh(155,154) d=6 terrain=10 cost=3.70
    neigh(155,153) d=7 terrain=1 cost=4.30
  expand #3: (155,155) boat=1 g=3.10 terrain=10 f_top=19.51
    neigh(155,154) d=0 terrain=10 cost=3.70
    neigh(156,154) d=1 terrain=10 cost=3.60
    neigh(156,155) d=2 terrain=10 cost=3.00
    neigh(156,156) d=3 terrain=10 cost=2.00
    neigh(155,156) d=4 terrain=10 cost=2.00
    neigh(154,156) d=5 terrain=10 cost=2.60
    neigh(154,155) d=6 terrain=10 cost=3.20
    neigh(154,154) d=7 terrain=10 cost=3.70
  expand #4: (156,156) boat=1 g=2.00 terrain=10 f_top=19.82
    neigh(156,155) d=0 terrain=10 cost=3.00
    neigh(157,155) d=1 terrain=10 cost=2.90
    neigh(157,156) d=2 terrain=10 cost=2.00
    neigh(157,157) d=3 terrain=10 cost=2.00
    neigh(156,157) d=4 terrain=10 cost=2.00
    neigh(155,157) d=5 terrain=10 cost=2.00
    neigh(155,156) d=6 terrain=10 cost=2.00
    neigh(155,155) d=7 terrain=10 cost=3.10
  expand #5: (157,155) boat=1 g=2.90 terrain=10 f_top=20.13
    neigh(157,154) d=0 terrain=10 cost=3.40
    neigh(158,154) d=1 terrain=10 cost=3.20
    neigh(158,155) d=2 terrain=10 cost=2.70
    neigh(158,156) d=3 terrain=10 cost=2.00
    neigh(157,156) d=4 terrain=10 cost=2.00
    neigh(156,156) d=5 terrain=10 cost=2.00
    neigh(156,155) d=6 terrain=10 cost=3.00
    neigh(156,154) d=7 terrain=10 cost=3.60
  expand #6: (155,156) boat=1 g=2.82 terrain=10 f_top=20.23
    neigh(155,155) d=0 terrain=10 cost=3.10
    neigh(156,155) d=1 terrain=10 cost=3.00
    neigh(156,156) d=2 terrain=10 cost=2.00
    neigh(156,157) d=3 terrain=10 cost=2.00
    neigh(155,157) d=4 terrain=10 cost=2.00
    neigh(154,157) d=5 terrain=10 cost=2.00
    neigh(154,156) d=6 terrain=10 cost=2.60
    neigh(154,155) d=7 terrain=10 cost=3.20
  expand #7: (155,154) boat=1 g=5.22 terrain=10 f_top=20.63
    neigh(155,153) d=0 terrain=1 cost=4.30
    neigh(156,153) d=1 terrain=1 cost=4.20
    neigh(156,154) d=2 terrain=10 cost=3.60
    neigh(156,155) d=3 terrain=10 cost=3.00
    neigh(155,155) d=4 terrain=10 cost=3.10
    neigh(154,155) d=5 terrain=10 cost=3.20
    neigh(154,154) d=6 terrain=10 cost=3.70
    neigh(154,153) d=7 terrain=1 cost=4.30
  expand #8: (157,154) boat=1 g=4.79 terrain=10 f_top=21.02
    neigh(157,153) d=0 terrain=1 cost=4.00
    neigh(158,153) d=1 terrain=1 cost=3.70
    neigh(158,154) d=2 terrain=10 cost=3.20
    neigh(158,155) d=3 terrain=10 cost=2.70
    neigh(157,155) d=4 terrain=10 cost=2.90
    neigh(156,155) d=5 terrain=10 cost=3.00
    neigh(156,154) d=6 terrain=10 cost=3.60
    neigh(156,153) d=7 terrain=1 cost=4.20
  expand #9: (157,156) boat=1 g=2.82 terrain=10 f_top=21.05
    neigh(157,155) d=0 terrain=10 cost=2.90
    neigh(158,155) d=1 terrain=10 cost=2.70
    neigh(158,156) d=2 terrain=10 cost=2.00
    neigh(158,157) d=3 terrain=10 cost=2.00
    neigh(157,157) d=4 terrain=10 cost=2.00
    neigh(156,157) d=5 terrain=10 cost=2.00
    neigh(156,156) d=6 terrain=10 cost=2.00
    neigh(156,155) d=7 terrain=10 cost=3.00
  expand #10: (154,155) boat=1 g=6.30 terrain=10 f_top=22.30
    neigh(154,154) d=0 terrain=10 cost=3.70
    neigh(155,154) d=1 terrain=10 cost=3.70
    neigh(155,155) d=2 terrain=10 cost=3.10
    neigh(155,156) d=3 terrain=10 cost=2.00
    neigh(154,156) d=4 terrain=10 cost=2.60
    neigh(153,156) d=5 terrain=10 cost=2.00
    neigh(153,155) d=6 terrain=10 cost=3.10
    neigh(153,154) d=7 terrain=10 cost=3.70
  expand #11: (156,153) boat=1 g=7.80 terrain=1 f_top=22.62
    neigh(156,152) d=0 terrain=1 cost=4.70
    neigh(157,152) d=1 terrain=1 cost=4.50
    neigh(157,153) d=2 terrain=1 cost=4.00
    neigh(157,154) d=3 terrain=10 cost=3.40
    neigh(156,154) d=4 terrain=10 cost=3.60
    neigh(155,154) d=5 terrain=10 cost=3.70
    neigh(155,153) d=6 terrain=1 cost=4.30
    neigh(155,152) d=7 terrain=1 cost=4.90
  expand #12: (156,157) boat=1 g=4.00 terrain=10 f_top=22.82
    neigh(156,156) d=0 terrain=10 cost=2.00
    neigh(157,156) d=1 terrain=10 cost=2.00
    neigh(157,157) d=2 terrain=10 cost=2.00
    neigh(157,158) d=3 terrain=10 cost=2.00
    neigh(156,158) d=4 terrain=10 cost=2.00
    neigh(155,158) d=5 terrain=10 cost=2.00
    neigh(155,157) d=6 terrain=10 cost=2.00
    neigh(155,156) d=7 terrain=10 cost=2.00
  expand #13: (158,155) boat=1 g=5.60 terrain=10 f_top=23.24
    neigh(158,154) d=0 terrain=10 cost=3.20
    neigh(159,154) d=1 terrain=10 cost=2.90
    neigh(159,155) d=2 terrain=10 cost=2.00
    neigh(159,156) d=3 terrain=10 cost=2.00
    neigh(158,156) d=4 terrain=10 cost=2.00
    neigh(157,156) d=5 terrain=10 cost=2.00
    neigh(157,155) d=6 terrain=10 cost=2.90
    neigh(157,154) d=7 terrain=10 cost=3.40
  expand #14: (154,157) boat=1 g=5.64 terrain=10 f_top=23.64
    neigh(154,156) d=0 terrain=10 cost=2.60
    neigh(155,156) d=1 terrain=10 cost=2.00
    neigh(155,157) d=2 terrain=10 cost=2.00
    neigh(155,158) d=3 terrain=10 cost=2.00
    neigh(154,158) d=4 terrain=10 cost=2.00
    neigh(153,158) d=5 terrain=10 cost=2.00
    neigh(153,157) d=6 terrain=10 cost=2.00
    neigh(153,156) d=7 terrain=10 cost=2.00
  expand #15: (154,156) boat=1 g=7.42 terrain=10 f_top=24.42
    neigh(154,155) d=0 terrain=10 cost=3.20
    neigh(155,155) d=1 terrain=10 cost=3.10
    neigh(155,156) d=2 terrain=10 cost=2.00
    neigh(155,157) d=3 terrain=10 cost=2.00
    neigh(154,157) d=4 terrain=10 cost=2.00
    neigh(153,157) d=5 terrain=10 cost=2.00
    neigh(153,156) d=6 terrain=10 cost=2.00
    neigh(153,155) d=7 terrain=10 cost=3.10
  expand #16: (155,157) boat=1 g=6.82 terrain=10 f_top=25.23
    neigh(155,156) d=0 terrain=10 cost=2.00
    neigh(156,156) d=1 terrain=10 cost=2.00
    neigh(156,157) d=2 terrain=10 cost=2.00
    neigh(156,158) d=3 terrain=10 cost=2.00
    neigh(155,158) d=4 terrain=10 cost=2.00
    neigh(154,158) d=5 terrain=10 cost=2.00
    neigh(154,157) d=6 terrain=10 cost=2.00
    neigh(154,156) d=7 terrain=10 cost=2.60
  expand #17: (158,157) boat=1 g=5.64 terrain=10 f_top=25.28
    neigh(158,156) d=0 terrain=10 cost=2.00
    neigh(159,156) d=1 terrain=10 cost=2.00
    neigh(159,157) d=2 terrain=10 cost=2.00
    neigh(159,158) d=3 terrain=10 cost=2.00
    neigh(158,158) d=4 terrain=10 cost=2.00
    neigh(157,158) d=5 terrain=10 cost=2.00
    neigh(157,157) d=6 terrain=10 cost=2.00
    neigh(157,156) d=7 terrain=10 cost=2.00
  expand #18: (154,153) boat=1 g=11.28 terrain=1 f_top=25.28
    neigh(154,152) d=0 terrain=1 cost=4.90
    neigh(155,152) d=1 terrain=1 cost=4.90
    neigh(155,153) d=2 terrain=1 cost=4.30
    neigh(155,154) d=3 terrain=10 cost=3.70
    neigh(154,154) d=4 terrain=10 cost=3.70
    neigh(153,154) d=5 terrain=10 cost=3.70
    neigh(153,153) d=6 terrain=1 cost=4.30
    neigh(153,152) d=7 terrain=1 cost=4.90
  expand #19: (158,156) boat=1 g=6.82 terrain=10 f_top=25.46
    neigh(158,155) d=0 terrain=10 cost=2.70
    neigh(159,155) d=1 terrain=10 cost=2.00
    neigh(159,156) d=2 terrain=10 cost=2.00
    neigh(159,157) d=3 terrain=10 cost=2.00
    neigh(158,157) d=4 terrain=10 cost=2.00
    neigh(157,157) d=5 terrain=10 cost=2.00
    neigh(157,156) d=6 terrain=10 cost=2.00
    neigh(157,155) d=7 terrain=10 cost=2.90
  expand #20: (159,155) boat=1 g=7.60 terrain=10 f_top=25.65
    neigh(159,154) d=0 terrain=10 cost=2.90
    neigh(160,154) d=1 terrain=10 cost=2.60
    neigh(160,155) d=2 terrain=10 cost=2.00
    neigh(160,156) d=3 terrain=10 cost=2.00
    neigh(159,156) d=4 terrain=10 cost=2.00
    neigh(158,156) d=5 terrain=10 cost=2.00
    neigh(158,155) d=6 terrain=10 cost=2.70
    neigh(158,154) d=7 terrain=10 cost=3.20
  FOUND dest at expand #769, cost=70.24
  result=70.24 expanded=769 open_remaining=467 term=FOUND
  timing: init=35.3us search=722.7us total=758.0us  per-expand=0.94us
  heap: pushes=1653 pops=1186 stale_pops=417 peak_open=469
  neigh: total=6144 oob=0 diag_blocked=132 cost_inf=5 already_closed=2655 worse_g=1700 relaxed=1652

=== cost_to(156,155)->(168,132) boat=1 sh=40 tr=40 mn=40 arm=40 budget=16000 src_terrain=10 dst_terrain=7 ===
  expand #1: (156,155) boat=1 g=0.00 terrain=10 f_top=27.92
    neigh(156,154) d=0 terrain=10 cost=3.60
    neigh(157,154) d=1 terrain=10 cost=3.40
    neigh(157,155) d=2 terrain=10 cost=2.90
    neigh(157,156) d=3 terrain=10 cost=2.00
    neigh(156,156) d=4 terrain=10 cost=2.00
    neigh(155,156) d=5 terrain=10 cost=2.00
    neigh(155,155) d=6 terrain=10 cost=3.10
    neigh(155,154) d=7 terrain=10 cost=3.70
  expand #2: (157,155) boat=1 g=2.90 terrain=10 f_top=30.41
    neigh(157,154) d=0 terrain=10 cost=3.40
    neigh(158,154) d=1 terrain=10 cost=3.20
    neigh(158,155) d=2 terrain=10 cost=2.70
    neigh(158,156) d=3 terrain=10 cost=2.00
    neigh(157,156) d=4 terrain=10 cost=2.00
    neigh(156,156) d=5 terrain=10 cost=2.00
    neigh(156,155) d=6 terrain=10 cost=3.00
    neigh(156,154) d=7 terrain=10 cost=3.60
  expand #3: (156,154) boat=1 g=3.60 terrain=10 f_top=30.52
    neigh(156,153) d=0 terrain=1 cost=4.20
    neigh(157,153) d=1 terrain=1 cost=4.00
    neigh(157,154) d=2 terrain=10 cost=3.40
    neigh(157,155) d=3 terrain=10 cost=2.90
    neigh(156,155) d=4 terrain=10 cost=3.00
    neigh(155,155) d=5 terrain=10 cost=3.10
    neigh(155,154) d=6 terrain=10 cost=3.70
    neigh(155,153) d=7 terrain=1 cost=4.30
  expand #4: (156,156) boat=1 g=2.00 terrain=10 f_top=30.92
    neigh(156,155) d=0 terrain=10 cost=3.00
    neigh(157,155) d=1 terrain=10 cost=2.90
    neigh(157,156) d=2 terrain=10 cost=2.00
    neigh(157,157) d=3 terrain=10 cost=2.00
    neigh(156,157) d=4 terrain=10 cost=2.00
    neigh(155,157) d=5 terrain=10 cost=2.00
    neigh(155,156) d=6 terrain=10 cost=2.00
    neigh(155,155) d=7 terrain=10 cost=3.10
  expand #5: (157,154) boat=1 g=4.79 terrain=10 f_top=31.30
    neigh(157,153) d=0 terrain=1 cost=4.00
    neigh(158,153) d=1 terrain=1 cost=3.70
    neigh(158,154) d=2 terrain=10 cost=3.20
    neigh(158,155) d=3 terrain=10 cost=2.70
    neigh(157,155) d=4 terrain=10 cost=2.90
    neigh(156,155) d=5 terrain=10 cost=3.00
    neigh(156,154) d=6 terrain=10 cost=3.60
    neigh(156,153) d=7 terrain=1 cost=4.20
  expand #6: (157,156) boat=1 g=2.82 terrain=10 f_top=31.33
    neigh(157,155) d=0 terrain=10 cost=2.90
    neigh(158,155) d=1 terrain=10 cost=2.70
    neigh(158,156) d=2 terrain=10 cost=2.00
    neigh(158,157) d=3 terrain=10 cost=2.00
    neigh(157,157) d=4 terrain=10 cost=2.00
    neigh(156,157) d=5 terrain=10 cost=2.00
    neigh(156,156) d=6 terrain=10 cost=2.00
    neigh(156,155) d=7 terrain=10 cost=3.00
  expand #7: (155,155) boat=1 g=3.10 terrain=10 f_top=31.43
    neigh(155,154) d=0 terrain=10 cost=3.70
    neigh(156,154) d=1 terrain=10 cost=3.60
    neigh(156,155) d=2 terrain=10 cost=3.00
    neigh(156,156) d=3 terrain=10 cost=2.00
    neigh(155,156) d=4 terrain=10 cost=2.00
    neigh(154,156) d=5 terrain=10 cost=2.60
    neigh(154,155) d=6 terrain=10 cost=3.20
    neigh(154,154) d=7 terrain=10 cost=3.70
  expand #8: (155,156) boat=1 g=2.82 terrain=10 f_top=32.15
    neigh(155,155) d=0 terrain=10 cost=3.10
    neigh(156,155) d=1 terrain=10 cost=3.00
    neigh(156,156) d=2 terrain=10 cost=2.00
    neigh(156,157) d=3 terrain=10 cost=2.00
    neigh(155,157) d=4 terrain=10 cost=2.00
    neigh(154,157) d=5 terrain=10 cost=2.00
    neigh(154,156) d=6 terrain=10 cost=2.60
    neigh(154,155) d=7 terrain=10 cost=3.20
  expand #9: (155,154) boat=1 g=5.22 terrain=10 f_top=32.55
    neigh(155,153) d=0 terrain=1 cost=4.30
    neigh(156,153) d=1 terrain=1 cost=4.20
    neigh(156,154) d=2 terrain=10 cost=3.60
    neigh(156,155) d=3 terrain=10 cost=3.00
    neigh(155,155) d=4 terrain=10 cost=3.10
    neigh(154,155) d=5 terrain=10 cost=3.20
    neigh(154,154) d=6 terrain=10 cost=3.70
    neigh(154,153) d=7 terrain=1 cost=4.30
  expand #10: (158,155) boat=1 g=5.60 terrain=10 f_top=32.70
    neigh(158,154) d=0 terrain=10 cost=3.20
    neigh(159,154) d=1 terrain=10 cost=2.90
    neigh(159,155) d=2 terrain=10 cost=2.00
    neigh(159,156) d=3 terrain=10 cost=2.00
    neigh(158,156) d=4 terrain=10 cost=2.00
    neigh(157,156) d=5 terrain=10 cost=2.00
    neigh(157,155) d=6 terrain=10 cost=2.90
    neigh(157,154) d=7 terrain=10 cost=3.40
  expand #11: (156,153) boat=1 g=7.80 terrain=1 f_top=33.72
    neigh(156,152) d=0 terrain=1 cost=4.70
    neigh(157,152) d=1 terrain=1 cost=4.50
    neigh(157,153) d=2 terrain=1 cost=4.00
    neigh(157,154) d=3 terrain=10 cost=3.40
    neigh(156,154) d=4 terrain=10 cost=3.60
    neigh(155,154) d=5 terrain=10 cost=3.70
    neigh(155,153) d=6 terrain=1 cost=4.30
    neigh(155,152) d=7 terrain=1 cost=4.90
  expand #12: (156,157) boat=1 g=4.00 terrain=10 f_top=33.92
    neigh(156,156) d=0 terrain=10 cost=2.00
    neigh(157,156) d=1 terrain=10 cost=2.00
    neigh(157,157) d=2 terrain=10 cost=2.00
    neigh(157,158) d=3 terrain=10 cost=2.00
    neigh(156,158) d=4 terrain=10 cost=2.00
    neigh(155,158) d=5 terrain=10 cost=2.00
    neigh(155,157) d=6 terrain=10 cost=2.00
    neigh(155,156) d=7 terrain=10 cost=2.00
  expand #13: (159,155) boat=1 g=7.60 terrain=10 f_top=34.29
    neigh(159,154) d=0 terrain=10 cost=2.90
    neigh(160,154) d=1 terrain=10 cost=2.60
    neigh(160,155) d=2 terrain=10 cost=2.00
    neigh(160,156) d=3 terrain=10 cost=2.00
    neigh(159,156) d=4 terrain=10 cost=2.00
    neigh(158,156) d=5 terrain=10 cost=2.00
    neigh(158,155) d=6 terrain=10 cost=2.70
    neigh(158,154) d=7 terrain=10 cost=3.20
  expand #14: (158,157) boat=1 g=5.64 terrain=10 f_top=34.74
    neigh(158,156) d=0 terrain=10 cost=2.00
    neigh(159,156) d=1 terrain=10 cost=2.00
    neigh(159,157) d=2 terrain=10 cost=2.00
    neigh(159,158) d=3 terrain=10 cost=2.00
    neigh(158,158) d=4 terrain=10 cost=2.00
    neigh(157,158) d=5 terrain=10 cost=2.00
    neigh(157,157) d=6 terrain=10 cost=2.00
    neigh(157,156) d=7 terrain=10 cost=2.00
  expand #15: (158,156) boat=1 g=6.82 terrain=10 f_top=34.92
    neigh(158,155) d=0 terrain=10 cost=2.70
    neigh(159,155) d=1 terrain=10 cost=2.00
    neigh(159,156) d=2 terrain=10 cost=2.00
    neigh(159,157) d=3 terrain=10 cost=2.00
    neigh(158,157) d=4 terrain=10 cost=2.00
    neigh(157,157) d=5 terrain=10 cost=2.00
    neigh(157,156) d=6 terrain=10 cost=2.00
    neigh(157,155) d=7 terrain=10 cost=2.90
  expand #16: (154,155) boat=1 g=6.30 terrain=10 f_top=35.04
    neigh(154,154) d=0 terrain=10 cost=3.70
    neigh(155,154) d=1 terrain=10 cost=3.70
    neigh(155,155) d=2 terrain=10 cost=3.10
    neigh(155,156) d=3 terrain=10 cost=2.00
    neigh(154,156) d=4 terrain=10 cost=2.60
    neigh(153,156) d=5 terrain=10 cost=2.00
    neigh(153,155) d=6 terrain=10 cost=3.10
    neigh(153,154) d=7 terrain=10 cost=3.70
  expand #17: (158,153) boat=1 g=10.01 terrain=1 f_top=35.11
    neigh(158,152) d=0 terrain=1 cost=4.20
    neigh(159,152) d=1 terrain=0 cost=30.00
    neigh(159,153) d=2 terrain=1 cost=3.40
    neigh(159,154) d=3 terrain=10 cost=2.90
    neigh(158,154) d=4 terrain=10 cost=3.20
    neigh(157,154) d=5 terrain=10 cost=3.40
    neigh(157,153) d=6 terrain=1 cost=4.00
    neigh(157,152) d=7 terrain=1 cost=4.50
  expand #18: (160,155) boat=1 g=9.60 terrain=10 f_top=35.88
    neigh(160,154) d=0 terrain=10 cost=2.60
    neigh(161,154) d=1 terrain=10 cost=2.00
    neigh(161,155) d=2 terrain=10 cost=2.00
    neigh(161,156) d=3 terrain=10 cost=2.00
    neigh(160,156) d=4 terrain=10 cost=2.00
    neigh(159,156) d=5 terrain=10 cost=2.00
    neigh(159,155) d=6 terrain=10 cost=2.00
    neigh(159,154) d=7 terrain=10 cost=2.90
  expand #19: (158,154) boat=1 g=9.99 terrain=10 f_top=36.09
    neigh(158,153) d=0 terrain=1 cost=3.70
    neigh(159,153) d=1 terrain=1 cost=3.40
    neigh(159,154) d=2 terrain=10 cost=2.90
    neigh(159,155) d=3 terrain=10 cost=2.00
    neigh(158,155) d=4 terrain=10 cost=2.70
    neigh(157,155) d=5 terrain=10 cost=2.90
    neigh(157,154) d=6 terrain=10 cost=3.40
    neigh(157,153) d=7 terrain=1 cost=4.00
  expand #20: (157,153) boat=1 g=10.79 terrain=1 f_top=36.30
    neigh(157,152) d=0 terrain=1 cost=4.50
    neigh(158,152) d=1 terrain=1 cost=4.20
    neigh(158,153) d=2 terrain=1 cost=3.70
    neigh(158,154) d=3 terrain=10 cost=3.20
    neigh(157,154) d=4 terrain=10 cost=3.40
    neigh(156,154) d=5 terrain=10 cost=3.60
    neigh(156,153) d=6 terrain=1 cost=4.20
    neigh(156,152) d=7 terrain=1 cost=4.70
  FOUND dest at expand #2388, cost=110.05
  result=110.05 expanded=2388 open_remaining=866 term=FOUND
  timing: init=37.0us search=1098.4us total=1135.4us  per-expand=0.46us
  heap: pushes=4702 pops=3836 stale_pops=1448 peak_open=874
  neigh: total=19096 oob=0 diag_blocked=370 cost_inf=28 already_closed=8692 worse_g=5305 relaxed=4701

=== cost_to(156,155)->(167,124) boat=1 sh=40 tr=40 mn=40 arm=40 budget=16000 src_terrain=10 dst_terrain=7 ===
  expand #1: (156,155) boat=1 g=0.00 terrain=10 f_top=35.51
    neigh(156,154) d=0 terrain=10 cost=3.60
    neigh(157,154) d=1 terrain=10 cost=3.40
    neigh(157,155) d=2 terrain=10 cost=2.90
    neigh(157,156) d=3 terrain=10 cost=2.00
    neigh(156,156) d=4 terrain=10 cost=2.00
    neigh(155,156) d=5 terrain=10 cost=2.00
    neigh(155,155) d=6 terrain=10 cost=3.10
    neigh(155,154) d=7 terrain=10 cost=3.70
  expand #2: (157,155) boat=1 g=2.90 terrain=10 f_top=38.00
    neigh(157,154) d=0 terrain=10 cost=3.40
    neigh(158,154) d=1 terrain=10 cost=3.20
    neigh(158,155) d=2 terrain=10 cost=2.70
    neigh(158,156) d=3 terrain=10 cost=2.00
    neigh(157,156) d=4 terrain=10 cost=2.00
    neigh(156,156) d=5 terrain=10 cost=2.00
    neigh(156,155) d=6 terrain=10 cost=3.00
    neigh(156,154) d=7 terrain=10 cost=3.60
  expand #3: (156,154) boat=1 g=3.60 terrain=10 f_top=38.11
    neigh(156,153) d=0 terrain=1 cost=4.20
    neigh(157,153) d=1 terrain=1 cost=4.00
    neigh(157,154) d=2 terrain=10 cost=3.40
    neigh(157,155) d=3 terrain=10 cost=2.90
    neigh(156,155) d=4 terrain=10 cost=3.00
    neigh(155,155) d=5 terrain=10 cost=3.10
    neigh(155,154) d=6 terrain=10 cost=3.70
    neigh(155,153) d=7 terrain=1 cost=4.30
  expand #4: (156,156) boat=1 g=2.00 terrain=10 f_top=38.51
    neigh(156,155) d=0 terrain=10 cost=3.00
    neigh(157,155) d=1 terrain=10 cost=2.90
    neigh(157,156) d=2 terrain=10 cost=2.00
    neigh(157,157) d=3 terrain=10 cost=2.00
    neigh(156,157) d=4 terrain=10 cost=2.00
    neigh(155,157) d=5 terrain=10 cost=2.00
    neigh(155,156) d=6 terrain=10 cost=2.00
    neigh(155,155) d=7 terrain=10 cost=3.10
  expand #5: (157,154) boat=1 g=4.79 terrain=10 f_top=38.89
    neigh(157,153) d=0 terrain=1 cost=4.00
    neigh(158,153) d=1 terrain=1 cost=3.70
    neigh(158,154) d=2 terrain=10 cost=3.20
    neigh(158,155) d=3 terrain=10 cost=2.70
    neigh(157,155) d=4 terrain=10 cost=2.90
    neigh(156,155) d=5 terrain=10 cost=3.00
    neigh(156,154) d=6 terrain=10 cost=3.60
    neigh(156,153) d=7 terrain=1 cost=4.20
  expand #6: (157,156) boat=1 g=2.82 terrain=10 f_top=38.92
    neigh(157,155) d=0 terrain=10 cost=2.90
    neigh(158,155) d=1 terrain=10 cost=2.70
    neigh(158,156) d=2 terrain=10 cost=2.00
    neigh(158,157) d=3 terrain=10 cost=2.00
    neigh(157,157) d=4 terrain=10 cost=2.00
    neigh(156,157) d=5 terrain=10 cost=2.00
    neigh(156,156) d=6 terrain=10 cost=2.00
    neigh(156,155) d=7 terrain=10 cost=3.00
  expand #7: (155,155) boat=1 g=3.10 terrain=10 f_top=39.02
    neigh(155,154) d=0 terrain=10 cost=3.70
    neigh(156,154) d=1 terrain=10 cost=3.60
    neigh(156,155) d=2 terrain=10 cost=3.00
    neigh(156,156) d=3 terrain=10 cost=2.00
    neigh(155,156) d=4 terrain=10 cost=2.00
    neigh(154,156) d=5 terrain=10 cost=2.60
    neigh(154,155) d=6 terrain=10 cost=3.20
    neigh(154,154) d=7 terrain=10 cost=3.70
  expand #8: (155,156) boat=1 g=2.82 terrain=10 f_top=39.74
    neigh(155,155) d=0 terrain=10 cost=3.10
    neigh(156,155) d=1 terrain=10 cost=3.00
    neigh(156,156) d=2 terrain=10 cost=2.00
    neigh(156,157) d=3 terrain=10 cost=2.00
    neigh(155,157) d=4 terrain=10 cost=2.00
    neigh(154,157) d=5 terrain=10 cost=2.00
    neigh(154,156) d=6 terrain=10 cost=2.60
    neigh(154,155) d=7 terrain=10 cost=3.20
  expand #9: (155,154) boat=1 g=5.22 terrain=10 f_top=40.14
    neigh(155,153) d=0 terrain=1 cost=4.30
    neigh(156,153) d=1 terrain=1 cost=4.20
    neigh(156,154) d=2 terrain=10 cost=3.60
    neigh(156,155) d=3 terrain=10 cost=3.00
    neigh(155,155) d=4 terrain=10 cost=3.10
    neigh(154,155) d=5 terrain=10 cost=3.20
    neigh(154,154) d=6 terrain=10 cost=3.70
    neigh(154,153) d=7 terrain=1 cost=4.30
  expand #10: (158,155) boat=1 g=5.60 terrain=10 f_top=40.29
    neigh(158,154) d=0 terrain=10 cost=3.20
    neigh(159,154) d=1 terrain=10 cost=2.90
    neigh(159,155) d=2 terrain=10 cost=2.00
    neigh(159,156) d=3 terrain=10 cost=2.00
    neigh(158,156) d=4 terrain=10 cost=2.00
    neigh(157,156) d=5 terrain=10 cost=2.00
    neigh(157,155) d=6 terrain=10 cost=2.90
    neigh(157,154) d=7 terrain=10 cost=3.40
  expand #11: (156,153) boat=1 g=7.80 terrain=1 f_top=41.31
    neigh(156,152) d=0 terrain=1 cost=4.70
    neigh(157,152) d=1 terrain=1 cost=4.50
    neigh(157,153) d=2 terrain=1 cost=4.00
    neigh(157,154) d=3 terrain=10 cost=3.40
    neigh(156,154) d=4 terrain=10 cost=3.60
    neigh(155,154) d=5 terrain=10 cost=3.70
    neigh(155,153) d=6 terrain=1 cost=4.30
    neigh(155,152) d=7 terrain=1 cost=4.90
  expand #12: (156,157) boat=1 g=4.00 terrain=10 f_top=41.51
    neigh(156,156) d=0 terrain=10 cost=2.00
    neigh(157,156) d=1 terrain=10 cost=2.00
    neigh(157,157) d=2 terrain=10 cost=2.00
    neigh(157,158) d=3 terrain=10 cost=2.00
    neigh(156,158) d=4 terrain=10 cost=2.00
    neigh(155,158) d=5 terrain=10 cost=2.00
    neigh(155,157) d=6 terrain=10 cost=2.00
    neigh(155,156) d=7 terrain=10 cost=2.00
  expand #13: (159,155) boat=1 g=7.60 terrain=10 f_top=41.88
    neigh(159,154) d=0 terrain=10 cost=2.90
    neigh(160,154) d=1 terrain=10 cost=2.60
    neigh(160,155) d=2 terrain=10 cost=2.00
    neigh(160,156) d=3 terrain=10 cost=2.00
    neigh(159,156) d=4 terrain=10 cost=2.00
    neigh(158,156) d=5 terrain=10 cost=2.00
    neigh(158,155) d=6 terrain=10 cost=2.70
    neigh(158,154) d=7 terrain=10 cost=3.20
  expand #14: (158,157) boat=1 g=5.64 terrain=10 f_top=42.33
    neigh(158,156) d=0 terrain=10 cost=2.00
    neigh(159,156) d=1 terrain=10 cost=2.00
    neigh(159,157) d=2 terrain=10 cost=2.00
    neigh(159,158) d=3 terrain=10 cost=2.00
    neigh(158,158) d=4 terrain=10 cost=2.00
    neigh(157,158) d=5 terrain=10 cost=2.00
    neigh(157,157) d=6 terrain=10 cost=2.00
    neigh(157,156) d=7 terrain=10 cost=2.00
  expand #15: (158,156) boat=1 g=6.82 terrain=10 f_top=42.51
    neigh(158,155) d=0 terrain=10 cost=2.70
    neigh(159,155) d=1 terrain=10 cost=2.00
    neigh(159,156) d=2 terrain=10 cost=2.00
    neigh(159,157) d=3 terrain=10 cost=2.00
    neigh(158,157) d=4 terrain=10 cost=2.00
    neigh(157,157) d=5 terrain=10 cost=2.00
    neigh(157,156) d=6 terrain=10 cost=2.00
    neigh(157,155) d=7 terrain=10 cost=2.90
  expand #16: (154,155) boat=1 g=6.30 terrain=10 f_top=42.63
    neigh(154,154) d=0 terrain=10 cost=3.70
    neigh(155,154) d=1 terrain=10 cost=3.70
    neigh(155,155) d=2 terrain=10 cost=3.10
    neigh(155,156) d=3 terrain=10 cost=2.00
    neigh(154,156) d=4 terrain=10 cost=2.60
    neigh(153,156) d=5 terrain=10 cost=2.00
    neigh(153,155) d=6 terrain=10 cost=3.10
    neigh(153,154) d=7 terrain=10 cost=3.70
  expand #17: (158,153) boat=1 g=10.01 terrain=1 f_top=42.70
    neigh(158,152) d=0 terrain=1 cost=4.20
    neigh(159,152) d=1 terrain=0 cost=30.00
    neigh(159,153) d=2 terrain=1 cost=3.40
    neigh(159,154) d=3 terrain=10 cost=2.90
    neigh(158,154) d=4 terrain=10 cost=3.20
    neigh(157,154) d=5 terrain=10 cost=3.40
    neigh(157,153) d=6 terrain=1 cost=4.00
    neigh(157,152) d=7 terrain=1 cost=4.50
  expand #18: (160,155) boat=1 g=9.60 terrain=10 f_top=43.47
    neigh(160,154) d=0 terrain=10 cost=2.60
    neigh(161,154) d=1 terrain=10 cost=2.00
    neigh(161,155) d=2 terrain=10 cost=2.00
    neigh(161,156) d=3 terrain=10 cost=2.00
    neigh(160,156) d=4 terrain=10 cost=2.00
    neigh(159,156) d=5 terrain=10 cost=2.00
    neigh(159,155) d=6 terrain=10 cost=2.00
    neigh(159,154) d=7 terrain=10 cost=2.90
  expand #19: (158,154) boat=1 g=9.99 terrain=10 f_top=43.68
    neigh(158,153) d=0 terrain=1 cost=3.70
    neigh(159,153) d=1 terrain=1 cost=3.40
    neigh(159,154) d=2 terrain=10 cost=2.90
    neigh(159,155) d=3 terrain=10 cost=2.00
    neigh(158,155) d=4 terrain=10 cost=2.70
    neigh(157,155) d=5 terrain=10 cost=2.90
    neigh(157,154) d=6 terrain=10 cost=3.40
    neigh(157,153) d=7 terrain=1 cost=4.00
  expand #20: (157,153) boat=1 g=10.79 terrain=1 f_top=43.89
    neigh(157,152) d=0 terrain=1 cost=4.50
    neigh(158,152) d=1 terrain=1 cost=4.20
    neigh(158,153) d=2 terrain=1 cost=3.70
    neigh(158,154) d=3 terrain=10 cost=3.20
    neigh(157,154) d=4 terrain=10 cost=3.40
    neigh(156,154) d=5 terrain=10 cost=3.60
    neigh(156,153) d=6 terrain=1 cost=4.20
    neigh(156,152) d=7 terrain=1 cost=4.70
  FOUND dest at expand #2544, cost=117.35
  result=117.35 expanded=2544 open_remaining=944 term=FOUND
  timing: init=39.9us search=1267.8us total=1307.7us  per-expand=0.50us
  heap: pushes=5068 pops=4124 stale_pops=1580 peak_open=956
  neigh: total=20344 oob=0 diag_blocked=390 cost_inf=28 already_closed=9287 worse_g=5572 relaxed=5067

=== cost_to(156,155)->(169,125) boat=1 sh=40 tr=40 mn=40 arm=40 budget=16000 src_terrain=10 dst_terrain=7 ===
  expand #1: (156,155) boat=1 g=0.00 terrain=10 f_top=35.33
    neigh(156,154) d=0 terrain=10 cost=3.60
    neigh(157,154) d=1 terrain=10 cost=3.40
    neigh(157,155) d=2 terrain=10 cost=2.90
    neigh(157,156) d=3 terrain=10 cost=2.00
    neigh(156,156) d=4 terrain=10 cost=2.00
    neigh(155,156) d=5 terrain=10 cost=2.00
    neigh(155,155) d=6 terrain=10 cost=3.10
    neigh(155,154) d=7 terrain=10 cost=3.70
  expand #2: (157,155) boat=1 g=2.90 terrain=10 f_top=37.82
    neigh(157,154) d=0 terrain=10 cost=3.40
    neigh(158,154) d=1 terrain=10 cost=3.20
    neigh(158,155) d=2 terrain=10 cost=2.70
    neigh(158,156) d=3 terrain=10 cost=2.00
    neigh(157,156) d=4 terrain=10 cost=2.00
    neigh(156,156) d=5 terrain=10 cost=2.00
    neigh(156,155) d=6 terrain=10 cost=3.00
    neigh(156,154) d=7 terrain=10 cost=3.60
  expand #3: (156,154) boat=1 g=3.60 terrain=10 f_top=37.93
    neigh(156,153) d=0 terrain=1 cost=4.20
    neigh(157,153) d=1 terrain=1 cost=4.00
    neigh(157,154) d=2 terrain=10 cost=3.40
    neigh(157,155) d=3 terrain=10 cost=2.90
    neigh(156,155) d=4 terrain=10 cost=3.00
    neigh(155,155) d=5 terrain=10 cost=3.10
    neigh(155,154) d=6 terrain=10 cost=3.70
    neigh(155,153) d=7 terrain=1 cost=4.30
  expand #4: (156,156) boat=1 g=2.00 terrain=10 f_top=38.33
    neigh(156,155) d=0 terrain=10 cost=3.00
    neigh(157,155) d=1 terrain=10 cost=2.90
    neigh(157,156) d=2 terrain=10 cost=2.00
    neigh(157,157) d=3 terrain=10 cost=2.00
    neigh(156,157) d=4 terrain=10 cost=2.00
    neigh(155,157) d=5 terrain=10 cost=2.00
    neigh(155,156) d=6 terrain=10 cost=2.00
    neigh(155,155) d=7 terrain=10 cost=3.10
  expand #5: (157,154) boat=1 g=4.79 terrain=10 f_top=38.71
    neigh(157,153) d=0 terrain=1 cost=4.00
    neigh(158,153) d=1 terrain=1 cost=3.70
    neigh(158,154) d=2 terrain=10 cost=3.20
    neigh(158,155) d=3 terrain=10 cost=2.70
    neigh(157,155) d=4 terrain=10 cost=2.90
    neigh(156,155) d=5 terrain=10 cost=3.00
    neigh(156,154) d=6 terrain=10 cost=3.60
    neigh(156,153) d=7 terrain=1 cost=4.20
  expand #6: (157,156) boat=1 g=2.82 terrain=10 f_top=38.74
    neigh(157,155) d=0 terrain=10 cost=2.90
    neigh(158,155) d=1 terrain=10 cost=2.70
    neigh(158,156) d=2 terrain=10 cost=2.00
    neigh(158,157) d=3 terrain=10 cost=2.00
    neigh(157,157) d=4 terrain=10 cost=2.00
    neigh(156,157) d=5 terrain=10 cost=2.00
    neigh(156,156) d=6 terrain=10 cost=2.00
    neigh(156,155) d=7 terrain=10 cost=3.00
  expand #7: (155,155) boat=1 g=3.10 terrain=10 f_top=38.84
    neigh(155,154) d=0 terrain=10 cost=3.70
    neigh(156,154) d=1 terrain=10 cost=3.60
    neigh(156,155) d=2 terrain=10 cost=3.00
    neigh(156,156) d=3 terrain=10 cost=2.00
    neigh(155,156) d=4 terrain=10 cost=2.00
    neigh(154,156) d=5 terrain=10 cost=2.60
    neigh(154,155) d=6 terrain=10 cost=3.20
    neigh(154,154) d=7 terrain=10 cost=3.70
  expand #8: (155,156) boat=1 g=2.82 terrain=10 f_top=39.56
    neigh(155,155) d=0 terrain=10 cost=3.10
    neigh(156,155) d=1 terrain=10 cost=3.00
    neigh(156,156) d=2 terrain=10 cost=2.00
    neigh(156,157) d=3 terrain=10 cost=2.00
    neigh(155,157) d=4 terrain=10 cost=2.00
    neigh(154,157) d=5 terrain=10 cost=2.00
    neigh(154,156) d=6 terrain=10 cost=2.60
    neigh(154,155) d=7 terrain=10 cost=3.20
  expand #9: (155,154) boat=1 g=5.22 terrain=10 f_top=39.96
    neigh(155,153) d=0 terrain=1 cost=4.30
    neigh(156,153) d=1 terrain=1 cost=4.20
    neigh(156,154) d=2 terrain=10 cost=3.60
    neigh(156,155) d=3 terrain=10 cost=3.00
    neigh(155,155) d=4 terrain=10 cost=3.10
    neigh(154,155) d=5 terrain=10 cost=3.20
    neigh(154,154) d=6 terrain=10 cost=3.70
    neigh(154,153) d=7 terrain=1 cost=4.30
  expand #10: (158,155) boat=1 g=5.60 terrain=10 f_top=40.11
    neigh(158,154) d=0 terrain=10 cost=3.20
    neigh(159,154) d=1 terrain=10 cost=2.90
    neigh(159,155) d=2 terrain=10 cost=2.00
    neigh(159,156) d=3 terrain=10 cost=2.00
    neigh(158,156) d=4 terrain=10 cost=2.00
    neigh(157,156) d=5 terrain=10 cost=2.00
    neigh(157,155) d=6 terrain=10 cost=2.90
    neigh(157,154) d=7 terrain=10 cost=3.40
  expand #11: (156,153) boat=1 g=7.80 terrain=1 f_top=41.13
    neigh(156,152) d=0 terrain=1 cost=4.70
    neigh(157,152) d=1 terrain=1 cost=4.50
    neigh(157,153) d=2 terrain=1 cost=4.00
    neigh(157,154) d=3 terrain=10 cost=3.40
    neigh(156,154) d=4 terrain=10 cost=3.60
    neigh(155,154) d=5 terrain=10 cost=3.70
    neigh(155,153) d=6 terrain=1 cost=4.30
    neigh(155,152) d=7 terrain=1 cost=4.90
  expand #12: (156,157) boat=1 g=4.00 terrain=10 f_top=41.33
    neigh(156,156) d=0 terrain=10 cost=2.00
    neigh(157,156) d=1 terrain=10 cost=2.00
    neigh(157,157) d=2 terrain=10 cost=2.00
    neigh(157,158) d=3 terrain=10 cost=2.00
    neigh(156,158) d=4 terrain=10 cost=2.00
    neigh(155,158) d=5 terrain=10 cost=2.00
    neigh(155,157) d=6 terrain=10 cost=2.00
    neigh(155,156) d=7 terrain=10 cost=2.00
  expand #13: (159,155) boat=1 g=7.60 terrain=10 f_top=41.70
    neigh(159,154) d=0 terrain=10 cost=2.90
    neigh(160,154) d=1 terrain=10 cost=2.60
    neigh(160,155) d=2 terrain=10 cost=2.00
    neigh(160,156) d=3 terrain=10 cost=2.00
    neigh(159,156) d=4 terrain=10 cost=2.00
    neigh(158,156) d=5 terrain=10 cost=2.00
    neigh(158,155) d=6 terrain=10 cost=2.70
    neigh(158,154) d=7 terrain=10 cost=3.20
  expand #14: (158,157) boat=1 g=5.64 terrain=10 f_top=42.15
    neigh(158,156) d=0 terrain=10 cost=2.00
    neigh(159,156) d=1 terrain=10 cost=2.00
    neigh(159,157) d=2 terrain=10 cost=2.00
    neigh(159,158) d=3 terrain=10 cost=2.00
    neigh(158,158) d=4 terrain=10 cost=2.00
    neigh(157,158) d=5 terrain=10 cost=2.00
    neigh(157,157) d=6 terrain=10 cost=2.00
    neigh(157,156) d=7 terrain=10 cost=2.00
  expand #15: (158,156) boat=1 g=6.82 terrain=10 f_top=42.33
    neigh(158,155) d=0 terrain=10 cost=2.70
    neigh(159,155) d=1 terrain=10 cost=2.00
    neigh(159,156) d=2 terrain=10 cost=2.00
    neigh(159,157) d=3 terrain=10 cost=2.00
    neigh(158,157) d=4 terrain=10 cost=2.00
    neigh(157,157) d=5 terrain=10 cost=2.00
    neigh(157,156) d=6 terrain=10 cost=2.00
    neigh(157,155) d=7 terrain=10 cost=2.90
  expand #16: (154,155) boat=1 g=6.30 terrain=10 f_top=42.45
    neigh(154,154) d=0 terrain=10 cost=3.70
    neigh(155,154) d=1 terrain=10 cost=3.70
    neigh(155,155) d=2 terrain=10 cost=3.10
    neigh(155,156) d=3 terrain=10 cost=2.00
    neigh(154,156) d=4 terrain=10 cost=2.60
    neigh(153,156) d=5 terrain=10 cost=2.00
    neigh(153,155) d=6 terrain=10 cost=3.10
    neigh(153,154) d=7 terrain=10 cost=3.70
  expand #17: (158,153) boat=1 g=10.01 terrain=1 f_top=42.52
    neigh(158,152) d=0 terrain=1 cost=4.20
    neigh(159,152) d=1 terrain=0 cost=30.00
    neigh(159,153) d=2 terrain=1 cost=3.40
    neigh(159,154) d=3 terrain=10 cost=2.90
    neigh(158,154) d=4 terrain=10 cost=3.20
    neigh(157,154) d=5 terrain=10 cost=3.40
    neigh(157,153) d=6 terrain=1 cost=4.00
    neigh(157,152) d=7 terrain=1 cost=4.50
  expand #18: (160,155) boat=1 g=9.60 terrain=10 f_top=43.29
    neigh(160,154) d=0 terrain=10 cost=2.60
    neigh(161,154) d=1 terrain=10 cost=2.00
    neigh(161,155) d=2 terrain=10 cost=2.00
    neigh(161,156) d=3 terrain=10 cost=2.00
    neigh(160,156) d=4 terrain=10 cost=2.00
    neigh(159,156) d=5 terrain=10 cost=2.00
    neigh(159,155) d=6 terrain=10 cost=2.00
    neigh(159,154) d=7 terrain=10 cost=2.90
  expand #19: (158,154) boat=1 g=9.99 terrain=10 f_top=43.50
    neigh(158,153) d=0 terrain=1 cost=3.70
    neigh(159,153) d=1 terrain=1 cost=3.40
    neigh(159,154) d=2 terrain=10 cost=2.90
    neigh(159,155) d=3 terrain=10 cost=2.00
    neigh(158,155) d=4 terrain=10 cost=2.70
    neigh(157,155) d=5 terrain=10 cost=2.90
    neigh(157,154) d=6 terrain=10 cost=3.40
    neigh(157,153) d=7 terrain=1 cost=4.00
  expand #20: (157,153) boat=1 g=10.79 terrain=1 f_top=43.71
    neigh(157,152) d=0 terrain=1 cost=4.50
    neigh(158,152) d=1 terrain=1 cost=4.20
    neigh(158,153) d=2 terrain=1 cost=3.70
    neigh(158,154) d=3 terrain=10 cost=3.20
    neigh(157,154) d=4 terrain=10 cost=3.40
    neigh(156,154) d=5 terrain=10 cost=3.60
    neigh(156,153) d=6 terrain=1 cost=4.20
    neigh(156,152) d=7 terrain=1 cost=4.70
  FOUND dest at expand #3099, cost=124.75
  result=124.75 expanded=3099 open_remaining=925 term=FOUND
  timing: init=35.9us search=1273.6us total=1309.5us  per-expand=0.41us
  heap: pushes=6002 pops=5077 stale_pops=1978 peak_open=952
  neigh: total=24784 oob=0 diag_blocked=479 cost_inf=36 already_closed=11479 worse_g=6789 relaxed=6001

=== cost_to(156,155)->(113,145) boat=1 sh=40 tr=40 mn=40 arm=40 budget=16000 src_terrain=10 dst_terrain=2 ===
  expand #1: (156,155) boat=1 g=0.00 terrain=10 f_top=47.10
    neigh(156,154) d=0 terrain=10 cost=3.60
    neigh(157,154) d=1 terrain=10 cost=3.40
    neigh(157,155) d=2 terrain=10 cost=2.90
    neigh(157,156) d=3 terrain=10 cost=2.00
    neigh(156,156) d=4 terrain=10 cost=2.00
    neigh(155,156) d=5 terrain=10 cost=2.00
    neigh(155,155) d=6 terrain=10 cost=3.10
    neigh(155,154) d=7 terrain=10 cost=3.70
  expand #2: (155,155) boat=1 g=3.10 terrain=10 f_top=49.20
    neigh(155,154) d=0 terrain=10 cost=3.70
    neigh(156,154) d=1 terrain=10 cost=3.60
    neigh(156,155) d=2 terrain=10 cost=3.00
    neigh(156,156) d=3 terrain=10 cost=2.00
    neigh(155,156) d=4 terrain=10 cost=2.00
    neigh(154,156) d=5 terrain=10 cost=2.60
    neigh(154,155) d=6 terrain=10 cost=3.20
    neigh(154,154) d=7 terrain=10 cost=3.70
  expand #3: (155,156) boat=1 g=2.82 terrain=10 f_top=49.33
    neigh(155,155) d=0 terrain=10 cost=3.10
    neigh(156,155) d=1 terrain=10 cost=3.00
    neigh(156,156) d=2 terrain=10 cost=2.00
    neigh(156,157) d=3 terrain=10 cost=2.00
    neigh(155,157) d=4 terrain=10 cost=2.00
    neigh(154,157) d=5 terrain=10 cost=2.00
    neigh(154,156) d=6 terrain=10 cost=2.60
    neigh(154,155) d=7 terrain=10 cost=3.20
  expand #4: (156,156) boat=1 g=2.00 terrain=10 f_top=49.51
    neigh(156,155) d=0 terrain=10 cost=3.00
    neigh(157,155) d=1 terrain=10 cost=2.90
    neigh(157,156) d=2 terrain=10 cost=2.00
    neigh(157,157) d=3 terrain=10 cost=2.00
    neigh(156,157) d=4 terrain=10 cost=2.00
    neigh(155,157) d=5 terrain=10 cost=2.00
    neigh(155,156) d=6 terrain=10 cost=2.00
    neigh(155,155) d=7 terrain=10 cost=3.10
  expand #5: (156,154) boat=1 g=3.60 terrain=10 f_top=50.29
    neigh(156,153) d=0 terrain=1 cost=4.20
    neigh(157,153) d=1 terrain=1 cost=4.00
    neigh(157,154) d=2 terrain=10 cost=3.40
    neigh(157,155) d=3 terrain=10 cost=2.90
    neigh(156,155) d=4 terrain=10 cost=3.00
    neigh(155,155) d=5 terrain=10 cost=3.10
    neigh(155,154) d=6 terrain=10 cost=3.70
    neigh(155,153) d=7 terrain=1 cost=4.30
  expand #6: (155,154) boat=1 g=5.22 terrain=10 f_top=50.91
    neigh(155,153) d=0 terrain=1 cost=4.30
    neigh(156,153) d=1 terrain=1 cost=4.20
    neigh(156,154) d=2 terrain=10 cost=3.60
    neigh(156,155) d=3 terrain=10 cost=3.00
    neigh(155,155) d=4 terrain=10 cost=3.10
    neigh(154,155) d=5 terrain=10 cost=3.20
    neigh(154,154) d=6 terrain=10 cost=3.70
    neigh(154,153) d=7 terrain=1 cost=4.30
  expand #7: (157,155) boat=1 g=2.90 terrain=10 f_top=51.00
    neigh(157,154) d=0 terrain=10 cost=3.40
    neigh(158,154) d=1 terrain=10 cost=3.20
    neigh(158,155) d=2 terrain=10 cost=2.70
    neigh(158,156) d=3 terrain=10 cost=2.00
    neigh(157,156) d=4 terrain=10 cost=2.00
    neigh(156,156) d=5 terrain=10 cost=2.00
    neigh(156,155) d=6 terrain=10 cost=3.00
    neigh(156,154) d=7 terrain=10 cost=3.60
  expand #8: (157,156) boat=1 g=2.82 terrain=10 f_top=51.33
    neigh(157,155) d=0 terrain=10 cost=2.90
    neigh(158,155) d=1 terrain=10 cost=2.70
    neigh(158,156) d=2 terrain=10 cost=2.00
    neigh(158,157) d=3 terrain=10 cost=2.00
    neigh(157,157) d=4 terrain=10 cost=2.00
    neigh(156,157) d=5 terrain=10 cost=2.00
    neigh(156,156) d=6 terrain=10 cost=2.00
    neigh(156,155) d=7 terrain=10 cost=3.00
  expand #9: (154,155) boat=1 g=6.30 terrain=10 f_top=51.40
    neigh(154,154) d=0 terrain=10 cost=3.70
    neigh(155,154) d=1 terrain=10 cost=3.70
    neigh(155,155) d=2 terrain=10 cost=3.10
    neigh(155,156) d=3 terrain=10 cost=2.00
    neigh(154,156) d=4 terrain=10 cost=2.60
    neigh(153,156) d=5 terrain=10 cost=2.00
    neigh(153,155) d=6 terrain=10 cost=3.10
    neigh(153,154) d=7 terrain=10 cost=3.70
  expand #10: (154,157) boat=1 g=5.64 terrain=10 f_top=51.56
    neigh(154,156) d=0 terrain=10 cost=2.60
    neigh(155,156) d=1 terrain=10 cost=2.00
    neigh(155,157) d=2 terrain=10 cost=2.00
    neigh(155,158) d=3 terrain=10 cost=2.00
    neigh(154,158) d=4 terrain=10 cost=2.00
    neigh(153,158) d=5 terrain=10 cost=2.00
    neigh(153,157) d=6 terrain=10 cost=2.00
    neigh(153,156) d=7 terrain=10 cost=2.00
  expand #11: (156,157) boat=1 g=4.00 terrain=10 f_top=51.92
    neigh(156,156) d=0 terrain=10 cost=2.00
    neigh(157,156) d=1 terrain=10 cost=2.00
    neigh(157,157) d=2 terrain=10 cost=2.00
    neigh(157,158) d=3 terrain=10 cost=2.00
    neigh(156,158) d=4 terrain=10 cost=2.00
    neigh(155,158) d=5 terrain=10 cost=2.00
    neigh(155,157) d=6 terrain=10 cost=2.00
    neigh(155,156) d=7 terrain=10 cost=2.00
  expand #12: (157,154) boat=1 g=4.79 terrain=10 f_top=52.48
    neigh(157,153) d=0 terrain=1 cost=4.00
    neigh(158,153) d=1 terrain=1 cost=3.70
    neigh(158,154) d=2 terrain=10 cost=3.20
    neigh(158,155) d=3 terrain=10 cost=2.70
    neigh(157,155) d=4 terrain=10 cost=2.90
    neigh(156,155) d=5 terrain=10 cost=3.00
    neigh(156,154) d=6 terrain=10 cost=3.60
    neigh(156,153) d=7 terrain=1 cost=4.20
  expand #13: (154,156) boat=1 g=7.42 terrain=10 f_top=52.93
    neigh(154,155) d=0 terrain=10 cost=3.20
    neigh(155,155) d=1 terrain=10 cost=3.10
    neigh(155,156) d=2 terrain=10 cost=2.00
    neigh(155,157) d=3 terrain=10 cost=2.00
    neigh(154,157) d=4 terrain=10 cost=2.00
    neigh(153,157) d=5 terrain=10 cost=2.00
    neigh(153,156) d=6 terrain=10 cost=2.00
    neigh(153,155) d=7 terrain=10 cost=3.10
  expand #14: (153,155) boat=1 g=9.40 terrain=10 f_top=53.50
    neigh(153,154) d=0 terrain=10 cost=3.70
    neigh(154,154) d=1 terrain=10 cost=3.70
    neigh(154,155) d=2 terrain=10 cost=3.20
    neigh(154,156) d=3 terrain=10 cost=2.60
    neigh(153,156) d=4 terrain=10 cost=2.00
    neigh(152,156) d=5 terrain=10 cost=2.00
    neigh(152,155) d=6 terrain=10 cost=3.00
    neigh(152,154) d=7 terrain=10 cost=3.60
  expand #15: (155,157) boat=1 g=6.82 terrain=10 f_top=53.74
    neigh(155,156) d=0 terrain=10 cost=2.00
    neigh(156,156) d=1 terrain=10 cost=2.00
    neigh(156,157) d=2 terrain=10 cost=2.00
    neigh(156,158) d=3 terrain=10 cost=2.00
    neigh(155,158) d=4 terrain=10 cost=2.00
    neigh(154,158) d=5 terrain=10 cost=2.00
    neigh(154,157) d=6 terrain=10 cost=2.00
    neigh(154,156) d=7 terrain=10 cost=2.60
  expand #16: (153,158) boat=1 g=8.46 terrain=10 f_top=53.79
    neigh(153,157) d=0 terrain=10 cost=2.00
    neigh(154,157) d=1 terrain=10 cost=2.00
    neigh(154,158) d=2 terrain=10 cost=2.00
    neigh(154,159) d=3 terrain=10 cost=2.00
    neigh(153,159) d=4 terrain=10 cost=2.00
    neigh(152,159) d=5 terrain=10 cost=2.00
    neigh(152,158) d=6 terrain=10 cost=2.00
    neigh(152,157) d=7 terrain=10 cost=2.00
  expand #17: (153,156) boat=1 g=9.42 terrain=10 f_top=53.93
    neigh(153,155) d=0 terrain=10 cost=3.10
    neigh(154,155) d=1 terrain=10 cost=3.20
    neigh(154,156) d=2 terrain=10 cost=2.60
    neigh(154,157) d=3 terrain=10 cost=2.00
    neigh(153,157) d=4 terrain=10 cost=2.00
    neigh(152,157) d=5 terrain=10 cost=2.00
    neigh(152,156) d=6 terrain=10 cost=2.00
    neigh(152,155) d=7 terrain=10 cost=3.00
  expand #18: (156,153) boat=1 g=7.80 terrain=1 f_top=54.08
    neigh(156,152) d=0 terrain=1 cost=4.70
    neigh(157,152) d=1 terrain=1 cost=4.50
    neigh(157,153) d=2 terrain=1 cost=4.00
    neigh(157,154) d=3 terrain=10 cost=3.40
    neigh(156,154) d=4 terrain=10 cost=3.60
    neigh(155,154) d=5 terrain=10 cost=3.70
    neigh(155,153) d=6 terrain=1 cost=4.30
    neigh(155,152) d=7 terrain=1 cost=4.90
  expand #19: (156,158) boat=1 g=6.00 terrain=10 f_top=54.33
    neigh(156,157) d=0 terrain=10 cost=2.00
    neigh(157,157) d=1 terrain=10 cost=2.00
    neigh(157,158) d=2 terrain=10 cost=2.00
    neigh(157,159) d=3 terrain=10 cost=2.00
    neigh(156,159) d=4 terrain=10 cost=2.00
    neigh(155,159) d=5 terrain=10 cost=2.00
    neigh(155,158) d=6 terrain=10 cost=2.00
    neigh(155,157) d=7 terrain=10 cost=2.00
  expand #20: (153,157) boat=1 g=9.64 terrain=10 f_top=54.56
    neigh(153,156) d=0 terrain=10 cost=2.00
    neigh(154,156) d=1 terrain=10 cost=2.60
    neigh(154,157) d=2 terrain=10 cost=2.00
    neigh(154,158) d=3 terrain=10 cost=2.00
    neigh(153,158) d=4 terrain=10 cost=2.00
    neigh(152,158) d=5 terrain=10 cost=2.00
    neigh(152,157) d=6 terrain=10 cost=2.00
    neigh(152,156) d=7 terrain=10 cost=2.00
  FOUND dest at expand #3008, cost=127.83
  result=127.83 expanded=3008 open_remaining=1004 term=FOUND
  timing: init=28.2us search=1228.8us total=1257.0us  per-expand=0.41us
  heap: pushes=5921 pops=4917 stale_pops=1909 peak_open=1005
  neigh: total=24056 oob=0 diag_blocked=538 cost_inf=49 already_closed=10969 worse_g=6580 relaxed=5920

=== cost_to(156,155)->(166,115) boat=1 sh=40 tr=40 mn=40 arm=40 budget=16000 src_terrain=10 dst_terrain=7 ===
  expand #1: (156,155) boat=1 g=0.00 terrain=10 f_top=44.10
    neigh(156,154) d=0 terrain=10 cost=3.60
    neigh(157,154) d=1 terrain=10 cost=3.40
    neigh(157,155) d=2 terrain=10 cost=2.90
    neigh(157,156) d=3 terrain=10 cost=2.00
    neigh(156,156) d=4 terrain=10 cost=2.00
    neigh(155,156) d=5 terrain=10 cost=2.00
    neigh(155,155) d=6 terrain=10 cost=3.10
    neigh(155,154) d=7 terrain=10 cost=3.70
  expand #2: (157,155) boat=1 g=2.90 terrain=10 f_top=46.59
    neigh(157,154) d=0 terrain=10 cost=3.40
    neigh(158,154) d=1 terrain=10 cost=3.20
    neigh(158,155) d=2 terrain=10 cost=2.70
    neigh(158,156) d=3 terrain=10 cost=2.00
    neigh(157,156) d=4 terrain=10 cost=2.00
    neigh(156,156) d=5 terrain=10 cost=2.00
    neigh(156,155) d=6 terrain=10 cost=3.00
    neigh(156,154) d=7 terrain=10 cost=3.60
  expand #3: (156,154) boat=1 g=3.60 terrain=10 f_top=46.70
    neigh(156,153) d=0 terrain=1 cost=4.20
    neigh(157,153) d=1 terrain=1 cost=4.00
    neigh(157,154) d=2 terrain=10 cost=3.40
    neigh(157,155) d=3 terrain=10 cost=2.90
    neigh(156,155) d=4 terrain=10 cost=3.00
    neigh(155,155) d=5 terrain=10 cost=3.10
    neigh(155,154) d=6 terrain=10 cost=3.70
    neigh(155,153) d=7 terrain=1 cost=4.30
  expand #4: (156,156) boat=1 g=2.00 terrain=10 f_top=47.10
    neigh(156,155) d=0 terrain=10 cost=3.00
    neigh(157,155) d=1 terrain=10 cost=2.90
    neigh(157,156) d=2 terrain=10 cost=2.00
    neigh(157,157) d=3 terrain=10 cost=2.00
    neigh(156,157) d=4 terrain=10 cost=2.00
    neigh(155,157) d=5 terrain=10 cost=2.00
    neigh(155,156) d=6 terrain=10 cost=2.00
    neigh(155,155) d=7 terrain=10 cost=3.10
  expand #5: (157,154) boat=1 g=4.79 terrain=10 f_top=47.48
    neigh(157,153) d=0 terrain=1 cost=4.00
    neigh(158,153) d=1 terrain=1 cost=3.70
    neigh(158,154) d=2 terrain=10 cost=3.20
    neigh(158,155) d=3 terrain=10 cost=2.70
    neigh(157,155) d=4 terrain=10 cost=2.90
    neigh(156,155) d=5 terrain=10 cost=3.00
    neigh(156,154) d=6 terrain=10 cost=3.60
    neigh(156,153) d=7 terrain=1 cost=4.20
  expand #6: (157,156) boat=1 g=2.82 terrain=10 f_top=47.51
    neigh(157,155) d=0 terrain=10 cost=2.90
    neigh(158,155) d=1 terrain=10 cost=2.70
    neigh(158,156) d=2 terrain=10 cost=2.00
    neigh(158,157) d=3 terrain=10 cost=2.00
    neigh(157,157) d=4 terrain=10 cost=2.00
    neigh(156,157) d=5 terrain=10 cost=2.00
    neigh(156,156) d=6 terrain=10 cost=2.00
    neigh(156,155) d=7 terrain=10 cost=3.00
  expand #7: (155,155) boat=1 g=3.10 terrain=10 f_top=47.61
    neigh(155,154) d=0 terrain=10 cost=3.70
    neigh(156,154) d=1 terrain=10 cost=3.60
    neigh(156,155) d=2 terrain=10 cost=3.00
    neigh(156,156) d=3 terrain=10 cost=2.00
    neigh(155,156) d=4 terrain=10 cost=2.00
    neigh(154,156) d=5 terrain=10 cost=2.60
    neigh(154,155) d=6 terrain=10 cost=3.20
    neigh(154,154) d=7 terrain=10 cost=3.70
  expand #8: (155,156) boat=1 g=2.82 terrain=10 f_top=48.33
    neigh(155,155) d=0 terrain=10 cost=3.10
    neigh(156,155) d=1 terrain=10 cost=3.00
    neigh(156,156) d=2 terrain=10 cost=2.00
    neigh(156,157) d=3 terrain=10 cost=2.00
    neigh(155,157) d=4 terrain=10 cost=2.00
    neigh(154,157) d=5 terrain=10 cost=2.00
    neigh(154,156) d=6 terrain=10 cost=2.60
    neigh(154,155) d=7 terrain=10 cost=3.20
  expand #9: (155,154) boat=1 g=5.22 terrain=10 f_top=48.73
    neigh(155,153) d=0 terrain=1 cost=4.30
    neigh(156,153) d=1 terrain=1 cost=4.20
    neigh(156,154) d=2 terrain=10 cost=3.60
    neigh(156,155) d=3 terrain=10 cost=3.00
    neigh(155,155) d=4 terrain=10 cost=3.10
    neigh(154,155) d=5 terrain=10 cost=3.20
    neigh(154,154) d=6 terrain=10 cost=3.70
    neigh(154,153) d=7 terrain=1 cost=4.30
  expand #10: (158,155) boat=1 g=5.60 terrain=10 f_top=48.88
    neigh(158,154) d=0 terrain=10 cost=3.20
    neigh(159,154) d=1 terrain=10 cost=2.90
    neigh(159,155) d=2 terrain=10 cost=2.00
    neigh(159,156) d=3 terrain=10 cost=2.00
    neigh(158,156) d=4 terrain=10 cost=2.00
    neigh(157,156) d=5 terrain=10 cost=2.00
    neigh(157,155) d=6 terrain=10 cost=2.90
    neigh(157,154) d=7 terrain=10 cost=3.40
  expand #11: (156,153) boat=1 g=7.80 terrain=1 f_top=49.90
    neigh(156,152) d=0 terrain=1 cost=4.70
    neigh(157,152) d=1 terrain=1 cost=4.50
    neigh(157,153) d=2 terrain=1 cost=4.00
    neigh(157,154) d=3 terrain=10 cost=3.40
    neigh(156,154) d=4 terrain=10 cost=3.60
    neigh(155,154) d=5 terrain=10 cost=3.70
    neigh(155,153) d=6 terrain=1 cost=4.30
    neigh(155,152) d=7 terrain=1 cost=4.90
  expand #12: (156,157) boat=1 g=4.00 terrain=10 f_top=50.10
    neigh(156,156) d=0 terrain=10 cost=2.00
    neigh(157,156) d=1 terrain=10 cost=2.00
    neigh(157,157) d=2 terrain=10 cost=2.00
    neigh(157,158) d=3 terrain=10 cost=2.00
    neigh(156,158) d=4 terrain=10 cost=2.00
    neigh(155,158) d=5 terrain=10 cost=2.00
    neigh(155,157) d=6 terrain=10 cost=2.00
    neigh(155,156) d=7 terrain=10 cost=2.00
  expand #13: (159,155) boat=1 g=7.60 terrain=10 f_top=50.47
    neigh(159,154) d=0 terrain=10 cost=2.90
    neigh(160,154) d=1 terrain=10 cost=2.60
    neigh(160,155) d=2 terrain=10 cost=2.00
    neigh(160,156) d=3 terrain=10 cost=2.00
    neigh(159,156) d=4 terrain=10 cost=2.00
    neigh(158,156) d=5 terrain=10 cost=2.00
    neigh(158,155) d=6 terrain=10 cost=2.70
    neigh(158,154) d=7 terrain=10 cost=3.20
  expand #14: (158,157) boat=1 g=5.64 terrain=10 f_top=50.92
    neigh(158,156) d=0 terrain=10 cost=2.00
    neigh(159,156) d=1 terrain=10 cost=2.00
    neigh(159,157) d=2 terrain=10 cost=2.00
    neigh(159,158) d=3 terrain=10 cost=2.00
    neigh(158,158) d=4 terrain=10 cost=2.00
    neigh(157,158) d=5 terrain=10 cost=2.00
    neigh(157,157) d=6 terrain=10 cost=2.00
    neigh(157,156) d=7 terrain=10 cost=2.00
  expand #15: (158,156) boat=1 g=6.82 terrain=10 f_top=51.10
    neigh(158,155) d=0 terrain=10 cost=2.70
    neigh(159,155) d=1 terrain=10 cost=2.00
    neigh(159,156) d=2 terrain=10 cost=2.00
    neigh(159,157) d=3 terrain=10 cost=2.00
    neigh(158,157) d=4 terrain=10 cost=2.00
    neigh(157,157) d=5 terrain=10 cost=2.00
    neigh(157,156) d=6 terrain=10 cost=2.00
    neigh(157,155) d=7 terrain=10 cost=2.90
  expand #16: (154,155) boat=1 g=6.30 terrain=10 f_top=51.22
    neigh(154,154) d=0 terrain=10 cost=3.70
    neigh(155,154) d=1 terrain=10 cost=3.70
    neigh(155,155) d=2 terrain=10 cost=3.10
    neigh(155,156) d=3 terrain=10 cost=2.00
    neigh(154,156) d=4 terrain=10 cost=2.60
    neigh(153,156) d=5 terrain=10 cost=2.00
    neigh(153,155) d=6 terrain=10 cost=3.10
    neigh(153,154) d=7 terrain=10 cost=3.70
  expand #17: (158,153) boat=1 g=10.01 terrain=1 f_top=51.29
    neigh(158,152) d=0 terrain=1 cost=4.20
    neigh(159,152) d=1 terrain=0 cost=30.00
    neigh(159,153) d=2 terrain=1 cost=3.40
    neigh(159,154) d=3 terrain=10 cost=2.90
    neigh(158,154) d=4 terrain=10 cost=3.20
    neigh(157,154) d=5 terrain=10 cost=3.40
    neigh(157,153) d=6 terrain=1 cost=4.00
    neigh(157,152) d=7 terrain=1 cost=4.50
  expand #18: (160,155) boat=1 g=9.60 terrain=10 f_top=52.06
    neigh(160,154) d=0 terrain=10 cost=2.60
    neigh(161,154) d=1 terrain=10 cost=2.00
    neigh(161,155) d=2 terrain=10 cost=2.00
    neigh(161,156) d=3 terrain=10 cost=2.00
    neigh(160,156) d=4 terrain=10 cost=2.00
    neigh(159,156) d=5 terrain=10 cost=2.00
    neigh(159,155) d=6 terrain=10 cost=2.00
    neigh(159,154) d=7 terrain=10 cost=2.90
  expand #19: (158,154) boat=1 g=9.99 terrain=10 f_top=52.27
    neigh(158,153) d=0 terrain=1 cost=3.70
    neigh(159,153) d=1 terrain=1 cost=3.40
    neigh(159,154) d=2 terrain=10 cost=2.90
    neigh(159,155) d=3 terrain=10 cost=2.00
    neigh(158,155) d=4 terrain=10 cost=2.70
    neigh(157,155) d=5 terrain=10 cost=2.90
    neigh(157,154) d=6 terrain=10 cost=3.40
    neigh(157,153) d=7 terrain=1 cost=4.00
  expand #20: (157,153) boat=1 g=10.79 terrain=1 f_top=52.48
    neigh(157,152) d=0 terrain=1 cost=4.50
    neigh(158,152) d=1 terrain=1 cost=4.20
    neigh(158,153) d=2 terrain=1 cost=3.70
    neigh(158,154) d=3 terrain=10 cost=3.20
    neigh(157,154) d=4 terrain=10 cost=3.40
    neigh(156,154) d=5 terrain=10 cost=3.60
    neigh(156,153) d=6 terrain=1 cost=4.20
    neigh(156,152) d=7 terrain=1 cost=4.70
  FOUND dest at expand #3305, cost=134.24
  result=134.24 expanded=3305 open_remaining=1037 term=FOUND
  timing: init=35.3us search=1318.5us total=1353.8us  per-expand=0.40us
  heap: pushes=6461 pops=5424 stale_pops=2119 peak_open=1047
  neigh: total=26432 oob=0 diag_blocked=484 cost_inf=33 already_closed=12243 worse_g=7212 relaxed=6460

=== cost_to(156,155)->(98,137) boat=1 sh=40 tr=40 mn=40 arm=40 budget=16000 src_terrain=10 dst_terrain=5 ===
  expand #1: (156,155) boat=1 g=0.00 terrain=10 f_top=65.38
    neigh(156,154) d=0 terrain=10 cost=3.60
    neigh(157,154) d=1 terrain=10 cost=3.40
    neigh(157,155) d=2 terrain=10 cost=2.90
    neigh(157,156) d=3 terrain=10 cost=2.00
    neigh(156,156) d=4 terrain=10 cost=2.00
    neigh(155,156) d=5 terrain=10 cost=2.00
    neigh(155,155) d=6 terrain=10 cost=3.10
    neigh(155,154) d=7 terrain=10 cost=3.70
  expand #2: (155,155) boat=1 g=3.10 terrain=10 f_top=67.48
    neigh(155,154) d=0 terrain=10 cost=3.70
    neigh(156,154) d=1 terrain=10 cost=3.60
    neigh(156,155) d=2 terrain=10 cost=3.00
    neigh(156,156) d=3 terrain=10 cost=2.00
    neigh(155,156) d=4 terrain=10 cost=2.00
    neigh(154,156) d=5 terrain=10 cost=2.60
    neigh(154,155) d=6 terrain=10 cost=3.20
    neigh(154,154) d=7 terrain=10 cost=3.70
  expand #3: (155,156) boat=1 g=2.82 terrain=10 f_top=67.61
    neigh(155,155) d=0 terrain=10 cost=3.10
    neigh(156,155) d=1 terrain=10 cost=3.00
    neigh(156,156) d=2 terrain=10 cost=2.00
    neigh(156,157) d=3 terrain=10 cost=2.00
    neigh(155,157) d=4 terrain=10 cost=2.00
    neigh(154,157) d=5 terrain=10 cost=2.00
    neigh(154,156) d=6 terrain=10 cost=2.60
    neigh(154,155) d=7 terrain=10 cost=3.20
  expand #4: (156,156) boat=1 g=2.00 terrain=10 f_top=67.79
    neigh(156,155) d=0 terrain=10 cost=3.00
    neigh(157,155) d=1 terrain=10 cost=2.90
    neigh(157,156) d=2 terrain=10 cost=2.00
    neigh(157,157) d=3 terrain=10 cost=2.00
    neigh(156,157) d=4 terrain=10 cost=2.00
    neigh(155,157) d=5 terrain=10 cost=2.00
    neigh(155,156) d=6 terrain=10 cost=2.00
    neigh(155,155) d=7 terrain=10 cost=3.10
  expand #5: (156,154) boat=1 g=3.60 terrain=10 f_top=68.57
    neigh(156,153) d=0 terrain=1 cost=4.20
    neigh(157,153) d=1 terrain=1 cost=4.00
    neigh(157,154) d=2 terrain=10 cost=3.40
    neigh(157,155) d=3 terrain=10 cost=2.90
    neigh(156,155) d=4 terrain=10 cost=3.00
    neigh(155,155) d=5 terrain=10 cost=3.10
    neigh(155,154) d=6 terrain=10 cost=3.70
    neigh(155,153) d=7 terrain=1 cost=4.30
  expand #6: (155,154) boat=1 g=5.22 terrain=10 f_top=69.19
    neigh(155,153) d=0 terrain=1 cost=4.30
    neigh(156,153) d=1 terrain=1 cost=4.20
    neigh(156,154) d=2 terrain=10 cost=3.60
    neigh(156,155) d=3 terrain=10 cost=3.00
    neigh(155,155) d=4 terrain=10 cost=3.10
    neigh(154,155) d=5 terrain=10 cost=3.20
    neigh(154,154) d=6 terrain=10 cost=3.70
    neigh(154,153) d=7 terrain=1 cost=4.30
  expand #7: (157,155) boat=1 g=2.90 terrain=10 f_top=69.28
    neigh(157,154) d=0 terrain=10 cost=3.40
    neigh(158,154) d=1 terrain=10 cost=3.20
    neigh(158,155) d=2 terrain=10 cost=2.70
    neigh(158,156) d=3 terrain=10 cost=2.00
    neigh(157,156) d=4 terrain=10 cost=2.00
    neigh(156,156) d=5 terrain=10 cost=2.00
    neigh(156,155) d=6 terrain=10 cost=3.00
    neigh(156,154) d=7 terrain=10 cost=3.60
  expand #8: (157,156) boat=1 g=2.82 terrain=10 f_top=69.61
    neigh(157,155) d=0 terrain=10 cost=2.90
    neigh(158,155) d=1 terrain=10 cost=2.70
    neigh(158,156) d=2 terrain=10 cost=2.00
    neigh(158,157) d=3 terrain=10 cost=2.00
    neigh(157,157) d=4 terrain=10 cost=2.00
    neigh(156,157) d=5 terrain=10 cost=2.00
    neigh(156,156) d=6 terrain=10 cost=2.00
    neigh(156,155) d=7 terrain=10 cost=3.00
  expand #9: (154,155) boat=1 g=6.30 terrain=10 f_top=69.68
    neigh(154,154) d=0 terrain=10 cost=3.70
    neigh(155,154) d=1 terrain=10 cost=3.70
    neigh(155,155) d=2 terrain=10 cost=3.10
    neigh(155,156) d=3 terrain=10 cost=2.00
    neigh(154,156) d=4 terrain=10 cost=2.60
    neigh(153,156) d=5 terrain=10 cost=2.00
    neigh(153,155) d=6 terrain=10 cost=3.10
    neigh(153,154) d=7 terrain=10 cost=3.70
  expand #10: (154,157) boat=1 g=5.64 terrain=10 f_top=69.84
    neigh(154,156) d=0 terrain=10 cost=2.60
    neigh(155,156) d=1 terrain=10 cost=2.00
    neigh(155,157) d=2 terrain=10 cost=2.00
    neigh(155,158) d=3 terrain=10 cost=2.00
    neigh(154,158) d=4 terrain=10 cost=2.00
    neigh(153,158) d=5 terrain=10 cost=2.00
    neigh(153,157) d=6 terrain=10 cost=2.00
    neigh(153,156) d=7 terrain=10 cost=2.00
  expand #11: (156,157) boat=1 g=4.00 terrain=10 f_top=70.20
    neigh(156,156) d=0 terrain=10 cost=2.00
    neigh(157,156) d=1 terrain=10 cost=2.00
    neigh(157,157) d=2 terrain=10 cost=2.00
    neigh(157,158) d=3 terrain=10 cost=2.00
    neigh(156,158) d=4 terrain=10 cost=2.00
    neigh(155,158) d=5 terrain=10 cost=2.00
    neigh(155,157) d=6 terrain=10 cost=2.00
    neigh(155,156) d=7 terrain=10 cost=2.00
  expand #12: (157,154) boat=1 g=4.79 terrain=10 f_top=70.76
    neigh(157,153) d=0 terrain=1 cost=4.00
    neigh(158,153) d=1 terrain=1 cost=3.70
    neigh(158,154) d=2 terrain=10 cost=3.20
    neigh(158,155) d=3 terrain=10 cost=2.70
    neigh(157,155) d=4 terrain=10 cost=2.90
    neigh(156,155) d=5 terrain=10 cost=3.00
    neigh(156,154) d=6 terrain=10 cost=3.60
    neigh(156,153) d=7 terrain=1 cost=4.20
  expand #13: (154,156) boat=1 g=7.42 terrain=10 f_top=71.21
    neigh(154,155) d=0 terrain=10 cost=3.20
    neigh(155,155) d=1 terrain=10 cost=3.10
    neigh(155,156) d=2 terrain=10 cost=2.00
    neigh(155,157) d=3 terrain=10 cost=2.00
    neigh(154,157) d=4 terrain=10 cost=2.00
    neigh(153,157) d=5 terrain=10 cost=2.00
    neigh(153,156) d=6 terrain=10 cost=2.00
    neigh(153,155) d=7 terrain=10 cost=3.10
  expand #14: (153,155) boat=1 g=9.40 terrain=10 f_top=71.78
    neigh(153,154) d=0 terrain=10 cost=3.70
    neigh(154,154) d=1 terrain=10 cost=3.70
    neigh(154,155) d=2 terrain=10 cost=3.20
    neigh(154,156) d=3 terrain=10 cost=2.60
    neigh(153,156) d=4 terrain=10 cost=2.00
    neigh(152,156) d=5 terrain=10 cost=2.00
    neigh(152,155) d=6 terrain=10 cost=3.00
    neigh(152,154) d=7 terrain=10 cost=3.60
  expand #15: (155,157) boat=1 g=6.82 terrain=10 f_top=72.02
    neigh(155,156) d=0 terrain=10 cost=2.00
    neigh(156,156) d=1 terrain=10 cost=2.00
    neigh(156,157) d=2 terrain=10 cost=2.00
    neigh(156,158) d=3 terrain=10 cost=2.00
    neigh(155,158) d=4 terrain=10 cost=2.00
    neigh(154,158) d=5 terrain=10 cost=2.00
    neigh(154,157) d=6 terrain=10 cost=2.00
    neigh(154,156) d=7 terrain=10 cost=2.60
  expand #16: (153,158) boat=1 g=8.46 terrain=10 f_top=72.07
    neigh(153,157) d=0 terrain=10 cost=2.00
    neigh(154,157) d=1 terrain=10 cost=2.00
    neigh(154,158) d=2 terrain=10 cost=2.00
    neigh(154,159) d=3 terrain=10 cost=2.00
    neigh(153,159) d=4 terrain=10 cost=2.00
    neigh(152,159) d=5 terrain=10 cost=2.00
    neigh(152,158) d=6 terrain=10 cost=2.00
    neigh(152,157) d=7 terrain=10 cost=2.00
  expand #17: (153,156) boat=1 g=9.42 terrain=10 f_top=72.21
    neigh(153,155) d=0 terrain=10 cost=3.10
    neigh(154,155) d=1 terrain=10 cost=3.20
    neigh(154,156) d=2 terrain=10 cost=2.60
    neigh(154,157) d=3 terrain=10 cost=2.00
    neigh(153,157) d=4 terrain=10 cost=2.00
    neigh(152,157) d=5 terrain=10 cost=2.00
    neigh(152,156) d=6 terrain=10 cost=2.00
    neigh(152,155) d=7 terrain=10 cost=3.00
  expand #18: (156,153) boat=1 g=7.80 terrain=1 f_top=72.36
    neigh(156,152) d=0 terrain=1 cost=4.70
    neigh(157,152) d=1 terrain=1 cost=4.50
    neigh(157,153) d=2 terrain=1 cost=4.00
    neigh(157,154) d=3 terrain=10 cost=3.40
    neigh(156,154) d=4 terrain=10 cost=3.60
    neigh(155,154) d=5 terrain=10 cost=3.70
    neigh(155,153) d=6 terrain=1 cost=4.30
    neigh(155,152) d=7 terrain=1 cost=4.90
  expand #19: (156,158) boat=1 g=6.00 terrain=10 f_top=72.61
    neigh(156,157) d=0 terrain=10 cost=2.00
    neigh(157,157) d=1 terrain=10 cost=2.00
    neigh(157,158) d=2 terrain=10 cost=2.00
    neigh(157,159) d=3 terrain=10 cost=2.00
    neigh(156,159) d=4 terrain=10 cost=2.00
    neigh(155,159) d=5 terrain=10 cost=2.00
    neigh(155,158) d=6 terrain=10 cost=2.00
    neigh(155,157) d=7 terrain=10 cost=2.00
  expand #20: (153,157) boat=1 g=9.64 terrain=10 f_top=72.84
    neigh(153,156) d=0 terrain=10 cost=2.00
    neigh(154,156) d=1 terrain=10 cost=2.60
    neigh(154,157) d=2 terrain=10 cost=2.00
    neigh(154,158) d=3 terrain=10 cost=2.00
    neigh(153,158) d=4 terrain=10 cost=2.00
    neigh(152,158) d=5 terrain=10 cost=2.00
    neigh(152,157) d=6 terrain=10 cost=2.00
    neigh(152,156) d=7 terrain=10 cost=2.00
  FOUND dest at expand #6189, cost=181.86
  result=181.86 expanded=6189 open_remaining=1419 term=FOUND
  timing: init=32.2us search=1951.6us total=1983.8us  per-expand=0.32us
  heap: pushes=11742 pops=10323 stale_pops=4134 peak_open=1428
  neigh: total=49504 oob=0 diag_blocked=998 cost_inf=76 already_closed=23178 worse_g=13511 relaxed=11741

=== cost_to(156,155)->(134,112) boat=1 sh=40 tr=40 mn=40 arm=40 budget=16000 src_terrain=10 dst_terrain=7 ===
  expand #1: (156,155) boat=1 g=0.00 terrain=10 f_top=52.02
    neigh(156,154) d=0 terrain=10 cost=3.60
    neigh(157,154) d=1 terrain=10 cost=3.40
    neigh(157,155) d=2 terrain=10 cost=2.90
    neigh(157,156) d=3 terrain=10 cost=2.00
    neigh(156,156) d=4 terrain=10 cost=2.00
    neigh(155,156) d=5 terrain=10 cost=2.00
    neigh(155,155) d=6 terrain=10 cost=3.10
    neigh(155,154) d=7 terrain=10 cost=3.70
  expand #2: (156,154) boat=1 g=3.60 terrain=10 f_top=54.62
    neigh(156,153) d=0 terrain=1 cost=4.20
    neigh(157,153) d=1 terrain=1 cost=4.00
    neigh(157,154) d=2 terrain=10 cost=3.40
    neigh(157,155) d=3 terrain=10 cost=2.90
    neigh(156,155) d=4 terrain=10 cost=3.00
    neigh(155,155) d=5 terrain=10 cost=3.10
    neigh(155,154) d=6 terrain=10 cost=3.70
    neigh(155,153) d=7 terrain=1 cost=4.30
  expand #3: (155,155) boat=1 g=3.10 terrain=10 f_top=54.71
    neigh(155,154) d=0 terrain=10 cost=3.70
    neigh(156,154) d=1 terrain=10 cost=3.60
    neigh(156,155) d=2 terrain=10 cost=3.00
    neigh(156,156) d=3 terrain=10 cost=2.00
    neigh(155,156) d=4 terrain=10 cost=2.00
    neigh(154,156) d=5 terrain=10 cost=2.60
    neigh(154,155) d=6 terrain=10 cost=3.20
    neigh(154,154) d=7 terrain=10 cost=3.70
  expand #4: (156,156) boat=1 g=2.00 terrain=10 f_top=55.02
    neigh(156,155) d=0 terrain=10 cost=3.00
    neigh(157,155) d=1 terrain=10 cost=2.90
    neigh(157,156) d=2 terrain=10 cost=2.00
    neigh(157,157) d=3 terrain=10 cost=2.00
    neigh(156,157) d=4 terrain=10 cost=2.00
    neigh(155,157) d=5 terrain=10 cost=2.00
    neigh(155,156) d=6 terrain=10 cost=2.00
    neigh(155,155) d=7 terrain=10 cost=3.10
  expand #5: (157,155) boat=1 g=2.90 terrain=10 f_top=55.33
    neigh(157,154) d=0 terrain=10 cost=3.40
    neigh(158,154) d=1 terrain=10 cost=3.20
    neigh(158,155) d=2 terrain=10 cost=2.70
    neigh(158,156) d=3 terrain=10 cost=2.00
    neigh(157,156) d=4 terrain=10 cost=2.00
    neigh(156,156) d=5 terrain=10 cost=2.00
    neigh(156,155) d=6 terrain=10 cost=3.00
    neigh(156,154) d=7 terrain=10 cost=3.60
  expand #6: (155,156) boat=1 g=2.82 terrain=10 f_top=55.43
    neigh(155,155) d=0 terrain=10 cost=3.10
    neigh(156,155) d=1 terrain=10 cost=3.00
    neigh(156,156) d=2 terrain=10 cost=2.00
    neigh(156,157) d=3 terrain=10 cost=2.00
    neigh(155,157) d=4 terrain=10 cost=2.00
    neigh(154,157) d=5 terrain=10 cost=2.00
    neigh(154,156) d=6 terrain=10 cost=2.60
    neigh(154,155) d=7 terrain=10 cost=3.20
  expand #7: (155,154) boat=1 g=5.22 terrain=10 f_top=55.83
    neigh(155,153) d=0 terrain=1 cost=4.30
    neigh(156,153) d=1 terrain=1 cost=4.20
    neigh(156,154) d=2 terrain=10 cost=3.60
    neigh(156,155) d=3 terrain=10 cost=3.00
    neigh(155,155) d=4 terrain=10 cost=3.10
    neigh(154,155) d=5 terrain=10 cost=3.20
    neigh(154,154) d=6 terrain=10 cost=3.70
    neigh(154,153) d=7 terrain=1 cost=4.30
  expand #8: (157,154) boat=1 g=4.79 terrain=10 f_top=56.22
    neigh(157,153) d=0 terrain=1 cost=4.00
    neigh(158,153) d=1 terrain=1 cost=3.70
    neigh(158,154) d=2 terrain=10 cost=3.20
    neigh(158,155) d=3 terrain=10 cost=2.70
    neigh(157,155) d=4 terrain=10 cost=2.90
    neigh(156,155) d=5 terrain=10 cost=3.00
    neigh(156,154) d=6 terrain=10 cost=3.60
    neigh(156,153) d=7 terrain=1 cost=4.20
  expand #9: (157,156) boat=1 g=2.82 terrain=10 f_top=56.25
    neigh(157,155) d=0 terrain=10 cost=2.90
    neigh(158,155) d=1 terrain=10 cost=2.70
    neigh(158,156) d=2 terrain=10 cost=2.00
    neigh(158,157) d=3 terrain=10 cost=2.00
    neigh(157,157) d=4 terrain=10 cost=2.00
    neigh(156,157) d=5 terrain=10 cost=2.00
    neigh(156,156) d=6 terrain=10 cost=2.00
    neigh(156,155) d=7 terrain=10 cost=3.00
  expand #10: (154,155) boat=1 g=6.30 terrain=10 f_top=57.50
    neigh(154,154) d=0 terrain=10 cost=3.70
    neigh(155,154) d=1 terrain=10 cost=3.70
    neigh(155,155) d=2 terrain=10 cost=3.10
    neigh(155,156) d=3 terrain=10 cost=2.00
    neigh(154,156) d=4 terrain=10 cost=2.60
    neigh(153,156) d=5 terrain=10 cost=2.00
    neigh(153,155) d=6 terrain=10 cost=3.10
    neigh(153,154) d=7 terrain=10 cost=3.70
  expand #11: (156,153) boat=1 g=7.80 terrain=1 f_top=57.82
    neigh(156,152) d=0 terrain=1 cost=4.70
    neigh(157,152) d=1 terrain=1 cost=4.50
    neigh(157,153) d=2 terrain=1 cost=4.00
    neigh(157,154) d=3 terrain=10 cost=3.40
    neigh(156,154) d=4 terrain=10 cost=3.60
    neigh(155,154) d=5 terrain=10 cost=3.70
    neigh(155,153) d=6 terrain=1 cost=4.30
    neigh(155,152) d=7 terrain=1 cost=4.90
  expand #12: (156,157) boat=1 g=4.00 terrain=10 f_top=58.02
    neigh(156,156) d=0 terrain=10 cost=2.00
    neigh(157,156) d=1 terrain=10 cost=2.00
    neigh(157,157) d=2 terrain=10 cost=2.00
    neigh(157,158) d=3 terrain=10 cost=2.00
    neigh(156,158) d=4 terrain=10 cost=2.00
    neigh(155,158) d=5 terrain=10 cost=2.00
    neigh(155,157) d=6 terrain=10 cost=2.00
    neigh(155,156) d=7 terrain=10 cost=2.00
  expand #13: (158,155) boat=1 g=5.60 terrain=10 f_top=58.44
    neigh(158,154) d=0 terrain=10 cost=3.20
    neigh(159,154) d=1 terrain=10 cost=2.90
    neigh(159,155) d=2 terrain=10 cost=2.00
    neigh(159,156) d=3 terrain=10 cost=2.00
    neigh(158,156) d=4 terrain=10 cost=2.00
    neigh(157,156) d=5 terrain=10 cost=2.00
    neigh(157,155) d=6 terrain=10 cost=2.90
    neigh(157,154) d=7 terrain=10 cost=3.40
  expand #14: (154,157) boat=1 g=5.64 terrain=10 f_top=58.84
    neigh(154,156) d=0 terrain=10 cost=2.60
    neigh(155,156) d=1 terrain=10 cost=2.00
    neigh(155,157) d=2 terrain=10 cost=2.00
    neigh(155,158) d=3 terrain=10 cost=2.00
    neigh(154,158) d=4 terrain=10 cost=2.00
    neigh(153,158) d=5 terrain=10 cost=2.00
    neigh(153,157) d=6 terrain=10 cost=2.00
    neigh(153,156) d=7 terrain=10 cost=2.00
  expand #15: (154,156) boat=1 g=7.42 terrain=10 f_top=59.62
    neigh(154,155) d=0 terrain=10 cost=3.20
    neigh(155,155) d=1 terrain=10 cost=3.10
    neigh(155,156) d=2 terrain=10 cost=2.00
    neigh(155,157) d=3 terrain=10 cost=2.00
    neigh(154,157) d=4 terrain=10 cost=2.00
    neigh(153,157) d=5 terrain=10 cost=2.00
    neigh(153,156) d=6 terrain=10 cost=2.00
    neigh(153,155) d=7 terrain=10 cost=3.10
  expand #16: (153,155) boat=1 g=9.40 terrain=10 f_top=60.19
    neigh(153,154) d=0 terrain=10 cost=3.70
    neigh(154,154) d=1 terrain=10 cost=3.70
    neigh(154,155) d=2 terrain=10 cost=3.20
    neigh(154,156) d=3 terrain=10 cost=2.60
    neigh(153,156) d=4 terrain=10 cost=2.00
    neigh(152,156) d=5 terrain=10 cost=2.00
    neigh(152,155) d=6 terrain=10 cost=3.00
    neigh(152,154) d=7 terrain=10 cost=3.60
  expand #17: (155,157) boat=1 g=6.82 terrain=10 f_top=60.43
    neigh(155,156) d=0 terrain=10 cost=2.00
    neigh(156,156) d=1 terrain=10 cost=2.00
    neigh(156,157) d=2 terrain=10 cost=2.00
    neigh(156,158) d=3 terrain=10 cost=2.00
    neigh(155,158) d=4 terrain=10 cost=2.00
    neigh(154,158) d=5 terrain=10 cost=2.00
    neigh(154,157) d=6 terrain=10 cost=2.00
    neigh(154,156) d=7 terrain=10 cost=2.60
  expand #18: (154,153) boat=1 g=11.28 terrain=1 f_top=60.48
    neigh(154,152) d=0 terrain=1 cost=4.90
    neigh(155,152) d=1 terrain=1 cost=4.90
    neigh(155,153) d=2 terrain=1 cost=4.30
    neigh(155,154) d=3 terrain=10 cost=3.70
    neigh(154,154) d=4 terrain=10 cost=3.70
    neigh(153,154) d=5 terrain=10 cost=3.70
    neigh(153,153) d=6 terrain=1 cost=4.30
    neigh(153,152) d=7 terrain=1 cost=4.90
  expand #19: (158,157) boat=1 g=5.64 terrain=10 f_top=60.48
    neigh(158,156) d=0 terrain=10 cost=2.00
    neigh(159,156) d=1 terrain=10 cost=2.00
    neigh(159,157) d=2 terrain=10 cost=2.00
    neigh(159,158) d=3 terrain=10 cost=2.00
    neigh(158,158) d=4 terrain=10 cost=2.00
    neigh(157,158) d=5 terrain=10 cost=2.00
    neigh(157,157) d=6 terrain=10 cost=2.00
    neigh(157,156) d=7 terrain=10 cost=2.00
  expand #20: (158,156) boat=1 g=6.82 terrain=10 f_top=60.66
    neigh(158,155) d=0 terrain=10 cost=2.70
    neigh(159,155) d=1 terrain=10 cost=2.00
    neigh(159,156) d=2 terrain=10 cost=2.00
    neigh(159,157) d=3 terrain=10 cost=2.00
    neigh(158,157) d=4 terrain=10 cost=2.00
    neigh(157,157) d=5 terrain=10 cost=2.00
    neigh(157,156) d=6 terrain=10 cost=2.00
    neigh(157,155) d=7 terrain=10 cost=2.90
  FOUND dest at expand #4596, cost=158.72
  result=158.72 expanded=4596 open_remaining=1326 term=FOUND
  timing: init=33.9us search=1635.9us total=1669.8us  per-expand=0.36us
  heap: pushes=8638 pops=7312 stale_pops=2716 peak_open=1330
  neigh: total=36760 oob=0 diag_blocked=787 cost_inf=57 already_closed=16962 worse_g=10317 relaxed=8637

=== cost_to(156,155)->(108,127) boat=1 sh=40 tr=40 mn=40 arm=40 budget=16000 src_terrain=10 dst_terrain=2 ===
  expand #1: (156,155) boat=1 g=0.00 terrain=10 f_top=59.48
    neigh(156,154) d=0 terrain=10 cost=3.60
    neigh(157,154) d=1 terrain=10 cost=3.40
    neigh(157,155) d=2 terrain=10 cost=2.90
    neigh(157,156) d=3 terrain=10 cost=2.00
    neigh(156,156) d=4 terrain=10 cost=2.00
    neigh(155,156) d=5 terrain=10 cost=2.00
    neigh(155,155) d=6 terrain=10 cost=3.10
    neigh(155,154) d=7 terrain=10 cost=3.70
  expand #2: (155,155) boat=1 g=3.10 terrain=10 f_top=61.58
    neigh(155,154) d=0 terrain=10 cost=3.70
    neigh(156,154) d=1 terrain=10 cost=3.60
    neigh(156,155) d=2 terrain=10 cost=3.00
    neigh(156,156) d=3 terrain=10 cost=2.00
    neigh(155,156) d=4 terrain=10 cost=2.00
    neigh(154,156) d=5 terrain=10 cost=2.60
    neigh(154,155) d=6 terrain=10 cost=3.20
    neigh(154,154) d=7 terrain=10 cost=3.70
  expand #3: (155,156) boat=1 g=2.82 terrain=10 f_top=61.71
    neigh(155,155) d=0 terrain=10 cost=3.10
    neigh(156,155) d=1 terrain=10 cost=3.00
    neigh(156,156) d=2 terrain=10 cost=2.00
    neigh(156,157) d=3 terrain=10 cost=2.00
    neigh(155,157) d=4 terrain=10 cost=2.00
    neigh(154,157) d=5 terrain=10 cost=2.00
    neigh(154,156) d=6 terrain=10 cost=2.60
    neigh(154,155) d=7 terrain=10 cost=3.20
  expand #4: (156,156) boat=1 g=2.00 terrain=10 f_top=61.89
    neigh(156,155) d=0 terrain=10 cost=3.00
    neigh(157,155) d=1 terrain=10 cost=2.90
    neigh(157,156) d=2 terrain=10 cost=2.00
    neigh(157,157) d=3 terrain=10 cost=2.00
    neigh(156,157) d=4 terrain=10 cost=2.00
    neigh(155,157) d=5 terrain=10 cost=2.00
    neigh(155,156) d=6 terrain=10 cost=2.00
    neigh(155,155) d=7 terrain=10 cost=3.10
  expand #5: (156,154) boat=1 g=3.60 terrain=10 f_top=62.67
    neigh(156,153) d=0 terrain=1 cost=4.20
    neigh(157,153) d=1 terrain=1 cost=4.00
    neigh(157,154) d=2 terrain=10 cost=3.40
    neigh(157,155) d=3 terrain=10 cost=2.90
    neigh(156,155) d=4 terrain=10 cost=3.00
    neigh(155,155) d=5 terrain=10 cost=3.10
    neigh(155,154) d=6 terrain=10 cost=3.70
    neigh(155,153) d=7 terrain=1 cost=4.30
  expand #6: (155,154) boat=1 g=5.22 terrain=10 f_top=63.29
    neigh(155,153) d=0 terrain=1 cost=4.30
    neigh(156,153) d=1 terrain=1 cost=4.20
    neigh(156,154) d=2 terrain=10 cost=3.60
    neigh(156,155) d=3 terrain=10 cost=3.00
    neigh(155,155) d=4 terrain=10 cost=3.10
    neigh(154,155) d=5 terrain=10 cost=3.20
    neigh(154,154) d=6 terrain=10 cost=3.70
    neigh(154,153) d=7 terrain=1 cost=4.30
  expand #7: (157,155) boat=1 g=2.90 terrain=10 f_top=63.38
    neigh(157,154) d=0 terrain=10 cost=3.40
    neigh(158,154) d=1 terrain=10 cost=3.20
    neigh(158,155) d=2 terrain=10 cost=2.70
    neigh(158,156) d=3 terrain=10 cost=2.00
    neigh(157,156) d=4 terrain=10 cost=2.00
    neigh(156,156) d=5 terrain=10 cost=2.00
    neigh(156,155) d=6 terrain=10 cost=3.00
    neigh(156,154) d=7 terrain=10 cost=3.60
  expand #8: (157,156) boat=1 g=2.82 terrain=10 f_top=63.71
    neigh(157,155) d=0 terrain=10 cost=2.90
    neigh(158,155) d=1 terrain=10 cost=2.70
    neigh(158,156) d=2 terrain=10 cost=2.00
    neigh(158,157) d=3 terrain=10 cost=2.00
    neigh(157,157) d=4 terrain=10 cost=2.00
    neigh(156,157) d=5 terrain=10 cost=2.00
    neigh(156,156) d=6 terrain=10 cost=2.00
    neigh(156,155) d=7 terrain=10 cost=3.00
  expand #9: (154,155) boat=1 g=6.30 terrain=10 f_top=63.78
    neigh(154,154) d=0 terrain=10 cost=3.70
    neigh(155,154) d=1 terrain=10 cost=3.70
    neigh(155,155) d=2 terrain=10 cost=3.10
    neigh(155,156) d=3 terrain=10 cost=2.00
    neigh(154,156) d=4 terrain=10 cost=2.60
    neigh(153,156) d=5 terrain=10 cost=2.00
    neigh(153,155) d=6 terrain=10 cost=3.10
    neigh(153,154) d=7 terrain=10 cost=3.70
  expand #10: (154,157) boat=1 g=5.64 terrain=10 f_top=63.94
    neigh(154,156) d=0 terrain=10 cost=2.60
    neigh(155,156) d=1 terrain=10 cost=2.00
    neigh(155,157) d=2 terrain=10 cost=2.00
    neigh(155,158) d=3 terrain=10 cost=2.00
    neigh(154,158) d=4 terrain=10 cost=2.00
    neigh(153,158) d=5 terrain=10 cost=2.00
    neigh(153,157) d=6 terrain=10 cost=2.00
    neigh(153,156) d=7 terrain=10 cost=2.00
  expand #11: (156,157) boat=1 g=4.00 terrain=10 f_top=64.30
    neigh(156,156) d=0 terrain=10 cost=2.00
    neigh(157,156) d=1 terrain=10 cost=2.00
    neigh(157,157) d=2 terrain=10 cost=2.00
    neigh(157,158) d=3 terrain=10 cost=2.00
    neigh(156,158) d=4 terrain=10 cost=2.00
    neigh(155,158) d=5 terrain=10 cost=2.00
    neigh(155,157) d=6 terrain=10 cost=2.00
    neigh(155,156) d=7 terrain=10 cost=2.00
  expand #12: (157,154) boat=1 g=4.79 terrain=10 f_top=64.86
    neigh(157,153) d=0 terrain=1 cost=4.00
    neigh(158,153) d=1 terrain=1 cost=3.70
    neigh(158,154) d=2 terrain=10 cost=3.20
    neigh(158,155) d=3 terrain=10 cost=2.70
    neigh(157,155) d=4 terrain=10 cost=2.90
    neigh(156,155) d=5 terrain=10 cost=3.00
    neigh(156,154) d=6 terrain=10 cost=3.60
    neigh(156,153) d=7 terrain=1 cost=4.20
  expand #13: (154,156) boat=1 g=7.42 terrain=10 f_top=65.31
    neigh(154,155) d=0 terrain=10 cost=3.20
    neigh(155,155) d=1 terrain=10 cost=3.10
    neigh(155,156) d=2 terrain=10 cost=2.00
    neigh(155,157) d=3 terrain=10 cost=2.00
    neigh(154,157) d=4 terrain=10 cost=2.00
    neigh(153,157) d=5 terrain=10 cost=2.00
    neigh(153,156) d=6 terrain=10 cost=2.00
    neigh(153,155) d=7 terrain=10 cost=3.10
  expand #14: (153,155) boat=1 g=9.40 terrain=10 f_top=65.88
    neigh(153,154) d=0 terrain=10 cost=3.70
    neigh(154,154) d=1 terrain=10 cost=3.70
    neigh(154,155) d=2 terrain=10 cost=3.20
    neigh(154,156) d=3 terrain=10 cost=2.60
    neigh(153,156) d=4 terrain=10 cost=2.00
    neigh(152,156) d=5 terrain=10 cost=2.00
    neigh(152,155) d=6 terrain=10 cost=3.00
    neigh(152,154) d=7 terrain=10 cost=3.60
  expand #15: (155,157) boat=1 g=6.82 terrain=10 f_top=66.12
    neigh(155,156) d=0 terrain=10 cost=2.00
    neigh(156,156) d=1 terrain=10 cost=2.00
    neigh(156,157) d=2 terrain=10 cost=2.00
    neigh(156,158) d=3 terrain=10 cost=2.00
    neigh(155,158) d=4 terrain=10 cost=2.00
    neigh(154,158) d=5 terrain=10 cost=2.00
    neigh(154,157) d=6 terrain=10 cost=2.00
    neigh(154,156) d=7 terrain=10 cost=2.60
  expand #16: (153,158) boat=1 g=8.46 terrain=10 f_top=66.17
    neigh(153,157) d=0 terrain=10 cost=2.00
    neigh(154,157) d=1 terrain=10 cost=2.00
    neigh(154,158) d=2 terrain=10 cost=2.00
    neigh(154,159) d=3 terrain=10 cost=2.00
    neigh(153,159) d=4 terrain=10 cost=2.00
    neigh(152,159) d=5 terrain=10 cost=2.00
    neigh(152,158) d=6 terrain=10 cost=2.00
    neigh(152,157) d=7 terrain=10 cost=2.00
  expand #17: (153,156) boat=1 g=9.42 terrain=10 f_top=66.31
    neigh(153,155) d=0 terrain=10 cost=3.10
    neigh(154,155) d=1 terrain=10 cost=3.20
    neigh(154,156) d=2 terrain=10 cost=2.60
    neigh(154,157) d=3 terrain=10 cost=2.00
    neigh(153,157) d=4 terrain=10 cost=2.00
    neigh(152,157) d=5 terrain=10 cost=2.00
    neigh(152,156) d=6 terrain=10 cost=2.00
    neigh(152,155) d=7 terrain=10 cost=3.00
  expand #18: (156,153) boat=1 g=7.80 terrain=1 f_top=66.46
    neigh(156,152) d=0 terrain=1 cost=4.70
    neigh(157,152) d=1 terrain=1 cost=4.50
    neigh(157,153) d=2 terrain=1 cost=4.00
    neigh(157,154) d=3 terrain=10 cost=3.40
    neigh(156,154) d=4 terrain=10 cost=3.60
    neigh(155,154) d=5 terrain=10 cost=3.70
    neigh(155,153) d=6 terrain=1 cost=4.30
    neigh(155,152) d=7 terrain=1 cost=4.90
  expand #19: (156,158) boat=1 g=6.00 terrain=10 f_top=66.71
    neigh(156,157) d=0 terrain=10 cost=2.00
    neigh(157,157) d=1 terrain=10 cost=2.00
    neigh(157,158) d=2 terrain=10 cost=2.00
    neigh(157,159) d=3 terrain=10 cost=2.00
    neigh(156,159) d=4 terrain=10 cost=2.00
    neigh(155,159) d=5 terrain=10 cost=2.00
    neigh(155,158) d=6 terrain=10 cost=2.00
    neigh(155,157) d=7 terrain=10 cost=2.00
  expand #20: (153,157) boat=1 g=9.64 terrain=10 f_top=66.94
    neigh(153,156) d=0 terrain=10 cost=2.00
    neigh(154,156) d=1 terrain=10 cost=2.60
    neigh(154,157) d=2 terrain=10 cost=2.00
    neigh(154,158) d=3 terrain=10 cost=2.00
    neigh(153,158) d=4 terrain=10 cost=2.00
    neigh(152,158) d=5 terrain=10 cost=2.00
    neigh(152,157) d=6 terrain=10 cost=2.00
    neigh(152,156) d=7 terrain=10 cost=2.00
  result=1000000015047466219876688855040.00 expanded=16000 open_remaining=1978 term=BUDGET_EXHAUSTED
  timing: init=29.8us search=4316.0us total=4345.8us  per-expand=0.27us
  heap: pushes=29083 pops=27105 stale_pops=11105 peak_open=1985
  neigh: total=128000 oob=0 diag_blocked=1896 cost_inf=130 already_closed=61721 worse_g=35171 relaxed=29082

=== cost_to(156,155)->(108,120) boat=1 sh=40 tr=40 mn=40 arm=40 budget=16000 src_terrain=10 dst_terrain=2 ===
  expand #1: (156,155) boat=1 g=0.00 terrain=10 f_top=62.35
    neigh(156,154) d=0 terrain=10 cost=3.60
    neigh(157,154) d=1 terrain=10 cost=3.40
    neigh(157,155) d=2 terrain=10 cost=2.90
    neigh(157,156) d=3 terrain=10 cost=2.00
    neigh(156,156) d=4 terrain=10 cost=2.00
    neigh(155,156) d=5 terrain=10 cost=2.00
    neigh(155,155) d=6 terrain=10 cost=3.10
    neigh(155,154) d=7 terrain=10 cost=3.70
  expand #2: (155,155) boat=1 g=3.10 terrain=10 f_top=64.45
    neigh(155,154) d=0 terrain=10 cost=3.70
    neigh(156,154) d=1 terrain=10 cost=3.60
    neigh(156,155) d=2 terrain=10 cost=3.00
    neigh(156,156) d=3 terrain=10 cost=2.00
    neigh(155,156) d=4 terrain=10 cost=2.00
    neigh(154,156) d=5 terrain=10 cost=2.60
    neigh(154,155) d=6 terrain=10 cost=3.20
    neigh(154,154) d=7 terrain=10 cost=3.70
  expand #3: (155,156) boat=1 g=2.82 terrain=10 f_top=64.58
    neigh(155,155) d=0 terrain=10 cost=3.10
    neigh(156,155) d=1 terrain=10 cost=3.00
    neigh(156,156) d=2 terrain=10 cost=2.00
    neigh(156,157) d=3 terrain=10 cost=2.00
    neigh(155,157) d=4 terrain=10 cost=2.00
    neigh(154,157) d=5 terrain=10 cost=2.00
    neigh(154,156) d=6 terrain=10 cost=2.60
    neigh(154,155) d=7 terrain=10 cost=3.20
  expand #4: (156,156) boat=1 g=2.00 terrain=10 f_top=64.76
    neigh(156,155) d=0 terrain=10 cost=3.00
    neigh(157,155) d=1 terrain=10 cost=2.90
    neigh(157,156) d=2 terrain=10 cost=2.00
    neigh(157,157) d=3 terrain=10 cost=2.00
    neigh(156,157) d=4 terrain=10 cost=2.00
    neigh(155,157) d=5 terrain=10 cost=2.00
    neigh(155,156) d=6 terrain=10 cost=2.00
    neigh(155,155) d=7 terrain=10 cost=3.10
  expand #5: (156,154) boat=1 g=3.60 terrain=10 f_top=65.54
    neigh(156,153) d=0 terrain=1 cost=4.20
    neigh(157,153) d=1 terrain=1 cost=4.00
    neigh(157,154) d=2 terrain=10 cost=3.40
    neigh(157,155) d=3 terrain=10 cost=2.90
    neigh(156,155) d=4 terrain=10 cost=3.00
    neigh(155,155) d=5 terrain=10 cost=3.10
    neigh(155,154) d=6 terrain=10 cost=3.70
    neigh(155,153) d=7 terrain=1 cost=4.30
  expand #6: (155,154) boat=1 g=5.22 terrain=10 f_top=66.16
    neigh(155,153) d=0 terrain=1 cost=4.30
    neigh(156,153) d=1 terrain=1 cost=4.20
    neigh(156,154) d=2 terrain=10 cost=3.60
    neigh(156,155) d=3 terrain=10 cost=3.00
    neigh(155,155) d=4 terrain=10 cost=3.10
    neigh(154,155) d=5 terrain=10 cost=3.20
    neigh(154,154) d=6 terrain=10 cost=3.70
    neigh(154,153) d=7 terrain=1 cost=4.30
  expand #7: (157,155) boat=1 g=2.90 terrain=10 f_top=66.25
    neigh(157,154) d=0 terrain=10 cost=3.40
    neigh(158,154) d=1 terrain=10 cost=3.20
    neigh(158,155) d=2 terrain=10 cost=2.70
    neigh(158,156) d=3 terrain=10 cost=2.00
    neigh(157,156) d=4 terrain=10 cost=2.00
    neigh(156,156) d=5 terrain=10 cost=2.00
    neigh(156,155) d=6 terrain=10 cost=3.00
    neigh(156,154) d=7 terrain=10 cost=3.60
  expand #8: (157,156) boat=1 g=2.82 terrain=10 f_top=66.58
    neigh(157,155) d=0 terrain=10 cost=2.90
    neigh(158,155) d=1 terrain=10 cost=2.70
    neigh(158,156) d=2 terrain=10 cost=2.00
    neigh(158,157) d=3 terrain=10 cost=2.00
    neigh(157,157) d=4 terrain=10 cost=2.00
    neigh(156,157) d=5 terrain=10 cost=2.00
    neigh(156,156) d=6 terrain=10 cost=2.00
    neigh(156,155) d=7 terrain=10 cost=3.00
  expand #9: (154,155) boat=1 g=6.30 terrain=10 f_top=66.65
    neigh(154,154) d=0 terrain=10 cost=3.70
    neigh(155,154) d=1 terrain=10 cost=3.70
    neigh(155,155) d=2 terrain=10 cost=3.10
    neigh(155,156) d=3 terrain=10 cost=2.00
    neigh(154,156) d=4 terrain=10 cost=2.60
    neigh(153,156) d=5 terrain=10 cost=2.00
    neigh(153,155) d=6 terrain=10 cost=3.10
    neigh(153,154) d=7 terrain=10 cost=3.70
  expand #10: (154,157) boat=1 g=5.64 terrain=10 f_top=66.81
    neigh(154,156) d=0 terrain=10 cost=2.60
    neigh(155,156) d=1 terrain=10 cost=2.00
    neigh(155,157) d=2 terrain=10 cost=2.00
    neigh(155,158) d=3 terrain=10 cost=2.00
    neigh(154,158) d=4 terrain=10 cost=2.00
    neigh(153,158) d=5 terrain=10 cost=2.00
    neigh(153,157) d=6 terrain=10 cost=2.00
    neigh(153,156) d=7 terrain=10 cost=2.00
  expand #11: (156,157) boat=1 g=4.00 terrain=10 f_top=67.17
    neigh(156,156) d=0 terrain=10 cost=2.00
    neigh(157,156) d=1 terrain=10 cost=2.00
    neigh(157,157) d=2 terrain=10 cost=2.00
    neigh(157,158) d=3 terrain=10 cost=2.00
    neigh(156,158) d=4 terrain=10 cost=2.00
    neigh(155,158) d=5 terrain=10 cost=2.00
    neigh(155,157) d=6 terrain=10 cost=2.00
    neigh(155,156) d=7 terrain=10 cost=2.00
  expand #12: (157,154) boat=1 g=4.79 terrain=10 f_top=67.73
    neigh(157,153) d=0 terrain=1 cost=4.00
    neigh(158,153) d=1 terrain=1 cost=3.70
    neigh(158,154) d=2 terrain=10 cost=3.20
    neigh(158,155) d=3 terrain=10 cost=2.70
    neigh(157,155) d=4 terrain=10 cost=2.90
    neigh(156,155) d=5 terrain=10 cost=3.00
    neigh(156,154) d=6 terrain=10 cost=3.60
    neigh(156,153) d=7 terrain=1 cost=4.20
  expand #13: (154,156) boat=1 g=7.42 terrain=10 f_top=68.18
    neigh(154,155) d=0 terrain=10 cost=3.20
    neigh(155,155) d=1 terrain=10 cost=3.10
    neigh(155,156) d=2 terrain=10 cost=2.00
    neigh(155,157) d=3 terrain=10 cost=2.00
    neigh(154,157) d=4 terrain=10 cost=2.00
    neigh(153,157) d=5 terrain=10 cost=2.00
    neigh(153,156) d=6 terrain=10 cost=2.00
    neigh(153,155) d=7 terrain=10 cost=3.10
  expand #14: (153,155) boat=1 g=9.40 terrain=10 f_top=68.75
    neigh(153,154) d=0 terrain=10 cost=3.70
    neigh(154,154) d=1 terrain=10 cost=3.70
    neigh(154,155) d=2 terrain=10 cost=3.20
    neigh(154,156) d=3 terrain=10 cost=2.60
    neigh(153,156) d=4 terrain=10 cost=2.00
    neigh(152,156) d=5 terrain=10 cost=2.00
    neigh(152,155) d=6 terrain=10 cost=3.00
    neigh(152,154) d=7 terrain=10 cost=3.60
  expand #15: (155,157) boat=1 g=6.82 terrain=10 f_top=68.99
    neigh(155,156) d=0 terrain=10 cost=2.00
    neigh(156,156) d=1 terrain=10 cost=2.00
    neigh(156,157) d=2 terrain=10 cost=2.00
    neigh(156,158) d=3 terrain=10 cost=2.00
    neigh(155,158) d=4 terrain=10 cost=2.00
    neigh(154,158) d=5 terrain=10 cost=2.00
    neigh(154,157) d=6 terrain=10 cost=2.00
    neigh(154,156) d=7 terrain=10 cost=2.60
  expand #16: (153,158) boat=1 g=8.46 terrain=10 f_top=69.04
    neigh(153,157) d=0 terrain=10 cost=2.00
    neigh(154,157) d=1 terrain=10 cost=2.00
    neigh(154,158) d=2 terrain=10 cost=2.00
    neigh(154,159) d=3 terrain=10 cost=2.00
    neigh(153,159) d=4 terrain=10 cost=2.00
    neigh(152,159) d=5 terrain=10 cost=2.00
    neigh(152,158) d=6 terrain=10 cost=2.00
    neigh(152,157) d=7 terrain=10 cost=2.00
  expand #17: (153,156) boat=1 g=9.42 terrain=10 f_top=69.18
    neigh(153,155) d=0 terrain=10 cost=3.10
    neigh(154,155) d=1 terrain=10 cost=3.20
    neigh(154,156) d=2 terrain=10 cost=2.60
    neigh(154,157) d=3 terrain=10 cost=2.00
    neigh(153,157) d=4 terrain=10 cost=2.00
    neigh(152,157) d=5 terrain=10 cost=2.00
    neigh(152,156) d=6 terrain=10 cost=2.00
    neigh(152,155) d=7 terrain=10 cost=3.00
  expand #18: (156,153) boat=1 g=7.80 terrain=1 f_top=69.33
    neigh(156,152) d=0 terrain=1 cost=4.70
    neigh(157,152) d=1 terrain=1 cost=4.50
    neigh(157,153) d=2 terrain=1 cost=4.00
    neigh(157,154) d=3 terrain=10 cost=3.40
    neigh(156,154) d=4 terrain=10 cost=3.60
    neigh(155,154) d=5 terrain=10 cost=3.70
    neigh(155,153) d=6 terrain=1 cost=4.30
    neigh(155,152) d=7 terrain=1 cost=4.90
  expand #19: (156,158) boat=1 g=6.00 terrain=10 f_top=69.58
    neigh(156,157) d=0 terrain=10 cost=2.00
    neigh(157,157) d=1 terrain=10 cost=2.00
    neigh(157,158) d=2 terrain=10 cost=2.00
    neigh(157,159) d=3 terrain=10 cost=2.00
    neigh(156,159) d=4 terrain=10 cost=2.00
    neigh(155,159) d=5 terrain=10 cost=2.00
    neigh(155,158) d=6 terrain=10 cost=2.00
    neigh(155,157) d=7 terrain=10 cost=2.00
  expand #20: (153,157) boat=1 g=9.64 terrain=10 f_top=69.81
    neigh(153,156) d=0 terrain=10 cost=2.00
    neigh(154,156) d=1 terrain=10 cost=2.60
    neigh(154,157) d=2 terrain=10 cost=2.00
    neigh(154,158) d=3 terrain=10 cost=2.00
    neigh(153,158) d=4 terrain=10 cost=2.00
    neigh(152,158) d=5 terrain=10 cost=2.00
    neigh(152,157) d=6 terrain=10 cost=2.00
    neigh(152,156) d=7 terrain=10 cost=2.00
  result=1000000015047466219876688855040.00 expanded=16000 open_remaining=2042 term=BUDGET_EXHAUSTED
  timing: init=25.6us search=4327.9us total=4353.5us  per-expand=0.27us
  heap: pushes=29151 pops=27109 stale_pops=11109 peak_open=2048
  neigh: total=128000 oob=0 diag_blocked=1913 cost_inf=133 already_closed=61665 worse_g=35139 relaxed=29150

=== cost_to(172,99)->(166,115) boat=1 sh=40 tr=40 mn=40 arm=40 budget=16000 src_terrain=10 dst_terrain=7 ===
  expand #1: (172,99) boat=1 g=0.00 terrain=10 f_top=18.46
    neigh(172,98) d=0 terrain=10 cost=2.00
    neigh(173,98) d=1 terrain=10 cost=2.00
    neigh(173,99) d=2 terrain=10 cost=2.00
    neigh(173,100) d=3 terrain=10 cost=2.00
    neigh(172,100) d=4 terrain=10 cost=2.00
    neigh(171,100) d=5 terrain=10 cost=2.60
    neigh(171,99) d=6 terrain=10 cost=2.00
    neigh(171,98) d=7 terrain=10 cost=2.00
  expand #2: (172,100) boat=1 g=2.00 terrain=10 f_top=19.46
    neigh(172,99) d=0 terrain=10 cost=2.00
    neigh(173,99) d=1 terrain=10 cost=2.00
    neigh(173,100) d=2 terrain=10 cost=2.00
    neigh(173,101) d=3 terrain=10 cost=3.00
    neigh(172,101) d=4 terrain=10 cost=3.10
    neigh(171,101) d=5 terrain=10 cost=3.20
    neigh(171,100) d=6 terrain=10 cost=2.60
    neigh(171,99) d=7 terrain=10 cost=2.00
  expand #3: (171,99) boat=1 g=2.00 terrain=10 f_top=20.05
    neigh(171,98) d=0 terrain=10 cost=2.00
    neigh(172,98) d=1 terrain=10 cost=2.00
    neigh(172,99) d=2 terrain=10 cost=2.00
    neigh(172,100) d=3 terrain=10 cost=2.00
    neigh(171,100) d=4 terrain=10 cost=2.60
    neigh(170,100) d=5 terrain=10 cost=2.00
    neigh(170,99) d=6 terrain=10 cost=2.00
    neigh(170,98) d=7 terrain=10 cost=2.00
  expand #4: (173,100) boat=1 g=2.82 terrain=10 f_top=20.69
    neigh(173,99) d=0 terrain=10 cost=2.00
    neigh(174,99) d=1 terrain=10 cost=2.00
    neigh(174,100) d=2 terrain=10 cost=2.00
    neigh(174,101) d=3 terrain=10 cost=2.50
    neigh(173,101) d=4 terrain=10 cost=3.00
    neigh(172,101) d=5 terrain=10 cost=3.10
    neigh(172,100) d=6 terrain=10 cost=2.00
    neigh(172,99) d=7 terrain=10 cost=2.00
  expand #5: (171,100) boat=1 g=3.67 terrain=10 f_top=20.72
    neigh(171,99) d=0 terrain=10 cost=2.00
    neigh(172,99) d=1 terrain=10 cost=2.00
    neigh(172,100) d=2 terrain=10 cost=2.00
    neigh(172,101) d=3 terrain=10 cost=3.10
    neigh(171,101) d=4 terrain=10 cost=3.20
    neigh(170,101) d=5 terrain=10 cost=3.10
    neigh(170,100) d=6 terrain=10 cost=2.00
    neigh(170,99) d=7 terrain=10 cost=2.00
  expand #6: (173,99) boat=1 g=2.00 terrain=10 f_top=20.87
    neigh(173,98) d=0 terrain=10 cost=2.00
    neigh(174,98) d=1 terrain=10 cost=2.00
    neigh(174,99) d=2 terrain=10 cost=2.00
    neigh(174,100) d=3 terrain=10 cost=2.00
    neigh(173,100) d=4 terrain=10 cost=2.00
    neigh(172,100) d=5 terrain=10 cost=2.00
    neigh(172,99) d=6 terrain=10 cost=2.00
    neigh(172,98) d=7 terrain=10 cost=2.00
  expand #7: (172,98) boat=1 g=2.00 terrain=10 f_top=21.46
    neigh(172,97) d=0 terrain=10 cost=2.00
    neigh(173,97) d=1 terrain=10 cost=2.00
    neigh(173,98) d=2 terrain=10 cost=2.00
    neigh(173,99) d=3 terrain=10 cost=2.00
    neigh(172,99) d=4 terrain=10 cost=2.00
    neigh(171,99) d=5 terrain=10 cost=2.00
    neigh(171,98) d=6 terrain=10 cost=2.00
    neigh(171,97) d=7 terrain=10 cost=2.00
  expand #8: (172,101) boat=1 g=5.10 terrain=10 f_top=21.56
    neigh(172,100) d=0 terrain=10 cost=2.00
    neigh(173,100) d=1 terrain=10 cost=2.00
    neigh(173,101) d=2 terrain=10 cost=3.00
    neigh(173,102) d=3 terrain=1 cost=3.60
    neigh(172,102) d=4 terrain=1 cost=3.70
    neigh(171,102) d=5 terrain=1 cost=3.70
    neigh(171,101) d=6 terrain=10 cost=3.20
    neigh(171,100) d=7 terrain=10 cost=2.60
  expand #9: (170,99) boat=1 g=4.00 terrain=10 f_top=21.64
    neigh(170,98) d=0 terrain=10 cost=2.00
    neigh(171,98) d=1 terrain=10 cost=2.00
    neigh(171,99) d=2 terrain=10 cost=2.00
    neigh(171,100) d=3 terrain=10 cost=2.60
    neigh(170,100) d=4 terrain=10 cost=2.00
    neigh(169,100) d=5 terrain=10 cost=2.00
    neigh(169,99) d=6 terrain=10 cost=2.00
    neigh(169,98) d=7 terrain=10 cost=2.00
  expand #10: (171,98) boat=1 g=2.82 terrain=10 f_top=21.87
    neigh(171,97) d=0 terrain=10 cost=2.00
    neigh(172,97) d=1 terrain=10 cost=2.00
    neigh(172,98) d=2 terrain=10 cost=2.00
    neigh(172,99) d=3 terrain=10 cost=2.00
    neigh(171,99) d=4 terrain=10 cost=2.00
    neigh(170,99) d=5 terrain=10 cost=2.00
    neigh(170,98) d=6 terrain=10 cost=2.00
    neigh(170,97) d=7 terrain=10 cost=2.00
  expand #11: (173,98) boat=1 g=2.82 terrain=10 f_top=22.69
    neigh(173,97) d=0 terrain=10 cost=2.00
    neigh(174,97) d=1 terrain=10 cost=2.00
    neigh(174,98) d=2 terrain=10 cost=2.00
    neigh(174,99) d=3 terrain=10 cost=2.00
    neigh(173,99) d=4 terrain=10 cost=2.00
    neigh(172,99) d=5 terrain=10 cost=2.00
    neigh(172,98) d=6 terrain=10 cost=2.00
    neigh(172,97) d=7 terrain=10 cost=2.00
  expand #12: (169,99) boat=1 g=6.00 terrain=10 f_top=23.23
    neigh(169,98) d=0 terrain=10 cost=2.00
    neigh(170,98) d=1 terrain=10 cost=2.00
    neigh(170,99) d=2 terrain=10 cost=2.00
    neigh(170,100) d=3 terrain=10 cost=2.00
    neigh(169,100) d=4 terrain=10 cost=2.00
    neigh(168,100) d=5 terrain=10 cost=2.00
    neigh(168,99) d=6 terrain=10 cost=2.00
    neigh(168,98) d=7 terrain=10 cost=2.00
  expand #13: (174,99) boat=1 g=4.00 terrain=10 f_top=23.28
    neigh(174,98) d=0 terrain=10 cost=2.00
    neigh(175,98) d=1 terrain=10 cost=2.00
    neigh(175,99) d=2 terrain=10 cost=2.00
    neigh(175,100) d=3 terrain=10 cost=2.00
    neigh(174,100) d=4 terrain=10 cost=2.00
    neigh(173,100) d=5 terrain=10 cost=2.00
    neigh(173,99) d=6 terrain=10 cost=2.00
    neigh(173,98) d=7 terrain=10 cost=2.00
  expand #14: (174,101) boat=1 g=6.34 terrain=10 f_top=23.62
    neigh(174,100) d=0 terrain=10 cost=2.00
    neigh(175,100) d=1 terrain=10 cost=2.00
    neigh(175,101) d=2 terrain=10 cost=2.40
    neigh(175,102) d=3 terrain=1 cost=2.70
    neigh(174,102) d=4 terrain=1 cost=2.90
    neigh(173,102) d=5 terrain=1 cost=3.60
    neigh(173,101) d=6 terrain=10 cost=3.00
    neigh(173,100) d=7 terrain=10 cost=2.00
  expand #15: (170,101) boat=1 g=8.04 terrain=10 f_top=23.68
    neigh(170,100) d=0 terrain=10 cost=2.00
    neigh(171,100) d=1 terrain=10 cost=2.60
    neigh(171,101) d=2 terrain=10 cost=3.20
    neigh(171,102) d=3 terrain=1 cost=3.70
    neigh(170,102) d=4 terrain=1 cost=3.70
    neigh(169,102) d=5 terrain=1 cost=3.60
    neigh(169,101) d=6 terrain=10 cost=3.00
    neigh(169,100) d=7 terrain=10 cost=2.00
  expand #16: (172,102) boat=1 g=8.80 terrain=1 f_top=24.26
    neigh(172,101) d=0 terrain=10 cost=3.10
    neigh(173,101) d=1 terrain=10 cost=3.00
    neigh(173,102) d=2 terrain=1 cost=3.60
    neigh(172,103) d=4 terrain=2 cost=20.27
    neigh(171,102) d=6 terrain=1 cost=3.70
    neigh(171,101) d=7 terrain=10 cost=3.20
  expand #17: (170,100) boat=1 g=7.64 terrain=10 f_top=24.28
    neigh(170,99) d=0 terrain=10 cost=2.00
    neigh(171,99) d=1 terrain=10 cost=2.00
    neigh(171,100) d=2 terrain=10 cost=2.60
    neigh(171,101) d=3 terrain=10 cost=3.20
    neigh(170,101) d=4 terrain=10 cost=3.10
    neigh(169,101) d=5 terrain=10 cost=3.00
    neigh(169,100) d=6 terrain=10 cost=2.00
    neigh(169,99) d=7 terrain=10 cost=2.00
  expand #18: (172,97) boat=1 g=4.00 terrain=10 f_top=24.46
    neigh(172,96) d=0 terrain=10 cost=2.00
    neigh(173,96) d=1 terrain=10 cost=2.00
    neigh(173,97) d=2 terrain=10 cost=2.00
    neigh(173,98) d=3 terrain=10 cost=2.00
    neigh(172,98) d=4 terrain=10 cost=2.00
    neigh(171,98) d=5 terrain=10 cost=2.00
    neigh(171,97) d=6 terrain=10 cost=2.00
    neigh(171,96) d=7 terrain=10 cost=2.00
  expand #19: (173,101) boat=1 g=7.82 terrain=10 f_top=24.69
    neigh(173,100) d=0 terrain=10 cost=2.00
    neigh(174,100) d=1 terrain=10 cost=2.00
    neigh(174,101) d=2 terrain=10 cost=2.50
    neigh(174,102) d=3 terrain=1 cost=2.90
    neigh(173,102) d=4 terrain=1 cost=3.60
    neigh(172,102) d=5 terrain=1 cost=3.70
    neigh(172,101) d=6 terrain=10 cost=3.10
    neigh(172,100) d=7 terrain=10 cost=2.00
  expand #20: (168,99) boat=1 g=8.00 terrain=10 f_top=24.82
    neigh(168,98) d=0 terrain=10 cost=2.00
    neigh(169,98) d=1 terrain=10 cost=2.00
    neigh(169,99) d=2 terrain=10 cost=2.00
    neigh(169,100) d=3 terrain=10 cost=2.00
    neigh(168,100) d=4 terrain=10 cost=2.00
    neigh(167,100) d=5 terrain=10 cost=2.00
    neigh(167,99) d=6 terrain=10 cost=2.00
    neigh(167,98) d=7 terrain=10 cost=2.00
  FOUND dest at expand #1544, cost=89.71
  result=89.71 expanded=1544 open_remaining=559 term=FOUND
  timing: init=35.3us search=867.9us total=903.2us  per-expand=0.56us
  heap: pushes=3047 pops=2488 stale_pops=944 peak_open=563
  neigh: total=12344 oob=0 diag_blocked=257 cost_inf=15 already_closed=5607 worse_g=3419 relaxed=3046

=== cost_to(156,155)->(108,113) boat=1 sh=40 tr=40 mn=40 arm=40 budget=16000 src_terrain=10 dst_terrain=7 ===
  expand #1: (156,155) boat=1 g=0.00 terrain=10 f_top=65.22
    neigh(156,154) d=0 terrain=10 cost=3.60
    neigh(157,154) d=1 terrain=10 cost=3.40
    neigh(157,155) d=2 terrain=10 cost=2.90
    neigh(157,156) d=3 terrain=10 cost=2.00
    neigh(156,156) d=4 terrain=10 cost=2.00
    neigh(155,156) d=5 terrain=10 cost=2.00
    neigh(155,155) d=6 terrain=10 cost=3.10
    neigh(155,154) d=7 terrain=10 cost=3.70
  expand #2: (155,155) boat=1 g=3.10 terrain=10 f_top=67.32
    neigh(155,154) d=0 terrain=10 cost=3.70
    neigh(156,154) d=1 terrain=10 cost=3.60
    neigh(156,155) d=2 terrain=10 cost=3.00
    neigh(156,156) d=3 terrain=10 cost=2.00
    neigh(155,156) d=4 terrain=10 cost=2.00
    neigh(154,156) d=5 terrain=10 cost=2.60
    neigh(154,155) d=6 terrain=10 cost=3.20
    neigh(154,154) d=7 terrain=10 cost=3.70
  expand #3: (155,156) boat=1 g=2.82 terrain=10 f_top=67.45
    neigh(155,155) d=0 terrain=10 cost=3.10
    neigh(156,155) d=1 terrain=10 cost=3.00
    neigh(156,156) d=2 terrain=10 cost=2.00
    neigh(156,157) d=3 terrain=10 cost=2.00
    neigh(155,157) d=4 terrain=10 cost=2.00
    neigh(154,157) d=5 terrain=10 cost=2.00
    neigh(154,156) d=6 terrain=10 cost=2.60
    neigh(154,155) d=7 terrain=10 cost=3.20
  expand #4: (156,156) boat=1 g=2.00 terrain=10 f_top=67.63
    neigh(156,155) d=0 terrain=10 cost=3.00
    neigh(157,155) d=1 terrain=10 cost=2.90
    neigh(157,156) d=2 terrain=10 cost=2.00
    neigh(157,157) d=3 terrain=10 cost=2.00
    neigh(156,157) d=4 terrain=10 cost=2.00
    neigh(155,157) d=5 terrain=10 cost=2.00
    neigh(155,156) d=6 terrain=10 cost=2.00
    neigh(155,155) d=7 terrain=10 cost=3.10
  expand #5: (156,154) boat=1 g=3.60 terrain=10 f_top=68.41
    neigh(156,153) d=0 terrain=1 cost=4.20
    neigh(157,153) d=1 terrain=1 cost=4.00
    neigh(157,154) d=2 terrain=10 cost=3.40
    neigh(157,155) d=3 terrain=10 cost=2.90
    neigh(156,155) d=4 terrain=10 cost=3.00
    neigh(155,155) d=5 terrain=10 cost=3.10
    neigh(155,154) d=6 terrain=10 cost=3.70
    neigh(155,153) d=7 terrain=1 cost=4.30
  expand #6: (155,154) boat=1 g=5.22 terrain=10 f_top=69.03
    neigh(155,153) d=0 terrain=1 cost=4.30
    neigh(156,153) d=1 terrain=1 cost=4.20
    neigh(156,154) d=2 terrain=10 cost=3.60
    neigh(156,155) d=3 terrain=10 cost=3.00
    neigh(155,155) d=4 terrain=10 cost=3.10
    neigh(154,155) d=5 terrain=10 cost=3.20
    neigh(154,154) d=6 terrain=10 cost=3.70
    neigh(154,153) d=7 terrain=1 cost=4.30
  expand #7: (157,155) boat=1 g=2.90 terrain=10 f_top=69.12
    neigh(157,154) d=0 terrain=10 cost=3.40
    neigh(158,154) d=1 terrain=10 cost=3.20
    neigh(158,155) d=2 terrain=10 cost=2.70
    neigh(158,156) d=3 terrain=10 cost=2.00
    neigh(157,156) d=4 terrain=10 cost=2.00
    neigh(156,156) d=5 terrain=10 cost=2.00
    neigh(156,155) d=6 terrain=10 cost=3.00
    neigh(156,154) d=7 terrain=10 cost=3.60
  expand #8: (157,156) boat=1 g=2.82 terrain=10 f_top=69.45
    neigh(157,155) d=0 terrain=10 cost=2.90
    neigh(158,155) d=1 terrain=10 cost=2.70
    neigh(158,156) d=2 terrain=10 cost=2.00
    neigh(158,157) d=3 terrain=10 cost=2.00
    neigh(157,157) d=4 terrain=10 cost=2.00
    neigh(156,157) d=5 terrain=10 cost=2.00
    neigh(156,156) d=6 terrain=10 cost=2.00
    neigh(156,155) d=7 terrain=10 cost=3.00
  expand #9: (154,155) boat=1 g=6.30 terrain=10 f_top=69.52
    neigh(154,154) d=0 terrain=10 cost=3.70
    neigh(155,154) d=1 terrain=10 cost=3.70
    neigh(155,155) d=2 terrain=10 cost=3.10
    neigh(155,156) d=3 terrain=10 cost=2.00
    neigh(154,156) d=4 terrain=10 cost=2.60
    neigh(153,156) d=5 terrain=10 cost=2.00
    neigh(153,155) d=6 terrain=10 cost=3.10
    neigh(153,154) d=7 terrain=10 cost=3.70
  expand #10: (154,157) boat=1 g=5.64 terrain=10 f_top=69.68
    neigh(154,156) d=0 terrain=10 cost=2.60
    neigh(155,156) d=1 terrain=10 cost=2.00
    neigh(155,157) d=2 terrain=10 cost=2.00
    neigh(155,158) d=3 terrain=10 cost=2.00
    neigh(154,158) d=4 terrain=10 cost=2.00
    neigh(153,158) d=5 terrain=10 cost=2.00
    neigh(153,157) d=6 terrain=10 cost=2.00
    neigh(153,156) d=7 terrain=10 cost=2.00
  expand #11: (156,157) boat=1 g=4.00 terrain=10 f_top=70.04
    neigh(156,156) d=0 terrain=10 cost=2.00
    neigh(157,156) d=1 terrain=10 cost=2.00
    neigh(157,157) d=2 terrain=10 cost=2.00
    neigh(157,158) d=3 terrain=10 cost=2.00
    neigh(156,158) d=4 terrain=10 cost=2.00
    neigh(155,158) d=5 terrain=10 cost=2.00
    neigh(155,157) d=6 terrain=10 cost=2.00
    neigh(155,156) d=7 terrain=10 cost=2.00
  expand #12: (157,154) boat=1 g=4.79 terrain=10 f_top=70.60
    neigh(157,153) d=0 terrain=1 cost=4.00
    neigh(158,153) d=1 terrain=1 cost=3.70
    neigh(158,154) d=2 terrain=10 cost=3.20
    neigh(158,155) d=3 terrain=10 cost=2.70
    neigh(157,155) d=4 terrain=10 cost=2.90
    neigh(156,155) d=5 terrain=10 cost=3.00
    neigh(156,154) d=6 terrain=10 cost=3.60
    neigh(156,153) d=7 terrain=1 cost=4.20
  expand #13: (154,156) boat=1 g=7.42 terrain=10 f_top=71.05
    neigh(154,155) d=0 terrain=10 cost=3.20
    neigh(155,155) d=1 terrain=10 cost=3.10
    neigh(155,156) d=2 terrain=10 cost=2.00
    neigh(155,157) d=3 terrain=10 cost=2.00
    neigh(154,157) d=4 terrain=10 cost=2.00
    neigh(153,157) d=5 terrain=10 cost=2.00
    neigh(153,156) d=6 terrain=10 cost=2.00
    neigh(153,155) d=7 terrain=10 cost=3.10
  expand #14: (153,155) boat=1 g=9.40 terrain=10 f_top=71.62
    neigh(153,154) d=0 terrain=10 cost=3.70
    neigh(154,154) d=1 terrain=10 cost=3.70
    neigh(154,155) d=2 terrain=10 cost=3.20
    neigh(154,156) d=3 terrain=10 cost=2.60
    neigh(153,156) d=4 terrain=10 cost=2.00
    neigh(152,156) d=5 terrain=10 cost=2.00
    neigh(152,155) d=6 terrain=10 cost=3.00
    neigh(152,154) d=7 terrain=10 cost=3.60
  expand #15: (155,157) boat=1 g=6.82 terrain=10 f_top=71.86
    neigh(155,156) d=0 terrain=10 cost=2.00
    neigh(156,156) d=1 terrain=10 cost=2.00
    neigh(156,157) d=2 terrain=10 cost=2.00
    neigh(156,158) d=3 terrain=10 cost=2.00
    neigh(155,158) d=4 terrain=10 cost=2.00
    neigh(154,158) d=5 terrain=10 cost=2.00
    neigh(154,157) d=6 terrain=10 cost=2.00
    neigh(154,156) d=7 terrain=10 cost=2.60
  expand #16: (153,158) boat=1 g=8.46 terrain=10 f_top=71.91
    neigh(153,157) d=0 terrain=10 cost=2.00
    neigh(154,157) d=1 terrain=10 cost=2.00
    neigh(154,158) d=2 terrain=10 cost=2.00
    neigh(154,159) d=3 terrain=10 cost=2.00
    neigh(153,159) d=4 terrain=10 cost=2.00
    neigh(152,159) d=5 terrain=10 cost=2.00
    neigh(152,158) d=6 terrain=10 cost=2.00
    neigh(152,157) d=7 terrain=10 cost=2.00
  expand #17: (153,156) boat=1 g=9.42 terrain=10 f_top=72.05
    neigh(153,155) d=0 terrain=10 cost=3.10
    neigh(154,155) d=1 terrain=10 cost=3.20
    neigh(154,156) d=2 terrain=10 cost=2.60
    neigh(154,157) d=3 terrain=10 cost=2.00
    neigh(153,157) d=4 terrain=10 cost=2.00
    neigh(152,157) d=5 terrain=10 cost=2.00
    neigh(152,156) d=6 terrain=10 cost=2.00
    neigh(152,155) d=7 terrain=10 cost=3.00
  expand #18: (156,153) boat=1 g=7.80 terrain=1 f_top=72.20
    neigh(156,152) d=0 terrain=1 cost=4.70
    neigh(157,152) d=1 terrain=1 cost=4.50
    neigh(157,153) d=2 terrain=1 cost=4.00
    neigh(157,154) d=3 terrain=10 cost=3.40
    neigh(156,154) d=4 terrain=10 cost=3.60
    neigh(155,154) d=5 terrain=10 cost=3.70
    neigh(155,153) d=6 terrain=1 cost=4.30
    neigh(155,152) d=7 terrain=1 cost=4.90
  expand #19: (156,158) boat=1 g=6.00 terrain=10 f_top=72.45
    neigh(156,157) d=0 terrain=10 cost=2.00
    neigh(157,157) d=1 terrain=10 cost=2.00
    neigh(157,158) d=2 terrain=10 cost=2.00
    neigh(157,159) d=3 terrain=10 cost=2.00
    neigh(156,159) d=4 terrain=10 cost=2.00
    neigh(155,159) d=5 terrain=10 cost=2.00
    neigh(155,158) d=6 terrain=10 cost=2.00
    neigh(155,157) d=7 terrain=10 cost=2.00
  expand #20: (153,157) boat=1 g=9.64 terrain=10 f_top=72.68
    neigh(153,156) d=0 terrain=10 cost=2.00
    neigh(154,156) d=1 terrain=10 cost=2.60
    neigh(154,157) d=2 terrain=10 cost=2.00
    neigh(154,158) d=3 terrain=10 cost=2.00
    neigh(153,158) d=4 terrain=10 cost=2.00
    neigh(152,158) d=5 terrain=10 cost=2.00
    neigh(152,157) d=6 terrain=10 cost=2.00
    neigh(152,156) d=7 terrain=10 cost=2.00
  FOUND dest at expand #8798, cost=212.91
  result=212.91 expanded=8798 open_remaining=1540 term=FOUND
  timing: init=34.9us search=2613.5us total=2648.4us  per-expand=0.30us
  heap: pushes=16112 pops=14572 stale_pops=5774 peak_open=1627
  neigh: total=70376 oob=0 diag_blocked=1205 cost_inf=90 already_closed=33445 worse_g=19525 relaxed=16111

=== cost_to(156,155)->(117,113) boat=1 sh=40 tr=40 mn=40 arm=40 budget=16000 src_terrain=10 dst_terrain=7 ===
  expand #1: (156,155) boat=1 g=0.00 terrain=10 f_top=57.99
    neigh(156,154) d=0 terrain=10 cost=3.60
    neigh(157,154) d=1 terrain=10 cost=3.40
    neigh(157,155) d=2 terrain=10 cost=2.90
    neigh(157,156) d=3 terrain=10 cost=2.00
    neigh(156,156) d=4 terrain=10 cost=2.00
    neigh(155,156) d=5 terrain=10 cost=2.00
    neigh(155,155) d=6 terrain=10 cost=3.10
    neigh(155,154) d=7 terrain=10 cost=3.70
  expand #2: (156,154) boat=1 g=3.60 terrain=10 f_top=60.59
    neigh(156,153) d=0 terrain=1 cost=4.20
    neigh(157,153) d=1 terrain=1 cost=4.00
    neigh(157,154) d=2 terrain=10 cost=3.40
    neigh(157,155) d=3 terrain=10 cost=2.90
    neigh(156,155) d=4 terrain=10 cost=3.00
    neigh(155,155) d=5 terrain=10 cost=3.10
    neigh(155,154) d=6 terrain=10 cost=3.70
    neigh(155,153) d=7 terrain=1 cost=4.30
  expand #3: (155,155) boat=1 g=3.10 terrain=10 f_top=60.68
    neigh(155,154) d=0 terrain=10 cost=3.70
    neigh(156,154) d=1 terrain=10 cost=3.60
    neigh(156,155) d=2 terrain=10 cost=3.00
    neigh(156,156) d=3 terrain=10 cost=2.00
    neigh(155,156) d=4 terrain=10 cost=2.00
    neigh(154,156) d=5 terrain=10 cost=2.60
    neigh(154,155) d=6 terrain=10 cost=3.20
    neigh(154,154) d=7 terrain=10 cost=3.70
  expand #4: (156,156) boat=1 g=2.00 terrain=10 f_top=60.99
    neigh(156,155) d=0 terrain=10 cost=3.00
    neigh(157,155) d=1 terrain=10 cost=2.90
    neigh(157,156) d=2 terrain=10 cost=2.00
    neigh(157,157) d=3 terrain=10 cost=2.00
    neigh(156,157) d=4 terrain=10 cost=2.00
    neigh(155,157) d=5 terrain=10 cost=2.00
    neigh(155,156) d=6 terrain=10 cost=2.00
    neigh(155,155) d=7 terrain=10 cost=3.10
  expand #5: (157,155) boat=1 g=2.90 terrain=10 f_top=61.30
    neigh(157,154) d=0 terrain=10 cost=3.40
    neigh(158,154) d=1 terrain=10 cost=3.20
    neigh(158,155) d=2 terrain=10 cost=2.70
    neigh(158,156) d=3 terrain=10 cost=2.00
    neigh(157,156) d=4 terrain=10 cost=2.00
    neigh(156,156) d=5 terrain=10 cost=2.00
    neigh(156,155) d=6 terrain=10 cost=3.00
    neigh(156,154) d=7 terrain=10 cost=3.60
  expand #6: (155,156) boat=1 g=2.82 terrain=10 f_top=61.40
    neigh(155,155) d=0 terrain=10 cost=3.10
    neigh(156,155) d=1 terrain=10 cost=3.00
    neigh(156,156) d=2 terrain=10 cost=2.00
    neigh(156,157) d=3 terrain=10 cost=2.00
    neigh(155,157) d=4 terrain=10 cost=2.00
    neigh(154,157) d=5 terrain=10 cost=2.00
    neigh(154,156) d=6 terrain=10 cost=2.60
    neigh(154,155) d=7 terrain=10 cost=3.20
  expand #7: (155,154) boat=1 g=5.22 terrain=10 f_top=61.80
    neigh(155,153) d=0 terrain=1 cost=4.30
    neigh(156,153) d=1 terrain=1 cost=4.20
    neigh(156,154) d=2 terrain=10 cost=3.60
    neigh(156,155) d=3 terrain=10 cost=3.00
    neigh(155,155) d=4 terrain=10 cost=3.10
    neigh(154,155) d=5 terrain=10 cost=3.20
    neigh(154,154) d=6 terrain=10 cost=3.70
    neigh(154,153) d=7 terrain=1 cost=4.30
  expand #8: (157,154) boat=1 g=4.79 terrain=10 f_top=62.19
    neigh(157,153) d=0 terrain=1 cost=4.00
    neigh(158,153) d=1 terrain=1 cost=3.70
    neigh(158,154) d=2 terrain=10 cost=3.20
    neigh(158,155) d=3 terrain=10 cost=2.70
    neigh(157,155) d=4 terrain=10 cost=2.90
    neigh(156,155) d=5 terrain=10 cost=3.00
    neigh(156,154) d=6 terrain=10 cost=3.60
    neigh(156,153) d=7 terrain=1 cost=4.20
  expand #9: (157,156) boat=1 g=2.82 terrain=10 f_top=62.22
    neigh(157,155) d=0 terrain=10 cost=2.90
    neigh(158,155) d=1 terrain=10 cost=2.70
    neigh(158,156) d=2 terrain=10 cost=2.00
    neigh(158,157) d=3 terrain=10 cost=2.00
    neigh(157,157) d=4 terrain=10 cost=2.00
    neigh(156,157) d=5 terrain=10 cost=2.00
    neigh(156,156) d=6 terrain=10 cost=2.00
    neigh(156,155) d=7 terrain=10 cost=3.00
  expand #10: (154,155) boat=1 g=6.30 terrain=10 f_top=63.47
    neigh(154,154) d=0 terrain=10 cost=3.70
    neigh(155,154) d=1 terrain=10 cost=3.70
    neigh(155,155) d=2 terrain=10 cost=3.10
    neigh(155,156) d=3 terrain=10 cost=2.00
    neigh(154,156) d=4 terrain=10 cost=2.60
    neigh(153,156) d=5 terrain=10 cost=2.00
    neigh(153,155) d=6 terrain=10 cost=3.10
    neigh(153,154) d=7 terrain=10 cost=3.70
  expand #11: (156,153) boat=1 g=7.80 terrain=1 f_top=63.79
    neigh(156,152) d=0 terrain=1 cost=4.70
    neigh(157,152) d=1 terrain=1 cost=4.50
    neigh(157,153) d=2 terrain=1 cost=4.00
    neigh(157,154) d=3 terrain=10 cost=3.40
    neigh(156,154) d=4 terrain=10 cost=3.60
    neigh(155,154) d=5 terrain=10 cost=3.70
    neigh(155,153) d=6 terrain=1 cost=4.30
    neigh(155,152) d=7 terrain=1 cost=4.90
  expand #12: (156,157) boat=1 g=4.00 terrain=10 f_top=63.99
    neigh(156,156) d=0 terrain=10 cost=2.00
    neigh(157,156) d=1 terrain=10 cost=2.00
    neigh(157,157) d=2 terrain=10 cost=2.00
    neigh(157,158) d=3 terrain=10 cost=2.00
    neigh(156,158) d=4 terrain=10 cost=2.00
    neigh(155,158) d=5 terrain=10 cost=2.00
    neigh(155,157) d=6 terrain=10 cost=2.00
    neigh(155,156) d=7 terrain=10 cost=2.00
  expand #13: (158,155) boat=1 g=5.60 terrain=10 f_top=64.41
    neigh(158,154) d=0 terrain=10 cost=3.20
    neigh(159,154) d=1 terrain=10 cost=2.90
    neigh(159,155) d=2 terrain=10 cost=2.00
    neigh(159,156) d=3 terrain=10 cost=2.00
    neigh(158,156) d=4 terrain=10 cost=2.00
    neigh(157,156) d=5 terrain=10 cost=2.00
    neigh(157,155) d=6 terrain=10 cost=2.90
    neigh(157,154) d=7 terrain=10 cost=3.40
  expand #14: (154,157) boat=1 g=5.64 terrain=10 f_top=64.81
    neigh(154,156) d=0 terrain=10 cost=2.60
    neigh(155,156) d=1 terrain=10 cost=2.00
    neigh(155,157) d=2 terrain=10 cost=2.00
    neigh(155,158) d=3 terrain=10 cost=2.00
    neigh(154,158) d=4 terrain=10 cost=2.00
    neigh(153,158) d=5 terrain=10 cost=2.00
    neigh(153,157) d=6 terrain=10 cost=2.00
    neigh(153,156) d=7 terrain=10 cost=2.00
  expand #15: (154,156) boat=1 g=7.42 terrain=10 f_top=65.59
    neigh(154,155) d=0 terrain=10 cost=3.20
    neigh(155,155) d=1 terrain=10 cost=3.10
    neigh(155,156) d=2 terrain=10 cost=2.00
    neigh(155,157) d=3 terrain=10 cost=2.00
    neigh(154,157) d=4 terrain=10 cost=2.00
    neigh(153,157) d=5 terrain=10 cost=2.00
    neigh(153,156) d=6 terrain=10 cost=2.00
    neigh(153,155) d=7 terrain=10 cost=3.10
  expand #16: (153,155) boat=1 g=9.40 terrain=10 f_top=66.16
    neigh(153,154) d=0 terrain=10 cost=3.70
    neigh(154,154) d=1 terrain=10 cost=3.70
    neigh(154,155) d=2 terrain=10 cost=3.20
    neigh(154,156) d=3 terrain=10 cost=2.60
    neigh(153,156) d=4 terrain=10 cost=2.00
    neigh(152,156) d=5 terrain=10 cost=2.00
    neigh(152,155) d=6 terrain=10 cost=3.00
    neigh(152,154) d=7 terrain=10 cost=3.60
  expand #17: (155,157) boat=1 g=6.82 terrain=10 f_top=66.40
    neigh(155,156) d=0 terrain=10 cost=2.00
    neigh(156,156) d=1 terrain=10 cost=2.00
    neigh(156,157) d=2 terrain=10 cost=2.00
    neigh(156,158) d=3 terrain=10 cost=2.00
    neigh(155,158) d=4 terrain=10 cost=2.00
    neigh(154,158) d=5 terrain=10 cost=2.00
    neigh(154,157) d=6 terrain=10 cost=2.00
    neigh(154,156) d=7 terrain=10 cost=2.60
  expand #18: (158,157) boat=1 g=5.64 terrain=10 f_top=66.45
    neigh(158,156) d=0 terrain=10 cost=2.00
    neigh(159,156) d=1 terrain=10 cost=2.00
    neigh(159,157) d=2 terrain=10 cost=2.00
    neigh(159,158) d=3 terrain=10 cost=2.00
    neigh(158,158) d=4 terrain=10 cost=2.00
    neigh(157,158) d=5 terrain=10 cost=2.00
    neigh(157,157) d=6 terrain=10 cost=2.00
    neigh(157,156) d=7 terrain=10 cost=2.00
  expand #19: (154,153) boat=1 g=11.28 terrain=1 f_top=66.45
    neigh(154,152) d=0 terrain=1 cost=4.90
    neigh(155,152) d=1 terrain=1 cost=4.90
    neigh(155,153) d=2 terrain=1 cost=4.30
    neigh(155,154) d=3 terrain=10 cost=3.70
    neigh(154,154) d=4 terrain=10 cost=3.70
    neigh(153,154) d=5 terrain=10 cost=3.70
    neigh(153,153) d=6 terrain=1 cost=4.30
    neigh(153,152) d=7 terrain=1 cost=4.90
  expand #20: (158,156) boat=1 g=6.82 terrain=10 f_top=66.63
    neigh(158,155) d=0 terrain=10 cost=2.70
    neigh(159,155) d=1 terrain=10 cost=2.00
    neigh(159,156) d=2 terrain=10 cost=2.00
    neigh(159,157) d=3 terrain=10 cost=2.00
    neigh(158,157) d=4 terrain=10 cost=2.00
    neigh(157,157) d=5 terrain=10 cost=2.00
    neigh(157,156) d=6 terrain=10 cost=2.00
    neigh(157,155) d=7 terrain=10 cost=2.90
  FOUND dest at expand #6795, cost=189.63
  result=189.63 expanded=6795 open_remaining=1563 term=FOUND
  timing: init=30.7us search=2134.7us total=2165.4us  per-expand=0.31us
  heap: pushes=12635 pops=11072 stale_pops=4277 peak_open=1572
  neigh: total=54352 oob=0 diag_blocked=1020 cost_inf=75 already_closed=25439 worse_g=15184 relaxed=12634

=== cost_to(156,155)->(94,128) boat=1 sh=40 tr=40 mn=40 arm=40 budget=16000 src_terrain=10 dst_terrain=7 ===
  expand #1: (156,155) boat=1 g=0.00 terrain=10 f_top=73.07
    neigh(156,154) d=0 terrain=10 cost=3.60
    neigh(157,154) d=1 terrain=10 cost=3.40
    neigh(157,155) d=2 terrain=10 cost=2.90
    neigh(157,156) d=3 terrain=10 cost=2.00
    neigh(156,156) d=4 terrain=10 cost=2.00
    neigh(155,156) d=5 terrain=10 cost=2.00
    neigh(155,155) d=6 terrain=10 cost=3.10
    neigh(155,154) d=7 terrain=10 cost=3.70
  expand #2: (155,155) boat=1 g=3.10 terrain=10 f_top=75.17
    neigh(155,154) d=0 terrain=10 cost=3.70
    neigh(156,154) d=1 terrain=10 cost=3.60
    neigh(156,155) d=2 terrain=10 cost=3.00
    neigh(156,156) d=3 terrain=10 cost=2.00
    neigh(155,156) d=4 terrain=10 cost=2.00
    neigh(154,156) d=5 terrain=10 cost=2.60
    neigh(154,155) d=6 terrain=10 cost=3.20
    neigh(154,154) d=7 terrain=10 cost=3.70
  expand #3: (155,156) boat=1 g=2.82 terrain=10 f_top=75.30
    neigh(155,155) d=0 terrain=10 cost=3.10
    neigh(156,155) d=1 terrain=10 cost=3.00
    neigh(156,156) d=2 terrain=10 cost=2.00
    neigh(156,157) d=3 terrain=10 cost=2.00
    neigh(155,157) d=4 terrain=10 cost=2.00
    neigh(154,157) d=5 terrain=10 cost=2.00
    neigh(154,156) d=6 terrain=10 cost=2.60
    neigh(154,155) d=7 terrain=10 cost=3.20
  expand #4: (156,156) boat=1 g=2.00 terrain=10 f_top=75.48
    neigh(156,155) d=0 terrain=10 cost=3.00
    neigh(157,155) d=1 terrain=10 cost=2.90
    neigh(157,156) d=2 terrain=10 cost=2.00
    neigh(157,157) d=3 terrain=10 cost=2.00
    neigh(156,157) d=4 terrain=10 cost=2.00
    neigh(155,157) d=5 terrain=10 cost=2.00
    neigh(155,156) d=6 terrain=10 cost=2.00
    neigh(155,155) d=7 terrain=10 cost=3.10
  expand #5: (156,154) boat=1 g=3.60 terrain=10 f_top=76.26
    neigh(156,153) d=0 terrain=1 cost=4.20
    neigh(157,153) d=1 terrain=1 cost=4.00
    neigh(157,154) d=2 terrain=10 cost=3.40
    neigh(157,155) d=3 terrain=10 cost=2.90
    neigh(156,155) d=4 terrain=10 cost=3.00
    neigh(155,155) d=5 terrain=10 cost=3.10
    neigh(155,154) d=6 terrain=10 cost=3.70
    neigh(155,153) d=7 terrain=1 cost=4.30
  expand #6: (155,154) boat=1 g=5.22 terrain=10 f_top=76.88
    neigh(155,153) d=0 terrain=1 cost=4.30
    neigh(156,153) d=1 terrain=1 cost=4.20
    neigh(156,154) d=2 terrain=10 cost=3.60
    neigh(156,155) d=3 terrain=10 cost=3.00
    neigh(155,155) d=4 terrain=10 cost=3.10
    neigh(154,155) d=5 terrain=10 cost=3.20
    neigh(154,154) d=6 terrain=10 cost=3.70
    neigh(154,153) d=7 terrain=1 cost=4.30
  expand #7: (157,155) boat=1 g=2.90 terrain=10 f_top=76.97
    neigh(157,154) d=0 terrain=10 cost=3.40
    neigh(158,154) d=1 terrain=10 cost=3.20
    neigh(158,155) d=2 terrain=10 cost=2.70
    neigh(158,156) d=3 terrain=10 cost=2.00
    neigh(157,156) d=4 terrain=10 cost=2.00
    neigh(156,156) d=5 terrain=10 cost=2.00
    neigh(156,155) d=6 terrain=10 cost=3.00
    neigh(156,154) d=7 terrain=10 cost=3.60
  expand #8: (157,156) boat=1 g=2.82 terrain=10 f_top=77.30
    neigh(157,155) d=0 terrain=10 cost=2.90
    neigh(158,155) d=1 terrain=10 cost=2.70
    neigh(158,156) d=2 terrain=10 cost=2.00
    neigh(158,157) d=3 terrain=10 cost=2.00
    neigh(157,157) d=4 terrain=10 cost=2.00
    neigh(156,157) d=5 terrain=10 cost=2.00
    neigh(156,156) d=6 terrain=10 cost=2.00
    neigh(156,155) d=7 terrain=10 cost=3.00
  expand #9: (154,155) boat=1 g=6.30 terrain=10 f_top=77.37
    neigh(154,154) d=0 terrain=10 cost=3.70
    neigh(155,154) d=1 terrain=10 cost=3.70
    neigh(155,155) d=2 terrain=10 cost=3.10
    neigh(155,156) d=3 terrain=10 cost=2.00
    neigh(154,156) d=4 terrain=10 cost=2.60
    neigh(153,156) d=5 terrain=10 cost=2.00
    neigh(153,155) d=6 terrain=10 cost=3.10
    neigh(153,154) d=7 terrain=10 cost=3.70
  expand #10: (154,157) boat=1 g=5.64 terrain=10 f_top=77.53
    neigh(154,156) d=0 terrain=10 cost=2.60
    neigh(155,156) d=1 terrain=10 cost=2.00
    neigh(155,157) d=2 terrain=10 cost=2.00
    neigh(155,158) d=3 terrain=10 cost=2.00
    neigh(154,158) d=4 terrain=10 cost=2.00
    neigh(153,158) d=5 terrain=10 cost=2.00
    neigh(153,157) d=6 terrain=10 cost=2.00
    neigh(153,156) d=7 terrain=10 cost=2.00
  expand #11: (156,157) boat=1 g=4.00 terrain=10 f_top=77.89
    neigh(156,156) d=0 terrain=10 cost=2.00
    neigh(157,156) d=1 terrain=10 cost=2.00
    neigh(157,157) d=2 terrain=10 cost=2.00
    neigh(157,158) d=3 terrain=10 cost=2.00
    neigh(156,158) d=4 terrain=10 cost=2.00
    neigh(155,158) d=5 terrain=10 cost=2.00
    neigh(155,157) d=6 terrain=10 cost=2.00
    neigh(155,156) d=7 terrain=10 cost=2.00
  expand #12: (157,154) boat=1 g=4.79 terrain=10 f_top=78.45
    neigh(157,153) d=0 terrain=1 cost=4.00
    neigh(158,153) d=1 terrain=1 cost=3.70
    neigh(158,154) d=2 terrain=10 cost=3.20
    neigh(158,155) d=3 terrain=10 cost=2.70
    neigh(157,155) d=4 terrain=10 cost=2.90
    neigh(156,155) d=5 terrain=10 cost=3.00
    neigh(156,154) d=6 terrain=10 cost=3.60
    neigh(156,153) d=7 terrain=1 cost=4.20
  expand #13: (154,156) boat=1 g=7.42 terrain=10 f_top=78.90
    neigh(154,155) d=0 terrain=10 cost=3.20
    neigh(155,155) d=1 terrain=10 cost=3.10
    neigh(155,156) d=2 terrain=10 cost=2.00
    neigh(155,157) d=3 terrain=10 cost=2.00
    neigh(154,157) d=4 terrain=10 cost=2.00
    neigh(153,157) d=5 terrain=10 cost=2.00
    neigh(153,156) d=6 terrain=10 cost=2.00
    neigh(153,155) d=7 terrain=10 cost=3.10
  expand #14: (153,155) boat=1 g=9.40 terrain=10 f_top=79.47
    neigh(153,154) d=0 terrain=10 cost=3.70
    neigh(154,154) d=1 terrain=10 cost=3.70
    neigh(154,155) d=2 terrain=10 cost=3.20
    neigh(154,156) d=3 terrain=10 cost=2.60
    neigh(153,156) d=4 terrain=10 cost=2.00
    neigh(152,156) d=5 terrain=10 cost=2.00
    neigh(152,155) d=6 terrain=10 cost=3.00
    neigh(152,154) d=7 terrain=10 cost=3.60
  expand #15: (155,157) boat=1 g=6.82 terrain=10 f_top=79.71
    neigh(155,156) d=0 terrain=10 cost=2.00
    neigh(156,156) d=1 terrain=10 cost=2.00
    neigh(156,157) d=2 terrain=10 cost=2.00
    neigh(156,158) d=3 terrain=10 cost=2.00
    neigh(155,158) d=4 terrain=10 cost=2.00
    neigh(154,158) d=5 terrain=10 cost=2.00
    neigh(154,157) d=6 terrain=10 cost=2.00
    neigh(154,156) d=7 terrain=10 cost=2.60
  expand #16: (153,158) boat=1 g=8.46 terrain=10 f_top=79.76
    neigh(153,157) d=0 terrain=10 cost=2.00
    neigh(154,157) d=1 terrain=10 cost=2.00
    neigh(154,158) d=2 terrain=10 cost=2.00
    neigh(154,159) d=3 terrain=10 cost=2.00
    neigh(153,159) d=4 terrain=10 cost=2.00
    neigh(152,159) d=5 terrain=10 cost=2.00
    neigh(152,158) d=6 terrain=10 cost=2.00
    neigh(152,157) d=7 terrain=10 cost=2.00
  expand #17: (153,156) boat=1 g=9.42 terrain=10 f_top=79.90
    neigh(153,155) d=0 terrain=10 cost=3.10
    neigh(154,155) d=1 terrain=10 cost=3.20
    neigh(154,156) d=2 terrain=10 cost=2.60
    neigh(154,157) d=3 terrain=10 cost=2.00
    neigh(153,157) d=4 terrain=10 cost=2.00
    neigh(152,157) d=5 terrain=10 cost=2.00
    neigh(152,156) d=6 terrain=10 cost=2.00
    neigh(152,155) d=7 terrain=10 cost=3.00
  expand #18: (156,153) boat=1 g=7.80 terrain=1 f_top=80.05
    neigh(156,152) d=0 terrain=1 cost=4.70
    neigh(157,152) d=1 terrain=1 cost=4.50
    neigh(157,153) d=2 terrain=1 cost=4.00
    neigh(157,154) d=3 terrain=10 cost=3.40
    neigh(156,154) d=4 terrain=10 cost=3.60
    neigh(155,154) d=5 terrain=10 cost=3.70
    neigh(155,153) d=6 terrain=1 cost=4.30
    neigh(155,152) d=7 terrain=1 cost=4.90
  expand #19: (156,158) boat=1 g=6.00 terrain=10 f_top=80.30
    neigh(156,157) d=0 terrain=10 cost=2.00
    neigh(157,157) d=1 terrain=10 cost=2.00
    neigh(157,158) d=2 terrain=10 cost=2.00
    neigh(157,159) d=3 terrain=10 cost=2.00
    neigh(156,159) d=4 terrain=10 cost=2.00
    neigh(155,159) d=5 terrain=10 cost=2.00
    neigh(155,158) d=6 terrain=10 cost=2.00
    neigh(155,157) d=7 terrain=10 cost=2.00
  expand #20: (153,157) boat=1 g=9.64 terrain=10 f_top=80.53
    neigh(153,156) d=0 terrain=10 cost=2.00
    neigh(154,156) d=1 terrain=10 cost=2.60
    neigh(154,157) d=2 terrain=10 cost=2.00
    neigh(154,158) d=3 terrain=10 cost=2.00
    neigh(153,158) d=4 terrain=10 cost=2.00
    neigh(152,158) d=5 terrain=10 cost=2.00
    neigh(152,157) d=6 terrain=10 cost=2.00
    neigh(152,156) d=7 terrain=10 cost=2.00
  FOUND dest at expand #7768, cost=203.74
  result=203.74 expanded=7768 open_remaining=1749 term=FOUND
  timing: init=30.2us search=2416.3us total=2446.5us  per-expand=0.31us
  heap: pushes=14647 pops=12898 stale_pops=5130 peak_open=1752
  neigh: total=62136 oob=0 diag_blocked=1166 cost_inf=87 already_closed=29150 worse_g=17087 relaxed=14646

=== cost_to(172,99)->(169,125) boat=1 sh=40 tr=40 mn=40 arm=40 budget=16000 src_terrain=10 dst_terrain=7 ===
  expand #1: (172,99) boat=1 g=0.00 terrain=10 f_top=27.23
    neigh(172,98) d=0 terrain=10 cost=2.00
    neigh(173,98) d=1 terrain=10 cost=2.00
    neigh(173,99) d=2 terrain=10 cost=2.00
    neigh(173,100) d=3 terrain=10 cost=2.00
    neigh(172,100) d=4 terrain=10 cost=2.00
    neigh(171,100) d=5 terrain=10 cost=2.60
    neigh(171,99) d=6 terrain=10 cost=2.00
    neigh(171,98) d=7 terrain=10 cost=2.00
  expand #2: (172,100) boat=1 g=2.00 terrain=10 f_top=28.23
    neigh(172,99) d=0 terrain=10 cost=2.00
    neigh(173,99) d=1 terrain=10 cost=2.00
    neigh(173,100) d=2 terrain=10 cost=2.00
    neigh(173,101) d=3 terrain=10 cost=3.00
    neigh(172,101) d=4 terrain=10 cost=3.10
    neigh(171,101) d=5 terrain=10 cost=3.20
    neigh(171,100) d=6 terrain=10 cost=2.60
    neigh(171,99) d=7 terrain=10 cost=2.00
  expand #3: (171,99) boat=1 g=2.00 terrain=10 f_top=28.82
    neigh(171,98) d=0 terrain=10 cost=2.00
    neigh(172,98) d=1 terrain=10 cost=2.00
    neigh(172,99) d=2 terrain=10 cost=2.00
    neigh(172,100) d=3 terrain=10 cost=2.00
    neigh(171,100) d=4 terrain=10 cost=2.60
    neigh(170,100) d=5 terrain=10 cost=2.00
    neigh(170,99) d=6 terrain=10 cost=2.00
    neigh(170,98) d=7 terrain=10 cost=2.00
  expand #4: (173,100) boat=1 g=2.82 terrain=10 f_top=29.46
    neigh(173,99) d=0 terrain=10 cost=2.00
    neigh(174,99) d=1 terrain=10 cost=2.00
    neigh(174,100) d=2 terrain=10 cost=2.00
    neigh(174,101) d=3 terrain=10 cost=2.50
    neigh(173,101) d=4 terrain=10 cost=3.00
    neigh(172,101) d=5 terrain=10 cost=3.10
    neigh(172,100) d=6 terrain=10 cost=2.00
    neigh(172,99) d=7 terrain=10 cost=2.00
  expand #5: (171,100) boat=1 g=3.67 terrain=10 f_top=29.49
    neigh(171,99) d=0 terrain=10 cost=2.00
    neigh(172,99) d=1 terrain=10 cost=2.00
    neigh(172,100) d=2 terrain=10 cost=2.00
    neigh(172,101) d=3 terrain=10 cost=3.10
    neigh(171,101) d=4 terrain=10 cost=3.20
    neigh(170,101) d=5 terrain=10 cost=3.10
    neigh(170,100) d=6 terrain=10 cost=2.00
    neigh(170,99) d=7 terrain=10 cost=2.00
  expand #6: (173,99) boat=1 g=2.00 terrain=10 f_top=29.64
    neigh(173,98) d=0 terrain=10 cost=2.00
    neigh(174,98) d=1 terrain=10 cost=2.00
    neigh(174,99) d=2 terrain=10 cost=2.00
    neigh(174,100) d=3 terrain=10 cost=2.00
    neigh(173,100) d=4 terrain=10 cost=2.00
    neigh(172,100) d=5 terrain=10 cost=2.00
    neigh(172,99) d=6 terrain=10 cost=2.00
    neigh(172,98) d=7 terrain=10 cost=2.00
  expand #7: (172,98) boat=1 g=2.00 terrain=10 f_top=30.23
    neigh(172,97) d=0 terrain=10 cost=2.00
    neigh(173,97) d=1 terrain=10 cost=2.00
    neigh(173,98) d=2 terrain=10 cost=2.00
    neigh(173,99) d=3 terrain=10 cost=2.00
    neigh(172,99) d=4 terrain=10 cost=2.00
    neigh(171,99) d=5 terrain=10 cost=2.00
    neigh(171,98) d=6 terrain=10 cost=2.00
    neigh(171,97) d=7 terrain=10 cost=2.00
  expand #8: (172,101) boat=1 g=5.10 terrain=10 f_top=30.33
    neigh(172,100) d=0 terrain=10 cost=2.00
    neigh(173,100) d=1 terrain=10 cost=2.00
    neigh(173,101) d=2 terrain=10 cost=3.00
    neigh(173,102) d=3 terrain=1 cost=3.60
    neigh(172,102) d=4 terrain=1 cost=3.70
    neigh(171,102) d=5 terrain=1 cost=3.70
    neigh(171,101) d=6 terrain=10 cost=3.20
    neigh(171,100) d=7 terrain=10 cost=2.60
  expand #9: (170,99) boat=1 g=4.00 terrain=10 f_top=30.41
    neigh(170,98) d=0 terrain=10 cost=2.00
    neigh(171,98) d=1 terrain=10 cost=2.00
    neigh(171,99) d=2 terrain=10 cost=2.00
    neigh(171,100) d=3 terrain=10 cost=2.60
    neigh(170,100) d=4 terrain=10 cost=2.00
    neigh(169,100) d=5 terrain=10 cost=2.00
    neigh(169,99) d=6 terrain=10 cost=2.00
    neigh(169,98) d=7 terrain=10 cost=2.00
  expand #10: (171,98) boat=1 g=2.82 terrain=10 f_top=30.64
    neigh(171,97) d=0 terrain=10 cost=2.00
    neigh(172,97) d=1 terrain=10 cost=2.00
    neigh(172,98) d=2 terrain=10 cost=2.00
    neigh(172,99) d=3 terrain=10 cost=2.00
    neigh(171,99) d=4 terrain=10 cost=2.00
    neigh(170,99) d=5 terrain=10 cost=2.00
    neigh(170,98) d=6 terrain=10 cost=2.00
    neigh(170,97) d=7 terrain=10 cost=2.00
  expand #11: (173,98) boat=1 g=2.82 terrain=10 f_top=31.46
    neigh(173,97) d=0 terrain=10 cost=2.00
    neigh(174,97) d=1 terrain=10 cost=2.00
    neigh(174,98) d=2 terrain=10 cost=2.00
    neigh(174,99) d=3 terrain=10 cost=2.00
    neigh(173,99) d=4 terrain=10 cost=2.00
    neigh(172,99) d=5 terrain=10 cost=2.00
    neigh(172,98) d=6 terrain=10 cost=2.00
    neigh(172,97) d=7 terrain=10 cost=2.00
  expand #12: (169,99) boat=1 g=6.00 terrain=10 f_top=32.00
    neigh(169,98) d=0 terrain=10 cost=2.00
    neigh(170,98) d=1 terrain=10 cost=2.00
    neigh(170,99) d=2 terrain=10 cost=2.00
    neigh(170,100) d=3 terrain=10 cost=2.00
    neigh(169,100) d=4 terrain=10 cost=2.00
    neigh(168,100) d=5 terrain=10 cost=2.00
    neigh(168,99) d=6 terrain=10 cost=2.00
    neigh(168,98) d=7 terrain=10 cost=2.00
  expand #13: (174,99) boat=1 g=4.00 terrain=10 f_top=32.05
    neigh(174,98) d=0 terrain=10 cost=2.00
    neigh(175,98) d=1 terrain=10 cost=2.00
    neigh(175,99) d=2 terrain=10 cost=2.00
    neigh(175,100) d=3 terrain=10 cost=2.00
    neigh(174,100) d=4 terrain=10 cost=2.00
    neigh(173,100) d=5 terrain=10 cost=2.00
    neigh(173,99) d=6 terrain=10 cost=2.00
    neigh(173,98) d=7 terrain=10 cost=2.00
  expand #14: (174,101) boat=1 g=6.34 terrain=10 f_top=32.40
    neigh(174,100) d=0 terrain=10 cost=2.00
    neigh(175,100) d=1 terrain=10 cost=2.00
    neigh(175,101) d=2 terrain=10 cost=2.40
    neigh(175,102) d=3 terrain=1 cost=2.70
    neigh(174,102) d=4 terrain=1 cost=2.90
    neigh(173,102) d=5 terrain=1 cost=3.60
    neigh(173,101) d=6 terrain=10 cost=3.00
    neigh(173,100) d=7 terrain=10 cost=2.00
  expand #15: (170,101) boat=1 g=8.04 terrain=10 f_top=32.45
    neigh(170,100) d=0 terrain=10 cost=2.00
    neigh(171,100) d=1 terrain=10 cost=2.60
    neigh(171,101) d=2 terrain=10 cost=3.20
    neigh(171,102) d=3 terrain=1 cost=3.70
    neigh(170,102) d=4 terrain=1 cost=3.70
    neigh(169,102) d=5 terrain=1 cost=3.60
    neigh(169,101) d=6 terrain=10 cost=3.00
    neigh(169,100) d=7 terrain=10 cost=2.00
  expand #16: (172,102) boat=1 g=8.80 terrain=1 f_top=33.03
    neigh(172,101) d=0 terrain=10 cost=3.10
    neigh(173,101) d=1 terrain=10 cost=3.00
    neigh(173,102) d=2 terrain=1 cost=3.60
    neigh(172,103) d=4 terrain=2 cost=20.27
    neigh(171,102) d=6 terrain=1 cost=3.70
    neigh(171,101) d=7 terrain=10 cost=3.20
  expand #17: (170,100) boat=1 g=7.64 terrain=10 f_top=33.05
    neigh(170,99) d=0 terrain=10 cost=2.00
    neigh(171,99) d=1 terrain=10 cost=2.00
    neigh(171,100) d=2 terrain=10 cost=2.60
    neigh(171,101) d=3 terrain=10 cost=3.20
    neigh(170,101) d=4 terrain=10 cost=3.10
    neigh(169,101) d=5 terrain=10 cost=3.00
    neigh(169,100) d=6 terrain=10 cost=2.00
    neigh(169,99) d=7 terrain=10 cost=2.00
  expand #18: (172,97) boat=1 g=4.00 terrain=10 f_top=33.23
    neigh(172,96) d=0 terrain=10 cost=2.00
    neigh(173,96) d=1 terrain=10 cost=2.00
    neigh(173,97) d=2 terrain=10 cost=2.00
    neigh(173,98) d=3 terrain=10 cost=2.00
    neigh(172,98) d=4 terrain=10 cost=2.00
    neigh(171,98) d=5 terrain=10 cost=2.00
    neigh(171,97) d=6 terrain=10 cost=2.00
    neigh(171,96) d=7 terrain=10 cost=2.00
  expand #19: (173,101) boat=1 g=7.82 terrain=10 f_top=33.46
    neigh(173,100) d=0 terrain=10 cost=2.00
    neigh(174,100) d=1 terrain=10 cost=2.00
    neigh(174,101) d=2 terrain=10 cost=2.50
    neigh(174,102) d=3 terrain=1 cost=2.90
    neigh(173,102) d=4 terrain=1 cost=3.60
    neigh(172,102) d=5 terrain=1 cost=3.70
    neigh(172,101) d=6 terrain=10 cost=3.10
    neigh(172,100) d=7 terrain=10 cost=2.00
  expand #20: (171,101) boat=1 g=8.87 terrain=10 f_top=33.69
    neigh(171,100) d=0 terrain=10 cost=2.60
    neigh(172,100) d=1 terrain=10 cost=2.00
    neigh(172,101) d=2 terrain=10 cost=3.10
    neigh(172,102) d=3 terrain=1 cost=3.70
    neigh(171,102) d=4 terrain=1 cost=3.70
    neigh(170,102) d=5 terrain=1 cost=3.70
    neigh(170,101) d=6 terrain=10 cost=3.10
    neigh(170,100) d=7 terrain=10 cost=2.00
  FOUND dest at expand #3361, cost=123.47
  result=123.47 expanded=3361 open_remaining=838 term=FOUND
  timing: init=35.1us search=1282.5us total=1317.6us  per-expand=0.38us
  heap: pushes=6252 pops=5414 stale_pops=2053 peak_open=840
  neigh: total=26880 oob=0 diag_blocked=484 cost_inf=43 already_closed=12466 worse_g=7636 relaxed=6251

=== cost_to(156,155)->(95,109) boat=1 sh=40 tr=40 mn=40 arm=40 budget=16000 src_terrain=10 dst_terrain=5 ===
  expand #1: (156,155) boat=1 g=0.00 terrain=10 f_top=79.86
    neigh(156,154) d=0 terrain=10 cost=3.60
    neigh(157,154) d=1 terrain=10 cost=3.40
    neigh(157,155) d=2 terrain=10 cost=2.90
    neigh(157,156) d=3 terrain=10 cost=2.00
    neigh(156,156) d=4 terrain=10 cost=2.00
    neigh(155,156) d=5 terrain=10 cost=2.00
    neigh(155,155) d=6 terrain=10 cost=3.10
    neigh(155,154) d=7 terrain=10 cost=3.70
  expand #2: (155,155) boat=1 g=3.10 terrain=10 f_top=81.96
    neigh(155,154) d=0 terrain=10 cost=3.70
    neigh(156,154) d=1 terrain=10 cost=3.60
    neigh(156,155) d=2 terrain=10 cost=3.00
    neigh(156,156) d=3 terrain=10 cost=2.00
    neigh(155,156) d=4 terrain=10 cost=2.00
    neigh(154,156) d=5 terrain=10 cost=2.60
    neigh(154,155) d=6 terrain=10 cost=3.20
    neigh(154,154) d=7 terrain=10 cost=3.70
  expand #3: (155,156) boat=1 g=2.82 terrain=10 f_top=82.09
    neigh(155,155) d=0 terrain=10 cost=3.10
    neigh(156,155) d=1 terrain=10 cost=3.00
    neigh(156,156) d=2 terrain=10 cost=2.00
    neigh(156,157) d=3 terrain=10 cost=2.00
    neigh(155,157) d=4 terrain=10 cost=2.00
    neigh(154,157) d=5 terrain=10 cost=2.00
    neigh(154,156) d=6 terrain=10 cost=2.60
    neigh(154,155) d=7 terrain=10 cost=3.20
  expand #4: (156,156) boat=1 g=2.00 terrain=10 f_top=82.27
    neigh(156,155) d=0 terrain=10 cost=3.00
    neigh(157,155) d=1 terrain=10 cost=2.90
    neigh(157,156) d=2 terrain=10 cost=2.00
    neigh(157,157) d=3 terrain=10 cost=2.00
    neigh(156,157) d=4 terrain=10 cost=2.00
    neigh(155,157) d=5 terrain=10 cost=2.00
    neigh(155,156) d=6 terrain=10 cost=2.00
    neigh(155,155) d=7 terrain=10 cost=3.10
  expand #5: (156,154) boat=1 g=3.60 terrain=10 f_top=83.05
    neigh(156,153) d=0 terrain=1 cost=4.20
    neigh(157,153) d=1 terrain=1 cost=4.00
    neigh(157,154) d=2 terrain=10 cost=3.40
    neigh(157,155) d=3 terrain=10 cost=2.90
    neigh(156,155) d=4 terrain=10 cost=3.00
    neigh(155,155) d=5 terrain=10 cost=3.10
    neigh(155,154) d=6 terrain=10 cost=3.70
    neigh(155,153) d=7 terrain=1 cost=4.30
  expand #6: (155,154) boat=1 g=5.22 terrain=10 f_top=83.67
    neigh(155,153) d=0 terrain=1 cost=4.30
    neigh(156,153) d=1 terrain=1 cost=4.20
    neigh(156,154) d=2 terrain=10 cost=3.60
    neigh(156,155) d=3 terrain=10 cost=3.00
    neigh(155,155) d=4 terrain=10 cost=3.10
    neigh(154,155) d=5 terrain=10 cost=3.20
    neigh(154,154) d=6 terrain=10 cost=3.70
    neigh(154,153) d=7 terrain=1 cost=4.30
  expand #7: (157,155) boat=1 g=2.90 terrain=10 f_top=83.76
    neigh(157,154) d=0 terrain=10 cost=3.40
    neigh(158,154) d=1 terrain=10 cost=3.20
    neigh(158,155) d=2 terrain=10 cost=2.70
    neigh(158,156) d=3 terrain=10 cost=2.00
    neigh(157,156) d=4 terrain=10 cost=2.00
    neigh(156,156) d=5 terrain=10 cost=2.00
    neigh(156,155) d=6 terrain=10 cost=3.00
    neigh(156,154) d=7 terrain=10 cost=3.60
  expand #8: (157,156) boat=1 g=2.82 terrain=10 f_top=84.09
    neigh(157,155) d=0 terrain=10 cost=2.90
    neigh(158,155) d=1 terrain=10 cost=2.70
    neigh(158,156) d=2 terrain=10 cost=2.00
    neigh(158,157) d=3 terrain=10 cost=2.00
    neigh(157,157) d=4 terrain=10 cost=2.00
    neigh(156,157) d=5 terrain=10 cost=2.00
    neigh(156,156) d=6 terrain=10 cost=2.00
    neigh(156,155) d=7 terrain=10 cost=3.00
  expand #9: (154,155) boat=1 g=6.30 terrain=10 f_top=84.16
    neigh(154,154) d=0 terrain=10 cost=3.70
    neigh(155,154) d=1 terrain=10 cost=3.70
    neigh(155,155) d=2 terrain=10 cost=3.10
    neigh(155,156) d=3 terrain=10 cost=2.00
    neigh(154,156) d=4 terrain=10 cost=2.60
    neigh(153,156) d=5 terrain=10 cost=2.00
    neigh(153,155) d=6 terrain=10 cost=3.10
    neigh(153,154) d=7 terrain=10 cost=3.70
  expand #10: (154,157) boat=1 g=5.64 terrain=10 f_top=84.32
    neigh(154,156) d=0 terrain=10 cost=2.60
    neigh(155,156) d=1 terrain=10 cost=2.00
    neigh(155,157) d=2 terrain=10 cost=2.00
    neigh(155,158) d=3 terrain=10 cost=2.00
    neigh(154,158) d=4 terrain=10 cost=2.00
    neigh(153,158) d=5 terrain=10 cost=2.00
    neigh(153,157) d=6 terrain=10 cost=2.00
    neigh(153,156) d=7 terrain=10 cost=2.00
  expand #11: (156,157) boat=1 g=4.00 terrain=10 f_top=84.68
    neigh(156,156) d=0 terrain=10 cost=2.00
    neigh(157,156) d=1 terrain=10 cost=2.00
    neigh(157,157) d=2 terrain=10 cost=2.00
    neigh(157,158) d=3 terrain=10 cost=2.00
    neigh(156,158) d=4 terrain=10 cost=2.00
    neigh(155,158) d=5 terrain=10 cost=2.00
    neigh(155,157) d=6 terrain=10 cost=2.00
    neigh(155,156) d=7 terrain=10 cost=2.00
  expand #12: (157,154) boat=1 g=4.79 terrain=10 f_top=85.24
    neigh(157,153) d=0 terrain=1 cost=4.00
    neigh(158,153) d=1 terrain=1 cost=3.70
    neigh(158,154) d=2 terrain=10 cost=3.20
    neigh(158,155) d=3 terrain=10 cost=2.70
    neigh(157,155) d=4 terrain=10 cost=2.90
    neigh(156,155) d=5 terrain=10 cost=3.00
    neigh(156,154) d=6 terrain=10 cost=3.60
    neigh(156,153) d=7 terrain=1 cost=4.20
  expand #13: (154,156) boat=1 g=7.42 terrain=10 f_top=85.69
    neigh(154,155) d=0 terrain=10 cost=3.20
    neigh(155,155) d=1 terrain=10 cost=3.10
    neigh(155,156) d=2 terrain=10 cost=2.00
    neigh(155,157) d=3 terrain=10 cost=2.00
    neigh(154,157) d=4 terrain=10 cost=2.00
    neigh(153,157) d=5 terrain=10 cost=2.00
    neigh(153,156) d=6 terrain=10 cost=2.00
    neigh(153,155) d=7 terrain=10 cost=3.10
  expand #14: (153,155) boat=1 g=9.40 terrain=10 f_top=86.26
    neigh(153,154) d=0 terrain=10 cost=3.70
    neigh(154,154) d=1 terrain=10 cost=3.70
    neigh(154,155) d=2 terrain=10 cost=3.20
    neigh(154,156) d=3 terrain=10 cost=2.60
    neigh(153,156) d=4 terrain=10 cost=2.00
    neigh(152,156) d=5 terrain=10 cost=2.00
    neigh(152,155) d=6 terrain=10 cost=3.00
    neigh(152,154) d=7 terrain=10 cost=3.60
  expand #15: (155,157) boat=1 g=6.82 terrain=10 f_top=86.50
    neigh(155,156) d=0 terrain=10 cost=2.00
    neigh(156,156) d=1 terrain=10 cost=2.00
    neigh(156,157) d=2 terrain=10 cost=2.00
    neigh(156,158) d=3 terrain=10 cost=2.00
    neigh(155,158) d=4 terrain=10 cost=2.00
    neigh(154,158) d=5 terrain=10 cost=2.00
    neigh(154,157) d=6 terrain=10 cost=2.00
    neigh(154,156) d=7 terrain=10 cost=2.60
  expand #16: (153,158) boat=1 g=8.46 terrain=10 f_top=86.55
    neigh(153,157) d=0 terrain=10 cost=2.00
    neigh(154,157) d=1 terrain=10 cost=2.00
    neigh(154,158) d=2 terrain=10 cost=2.00
    neigh(154,159) d=3 terrain=10 cost=2.00
    neigh(153,159) d=4 terrain=10 cost=2.00
    neigh(152,159) d=5 terrain=10 cost=2.00
    neigh(152,158) d=6 terrain=10 cost=2.00
    neigh(152,157) d=7 terrain=10 cost=2.00
  expand #17: (153,156) boat=1 g=9.42 terrain=10 f_top=86.69
    neigh(153,155) d=0 terrain=10 cost=3.10
    neigh(154,155) d=1 terrain=10 cost=3.20
    neigh(154,156) d=2 terrain=10 cost=2.60
    neigh(154,157) d=3 terrain=10 cost=2.00
    neigh(153,157) d=4 terrain=10 cost=2.00
    neigh(152,157) d=5 terrain=10 cost=2.00
    neigh(152,156) d=6 terrain=10 cost=2.00
    neigh(152,155) d=7 terrain=10 cost=3.00
  expand #18: (156,153) boat=1 g=7.80 terrain=1 f_top=86.84
    neigh(156,152) d=0 terrain=1 cost=4.70
    neigh(157,152) d=1 terrain=1 cost=4.50
    neigh(157,153) d=2 terrain=1 cost=4.00
    neigh(157,154) d=3 terrain=10 cost=3.40
    neigh(156,154) d=4 terrain=10 cost=3.60
    neigh(155,154) d=5 terrain=10 cost=3.70
    neigh(155,153) d=6 terrain=1 cost=4.30
    neigh(155,152) d=7 terrain=1 cost=4.90
  expand #19: (156,158) boat=1 g=6.00 terrain=10 f_top=87.09
    neigh(156,157) d=0 terrain=10 cost=2.00
    neigh(157,157) d=1 terrain=10 cost=2.00
    neigh(157,158) d=2 terrain=10 cost=2.00
    neigh(157,159) d=3 terrain=10 cost=2.00
    neigh(156,159) d=4 terrain=10 cost=2.00
    neigh(155,159) d=5 terrain=10 cost=2.00
    neigh(155,158) d=6 terrain=10 cost=2.00
    neigh(155,157) d=7 terrain=10 cost=2.00
  expand #20: (153,157) boat=1 g=9.64 terrain=10 f_top=87.32
    neigh(153,156) d=0 terrain=10 cost=2.00
    neigh(154,156) d=1 terrain=10 cost=2.60
    neigh(154,157) d=2 terrain=10 cost=2.00
    neigh(154,158) d=3 terrain=10 cost=2.00
    neigh(153,158) d=4 terrain=10 cost=2.00
    neigh(152,158) d=5 terrain=10 cost=2.00
    neigh(152,157) d=6 terrain=10 cost=2.00
    neigh(152,156) d=7 terrain=10 cost=2.00
  FOUND dest at expand #13258, cost=256.20
  result=256.20 expanded=13258 open_remaining=2077 term=FOUND
  timing: init=34.9us search=3914.0us total=3948.9us  per-expand=0.30us
  heap: pushes=24504 pops=22427 stale_pops=9169 peak_open=2090
  neigh: total=106056 oob=0 diag_blocked=1695 cost_inf=114 already_closed=50803 worse_g=28941 relaxed=24503

=== cost_to(156,155)->(99,110) boat=1 sh=40 tr=40 mn=40 arm=40 budget=16000 src_terrain=10 dst_terrain=7 ===
  expand #1: (156,155) boat=1 g=0.00 terrain=10 f_top=75.45
    neigh(156,154) d=0 terrain=10 cost=3.60
    neigh(157,154) d=1 terrain=10 cost=3.40
    neigh(157,155) d=2 terrain=10 cost=2.90
    neigh(157,156) d=3 terrain=10 cost=2.00
    neigh(156,156) d=4 terrain=10 cost=2.00
    neigh(155,156) d=5 terrain=10 cost=2.00
    neigh(155,155) d=6 terrain=10 cost=3.10
    neigh(155,154) d=7 terrain=10 cost=3.70
  expand #2: (155,155) boat=1 g=3.10 terrain=10 f_top=77.55
    neigh(155,154) d=0 terrain=10 cost=3.70
    neigh(156,154) d=1 terrain=10 cost=3.60
    neigh(156,155) d=2 terrain=10 cost=3.00
    neigh(156,156) d=3 terrain=10 cost=2.00
    neigh(155,156) d=4 terrain=10 cost=2.00
    neigh(154,156) d=5 terrain=10 cost=2.60
    neigh(154,155) d=6 terrain=10 cost=3.20
    neigh(154,154) d=7 terrain=10 cost=3.70
  expand #3: (155,156) boat=1 g=2.82 terrain=10 f_top=77.68
    neigh(155,155) d=0 terrain=10 cost=3.10
    neigh(156,155) d=1 terrain=10 cost=3.00
    neigh(156,156) d=2 terrain=10 cost=2.00
    neigh(156,157) d=3 terrain=10 cost=2.00
    neigh(155,157) d=4 terrain=10 cost=2.00
    neigh(154,157) d=5 terrain=10 cost=2.00
    neigh(154,156) d=6 terrain=10 cost=2.60
    neigh(154,155) d=7 terrain=10 cost=3.20
  expand #4: (156,156) boat=1 g=2.00 terrain=10 f_top=77.86
    neigh(156,155) d=0 terrain=10 cost=3.00
    neigh(157,155) d=1 terrain=10 cost=2.90
    neigh(157,156) d=2 terrain=10 cost=2.00
    neigh(157,157) d=3 terrain=10 cost=2.00
    neigh(156,157) d=4 terrain=10 cost=2.00
    neigh(155,157) d=5 terrain=10 cost=2.00
    neigh(155,156) d=6 terrain=10 cost=2.00
    neigh(155,155) d=7 terrain=10 cost=3.10
  expand #5: (156,154) boat=1 g=3.60 terrain=10 f_top=78.64
    neigh(156,153) d=0 terrain=1 cost=4.20
    neigh(157,153) d=1 terrain=1 cost=4.00
    neigh(157,154) d=2 terrain=10 cost=3.40
    neigh(157,155) d=3 terrain=10 cost=2.90
    neigh(156,155) d=4 terrain=10 cost=3.00
    neigh(155,155) d=5 terrain=10 cost=3.10
    neigh(155,154) d=6 terrain=10 cost=3.70
    neigh(155,153) d=7 terrain=1 cost=4.30
  expand #6: (155,154) boat=1 g=5.22 terrain=10 f_top=79.26
    neigh(155,153) d=0 terrain=1 cost=4.30
    neigh(156,153) d=1 terrain=1 cost=4.20
    neigh(156,154) d=2 terrain=10 cost=3.60
    neigh(156,155) d=3 terrain=10 cost=3.00
    neigh(155,155) d=4 terrain=10 cost=3.10
    neigh(154,155) d=5 terrain=10 cost=3.20
    neigh(154,154) d=6 terrain=10 cost=3.70
    neigh(154,153) d=7 terrain=1 cost=4.30
  expand #7: (157,155) boat=1 g=2.90 terrain=10 f_top=79.35
    neigh(157,154) d=0 terrain=10 cost=3.40
    neigh(158,154) d=1 terrain=10 cost=3.20
    neigh(158,155) d=2 terrain=10 cost=2.70
    neigh(158,156) d=3 terrain=10 cost=2.00
    neigh(157,156) d=4 terrain=10 cost=2.00
    neigh(156,156) d=5 terrain=10 cost=2.00
    neigh(156,155) d=6 terrain=10 cost=3.00
    neigh(156,154) d=7 terrain=10 cost=3.60
  expand #8: (157,156) boat=1 g=2.82 terrain=10 f_top=79.68
    neigh(157,155) d=0 terrain=10 cost=2.90
    neigh(158,155) d=1 terrain=10 cost=2.70
    neigh(158,156) d=2 terrain=10 cost=2.00
    neigh(158,157) d=3 terrain=10 cost=2.00
    neigh(157,157) d=4 terrain=10 cost=2.00
    neigh(156,157) d=5 terrain=10 cost=2.00
    neigh(156,156) d=6 terrain=10 cost=2.00
    neigh(156,155) d=7 terrain=10 cost=3.00
  expand #9: (154,155) boat=1 g=6.30 terrain=10 f_top=79.75
    neigh(154,154) d=0 terrain=10 cost=3.70
    neigh(155,154) d=1 terrain=10 cost=3.70
    neigh(155,155) d=2 terrain=10 cost=3.10
    neigh(155,156) d=3 terrain=10 cost=2.00
    neigh(154,156) d=4 terrain=10 cost=2.60
    neigh(153,156) d=5 terrain=10 cost=2.00
    neigh(153,155) d=6 terrain=10 cost=3.10
    neigh(153,154) d=7 terrain=10 cost=3.70
  expand #10: (154,157) boat=1 g=5.64 terrain=10 f_top=79.91
    neigh(154,156) d=0 terrain=10 cost=2.60
    neigh(155,156) d=1 terrain=10 cost=2.00
    neigh(155,157) d=2 terrain=10 cost=2.00
    neigh(155,158) d=3 terrain=10 cost=2.00
    neigh(154,158) d=4 terrain=10 cost=2.00
    neigh(153,158) d=5 terrain=10 cost=2.00
    neigh(153,157) d=6 terrain=10 cost=2.00
    neigh(153,156) d=7 terrain=10 cost=2.00
  expand #11: (156,157) boat=1 g=4.00 terrain=10 f_top=80.27
    neigh(156,156) d=0 terrain=10 cost=2.00
    neigh(157,156) d=1 terrain=10 cost=2.00
    neigh(157,157) d=2 terrain=10 cost=2.00
    neigh(157,158) d=3 terrain=10 cost=2.00
    neigh(156,158) d=4 terrain=10 cost=2.00
    neigh(155,158) d=5 terrain=10 cost=2.00
    neigh(155,157) d=6 terrain=10 cost=2.00
    neigh(155,156) d=7 terrain=10 cost=2.00
  expand #12: (157,154) boat=1 g=4.79 terrain=10 f_top=80.83
    neigh(157,153) d=0 terrain=1 cost=4.00
    neigh(158,153) d=1 terrain=1 cost=3.70
    neigh(158,154) d=2 terrain=10 cost=3.20
    neigh(158,155) d=3 terrain=10 cost=2.70
    neigh(157,155) d=4 terrain=10 cost=2.90
    neigh(156,155) d=5 terrain=10 cost=3.00
    neigh(156,154) d=6 terrain=10 cost=3.60
    neigh(156,153) d=7 terrain=1 cost=4.20
  expand #13: (154,156) boat=1 g=7.42 terrain=10 f_top=81.28
    neigh(154,155) d=0 terrain=10 cost=3.20
    neigh(155,155) d=1 terrain=10 cost=3.10
    neigh(155,156) d=2 terrain=10 cost=2.00
    neigh(155,157) d=3 terrain=10 cost=2.00
    neigh(154,157) d=4 terrain=10 cost=2.00
    neigh(153,157) d=5 terrain=10 cost=2.00
    neigh(153,156) d=6 terrain=10 cost=2.00
    neigh(153,155) d=7 terrain=10 cost=3.10
  expand #14: (153,155) boat=1 g=9.40 terrain=10 f_top=81.85
    neigh(153,154) d=0 terrain=10 cost=3.70
    neigh(154,154) d=1 terrain=10 cost=3.70
    neigh(154,155) d=2 terrain=10 cost=3.20
    neigh(154,156) d=3 terrain=10 cost=2.60
    neigh(153,156) d=4 terrain=10 cost=2.00
    neigh(152,156) d=5 terrain=10 cost=2.00
    neigh(152,155) d=6 terrain=10 cost=3.00
    neigh(152,154) d=7 terrain=10 cost=3.60
  expand #15: (155,157) boat=1 g=6.82 terrain=10 f_top=82.09
    neigh(155,156) d=0 terrain=10 cost=2.00
    neigh(156,156) d=1 terrain=10 cost=2.00
    neigh(156,157) d=2 terrain=10 cost=2.00
    neigh(156,158) d=3 terrain=10 cost=2.00
    neigh(155,158) d=4 terrain=10 cost=2.00
    neigh(154,158) d=5 terrain=10 cost=2.00
    neigh(154,157) d=6 terrain=10 cost=2.00
    neigh(154,156) d=7 terrain=10 cost=2.60
  expand #16: (153,158) boat=1 g=8.46 terrain=10 f_top=82.14
    neigh(153,157) d=0 terrain=10 cost=2.00
    neigh(154,157) d=1 terrain=10 cost=2.00
    neigh(154,158) d=2 terrain=10 cost=2.00
    neigh(154,159) d=3 terrain=10 cost=2.00
    neigh(153,159) d=4 terrain=10 cost=2.00
    neigh(152,159) d=5 terrain=10 cost=2.00
    neigh(152,158) d=6 terrain=10 cost=2.00
    neigh(152,157) d=7 terrain=10 cost=2.00
  expand #17: (153,156) boat=1 g=9.42 terrain=10 f_top=82.28
    neigh(153,155) d=0 terrain=10 cost=3.10
    neigh(154,155) d=1 terrain=10 cost=3.20
    neigh(154,156) d=2 terrain=10 cost=2.60
    neigh(154,157) d=3 terrain=10 cost=2.00
    neigh(153,157) d=4 terrain=10 cost=2.00
    neigh(152,157) d=5 terrain=10 cost=2.00
    neigh(152,156) d=6 terrain=10 cost=2.00
    neigh(152,155) d=7 terrain=10 cost=3.00
  expand #18: (156,153) boat=1 g=7.80 terrain=1 f_top=82.43
    neigh(156,152) d=0 terrain=1 cost=4.70
    neigh(157,152) d=1 terrain=1 cost=4.50
    neigh(157,153) d=2 terrain=1 cost=4.00
    neigh(157,154) d=3 terrain=10 cost=3.40
    neigh(156,154) d=4 terrain=10 cost=3.60
    neigh(155,154) d=5 terrain=10 cost=3.70
    neigh(155,153) d=6 terrain=1 cost=4.30
    neigh(155,152) d=7 terrain=1 cost=4.90
  expand #19: (156,158) boat=1 g=6.00 terrain=10 f_top=82.68
    neigh(156,157) d=0 terrain=10 cost=2.00
    neigh(157,157) d=1 terrain=10 cost=2.00
    neigh(157,158) d=2 terrain=10 cost=2.00
    neigh(157,159) d=3 terrain=10 cost=2.00
    neigh(156,159) d=4 terrain=10 cost=2.00
    neigh(155,159) d=5 terrain=10 cost=2.00
    neigh(155,158) d=6 terrain=10 cost=2.00
    neigh(155,157) d=7 terrain=10 cost=2.00
  expand #20: (153,157) boat=1 g=9.64 terrain=10 f_top=82.91
    neigh(153,156) d=0 terrain=10 cost=2.00
    neigh(154,156) d=1 terrain=10 cost=2.60
    neigh(154,157) d=2 terrain=10 cost=2.00
    neigh(154,158) d=3 terrain=10 cost=2.00
    neigh(153,158) d=4 terrain=10 cost=2.00
    neigh(152,158) d=5 terrain=10 cost=2.00
    neigh(152,157) d=6 terrain=10 cost=2.00
    neigh(152,156) d=7 terrain=10 cost=2.00
  result=1000000015047466219876688855040.00 expanded=16000 open_remaining=2087 term=BUDGET_EXHAUSTED
  timing: init=32.6us search=4458.9us total=4491.5us  per-expand=0.28us
  heap: pushes=29398 pops=27311 stale_pops=11311 peak_open=2094
  neigh: total=128000 oob=0 diag_blocked=1913 cost_inf=134 already_closed=61621 worse_g=34935 relaxed=29397

=== cost_to(156,155)->(92,110) boat=1 sh=40 tr=40 mn=40 arm=40 budget=16000 src_terrain=10 dst_terrain=5 ===
  expand #1: (156,155) boat=1 g=0.00 terrain=10 f_top=82.45
    neigh(156,154) d=0 terrain=10 cost=3.60
    neigh(157,154) d=1 terrain=10 cost=3.40
    neigh(157,155) d=2 terrain=10 cost=2.90
    neigh(157,156) d=3 terrain=10 cost=2.00
    neigh(156,156) d=4 terrain=10 cost=2.00
    neigh(155,156) d=5 terrain=10 cost=2.00
    neigh(155,155) d=6 terrain=10 cost=3.10
    neigh(155,154) d=7 terrain=10 cost=3.70
  expand #2: (155,155) boat=1 g=3.10 terrain=10 f_top=84.55
    neigh(155,154) d=0 terrain=10 cost=3.70
    neigh(156,154) d=1 terrain=10 cost=3.60
    neigh(156,155) d=2 terrain=10 cost=3.00
    neigh(156,156) d=3 terrain=10 cost=2.00
    neigh(155,156) d=4 terrain=10 cost=2.00
    neigh(154,156) d=5 terrain=10 cost=2.60
    neigh(154,155) d=6 terrain=10 cost=3.20
    neigh(154,154) d=7 terrain=10 cost=3.70
  expand #3: (155,156) boat=1 g=2.82 terrain=10 f_top=84.68
    neigh(155,155) d=0 terrain=10 cost=3.10
    neigh(156,155) d=1 terrain=10 cost=3.00
    neigh(156,156) d=2 terrain=10 cost=2.00
    neigh(156,157) d=3 terrain=10 cost=2.00
    neigh(155,157) d=4 terrain=10 cost=2.00
    neigh(154,157) d=5 terrain=10 cost=2.00
    neigh(154,156) d=6 terrain=10 cost=2.60
    neigh(154,155) d=7 terrain=10 cost=3.20
  expand #4: (156,156) boat=1 g=2.00 terrain=10 f_top=84.86
    neigh(156,155) d=0 terrain=10 cost=3.00
    neigh(157,155) d=1 terrain=10 cost=2.90
    neigh(157,156) d=2 terrain=10 cost=2.00
    neigh(157,157) d=3 terrain=10 cost=2.00
    neigh(156,157) d=4 terrain=10 cost=2.00
    neigh(155,157) d=5 terrain=10 cost=2.00
    neigh(155,156) d=6 terrain=10 cost=2.00
    neigh(155,155) d=7 terrain=10 cost=3.10
  expand #5: (156,154) boat=1 g=3.60 terrain=10 f_top=85.64
    neigh(156,153) d=0 terrain=1 cost=4.20
    neigh(157,153) d=1 terrain=1 cost=4.00
    neigh(157,154) d=2 terrain=10 cost=3.40
    neigh(157,155) d=3 terrain=10 cost=2.90
    neigh(156,155) d=4 terrain=10 cost=3.00
    neigh(155,155) d=5 terrain=10 cost=3.10
    neigh(155,154) d=6 terrain=10 cost=3.70
    neigh(155,153) d=7 terrain=1 cost=4.30
  expand #6: (155,154) boat=1 g=5.22 terrain=10 f_top=86.26
    neigh(155,153) d=0 terrain=1 cost=4.30
    neigh(156,153) d=1 terrain=1 cost=4.20
    neigh(156,154) d=2 terrain=10 cost=3.60
    neigh(156,155) d=3 terrain=10 cost=3.00
    neigh(155,155) d=4 terrain=10 cost=3.10
    neigh(154,155) d=5 terrain=10 cost=3.20
    neigh(154,154) d=6 terrain=10 cost=3.70
    neigh(154,153) d=7 terrain=1 cost=4.30
  expand #7: (157,155) boat=1 g=2.90 terrain=10 f_top=86.35
    neigh(157,154) d=0 terrain=10 cost=3.40
    neigh(158,154) d=1 terrain=10 cost=3.20
    neigh(158,155) d=2 terrain=10 cost=2.70
    neigh(158,156) d=3 terrain=10 cost=2.00
    neigh(157,156) d=4 terrain=10 cost=2.00
    neigh(156,156) d=5 terrain=10 cost=2.00
    neigh(156,155) d=6 terrain=10 cost=3.00
    neigh(156,154) d=7 terrain=10 cost=3.60
  expand #8: (157,156) boat=1 g=2.82 terrain=10 f_top=86.68
    neigh(157,155) d=0 terrain=10 cost=2.90
    neigh(158,155) d=1 terrain=10 cost=2.70
    neigh(158,156) d=2 terrain=10 cost=2.00
    neigh(158,157) d=3 terrain=10 cost=2.00
    neigh(157,157) d=4 terrain=10 cost=2.00
    neigh(156,157) d=5 terrain=10 cost=2.00
    neigh(156,156) d=6 terrain=10 cost=2.00
    neigh(156,155) d=7 terrain=10 cost=3.00
  expand #9: (154,155) boat=1 g=6.30 terrain=10 f_top=86.75
    neigh(154,154) d=0 terrain=10 cost=3.70
    neigh(155,154) d=1 terrain=10 cost=3.70
    neigh(155,155) d=2 terrain=10 cost=3.10
    neigh(155,156) d=3 terrain=10 cost=2.00
    neigh(154,156) d=4 terrain=10 cost=2.60
    neigh(153,156) d=5 terrain=10 cost=2.00
    neigh(153,155) d=6 terrain=10 cost=3.10
    neigh(153,154) d=7 terrain=10 cost=3.70
  expand #10: (154,157) boat=1 g=5.64 terrain=10 f_top=86.91
    neigh(154,156) d=0 terrain=10 cost=2.60
    neigh(155,156) d=1 terrain=10 cost=2.00
    neigh(155,157) d=2 terrain=10 cost=2.00
    neigh(155,158) d=3 terrain=10 cost=2.00
    neigh(154,158) d=4 terrain=10 cost=2.00
    neigh(153,158) d=5 terrain=10 cost=2.00
    neigh(153,157) d=6 terrain=10 cost=2.00
    neigh(153,156) d=7 terrain=10 cost=2.00
  expand #11: (156,157) boat=1 g=4.00 terrain=10 f_top=87.27
    neigh(156,156) d=0 terrain=10 cost=2.00
    neigh(157,156) d=1 terrain=10 cost=2.00
    neigh(157,157) d=2 terrain=10 cost=2.00
    neigh(157,158) d=3 terrain=10 cost=2.00
    neigh(156,158) d=4 terrain=10 cost=2.00
    neigh(155,158) d=5 terrain=10 cost=2.00
    neigh(155,157) d=6 terrain=10 cost=2.00
    neigh(155,156) d=7 terrain=10 cost=2.00
  expand #12: (157,154) boat=1 g=4.79 terrain=10 f_top=87.83
    neigh(157,153) d=0 terrain=1 cost=4.00
    neigh(158,153) d=1 terrain=1 cost=3.70
    neigh(158,154) d=2 terrain=10 cost=3.20
    neigh(158,155) d=3 terrain=10 cost=2.70
    neigh(157,155) d=4 terrain=10 cost=2.90
    neigh(156,155) d=5 terrain=10 cost=3.00
    neigh(156,154) d=6 terrain=10 cost=3.60
    neigh(156,153) d=7 terrain=1 cost=4.20
  expand #13: (154,156) boat=1 g=7.42 terrain=10 f_top=88.28
    neigh(154,155) d=0 terrain=10 cost=3.20
    neigh(155,155) d=1 terrain=10 cost=3.10
    neigh(155,156) d=2 terrain=10 cost=2.00
    neigh(155,157) d=3 terrain=10 cost=2.00
    neigh(154,157) d=4 terrain=10 cost=2.00
    neigh(153,157) d=5 terrain=10 cost=2.00
    neigh(153,156) d=6 terrain=10 cost=2.00
    neigh(153,155) d=7 terrain=10 cost=3.10
  expand #14: (153,155) boat=1 g=9.40 terrain=10 f_top=88.85
    neigh(153,154) d=0 terrain=10 cost=3.70
    neigh(154,154) d=1 terrain=10 cost=3.70
    neigh(154,155) d=2 terrain=10 cost=3.20
    neigh(154,156) d=3 terrain=10 cost=2.60
    neigh(153,156) d=4 terrain=10 cost=2.00
    neigh(152,156) d=5 terrain=10 cost=2.00
    neigh(152,155) d=6 terrain=10 cost=3.00
    neigh(152,154) d=7 terrain=10 cost=3.60
  expand #15: (155,157) boat=1 g=6.82 terrain=10 f_top=89.09
    neigh(155,156) d=0 terrain=10 cost=2.00
    neigh(156,156) d=1 terrain=10 cost=2.00
    neigh(156,157) d=2 terrain=10 cost=2.00
    neigh(156,158) d=3 terrain=10 cost=2.00
    neigh(155,158) d=4 terrain=10 cost=2.00
    neigh(154,158) d=5 terrain=10 cost=2.00
    neigh(154,157) d=6 terrain=10 cost=2.00
    neigh(154,156) d=7 terrain=10 cost=2.60
  expand #16: (153,158) boat=1 g=8.46 terrain=10 f_top=89.14
    neigh(153,157) d=0 terrain=10 cost=2.00
    neigh(154,157) d=1 terrain=10 cost=2.00
    neigh(154,158) d=2 terrain=10 cost=2.00
    neigh(154,159) d=3 terrain=10 cost=2.00
    neigh(153,159) d=4 terrain=10 cost=2.00
    neigh(152,159) d=5 terrain=10 cost=2.00
    neigh(152,158) d=6 terrain=10 cost=2.00
    neigh(152,157) d=7 terrain=10 cost=2.00
  expand #17: (153,156) boat=1 g=9.42 terrain=10 f_top=89.28
    neigh(153,155) d=0 terrain=10 cost=3.10
    neigh(154,155) d=1 terrain=10 cost=3.20
    neigh(154,156) d=2 terrain=10 cost=2.60
    neigh(154,157) d=3 terrain=10 cost=2.00
    neigh(153,157) d=4 terrain=10 cost=2.00
    neigh(152,157) d=5 terrain=10 cost=2.00
    neigh(152,156) d=6 terrain=10 cost=2.00
    neigh(152,155) d=7 terrain=10 cost=3.00
  expand #18: (156,153) boat=1 g=7.80 terrain=1 f_top=89.43
    neigh(156,152) d=0 terrain=1 cost=4.70
    neigh(157,152) d=1 terrain=1 cost=4.50
    neigh(157,153) d=2 terrain=1 cost=4.00
    neigh(157,154) d=3 terrain=10 cost=3.40
    neigh(156,154) d=4 terrain=10 cost=3.60
    neigh(155,154) d=5 terrain=10 cost=3.70
    neigh(155,153) d=6 terrain=1 cost=4.30
    neigh(155,152) d=7 terrain=1 cost=4.90
  expand #19: (156,158) boat=1 g=6.00 terrain=10 f_top=89.68
    neigh(156,157) d=0 terrain=10 cost=2.00
    neigh(157,157) d=1 terrain=10 cost=2.00
    neigh(157,158) d=2 terrain=10 cost=2.00
    neigh(157,159) d=3 terrain=10 cost=2.00
    neigh(156,159) d=4 terrain=10 cost=2.00
    neigh(155,159) d=5 terrain=10 cost=2.00
    neigh(155,158) d=6 terrain=10 cost=2.00
    neigh(155,157) d=7 terrain=10 cost=2.00
  expand #20: (153,157) boat=1 g=9.64 terrain=10 f_top=89.91
    neigh(153,156) d=0 terrain=10 cost=2.00
    neigh(154,156) d=1 terrain=10 cost=2.60
    neigh(154,157) d=2 terrain=10 cost=2.00
    neigh(154,158) d=3 terrain=10 cost=2.00
    neigh(153,158) d=4 terrain=10 cost=2.00
    neigh(152,158) d=5 terrain=10 cost=2.00
    neigh(152,157) d=6 terrain=10 cost=2.00
    neigh(152,156) d=7 terrain=10 cost=2.00
  FOUND dest at expand #12998, cost=254.65
  result=254.65 expanded=12998 open_remaining=2065 term=FOUND
  timing: init=21.1us search=3627.7us total=3648.8us  per-expand=0.28us
  heap: pushes=24032 pops=21967 stale_pops=8969 peak_open=2080
  neigh: total=103976 oob=0 diag_blocked=1673 cost_inf=113 already_closed=49775 worse_g=28384 relaxed=24031

=== cost_to(156,155)->(84,110) boat=1 sh=40 tr=40 mn=40 arm=40 budget=16000 src_terrain=10 dst_terrain=5 ===
  expand #1: (156,155) boat=1 g=0.00 terrain=10 f_top=90.45
    neigh(156,154) d=0 terrain=10 cost=3.60
    neigh(157,154) d=1 terrain=10 cost=3.40
    neigh(157,155) d=2 terrain=10 cost=2.90
    neigh(157,156) d=3 terrain=10 cost=2.00
    neigh(156,156) d=4 terrain=10 cost=2.00
    neigh(155,156) d=5 terrain=10 cost=2.00
    neigh(155,155) d=6 terrain=10 cost=3.10
    neigh(155,154) d=7 terrain=10 cost=3.70
  expand #2: (155,155) boat=1 g=3.10 terrain=10 f_top=92.55
    neigh(155,154) d=0 terrain=10 cost=3.70
    neigh(156,154) d=1 terrain=10 cost=3.60
    neigh(156,155) d=2 terrain=10 cost=3.00
    neigh(156,156) d=3 terrain=10 cost=2.00
    neigh(155,156) d=4 terrain=10 cost=2.00
    neigh(154,156) d=5 terrain=10 cost=2.60
    neigh(154,155) d=6 terrain=10 cost=3.20
    neigh(154,154) d=7 terrain=10 cost=3.70
  expand #3: (155,156) boat=1 g=2.82 terrain=10 f_top=92.68
    neigh(155,155) d=0 terrain=10 cost=3.10
    neigh(156,155) d=1 terrain=10 cost=3.00
    neigh(156,156) d=2 terrain=10 cost=2.00
    neigh(156,157) d=3 terrain=10 cost=2.00
    neigh(155,157) d=4 terrain=10 cost=2.00
    neigh(154,157) d=5 terrain=10 cost=2.00
    neigh(154,156) d=6 terrain=10 cost=2.60
    neigh(154,155) d=7 terrain=10 cost=3.20
  expand #4: (156,156) boat=1 g=2.00 terrain=10 f_top=92.86
    neigh(156,155) d=0 terrain=10 cost=3.00
    neigh(157,155) d=1 terrain=10 cost=2.90
    neigh(157,156) d=2 terrain=10 cost=2.00
    neigh(157,157) d=3 terrain=10 cost=2.00
    neigh(156,157) d=4 terrain=10 cost=2.00
    neigh(155,157) d=5 terrain=10 cost=2.00
    neigh(155,156) d=6 terrain=10 cost=2.00
    neigh(155,155) d=7 terrain=10 cost=3.10
  expand #5: (156,154) boat=1 g=3.60 terrain=10 f_top=93.64
    neigh(156,153) d=0 terrain=1 cost=4.20
    neigh(157,153) d=1 terrain=1 cost=4.00
    neigh(157,154) d=2 terrain=10 cost=3.40
    neigh(157,155) d=3 terrain=10 cost=2.90
    neigh(156,155) d=4 terrain=10 cost=3.00
    neigh(155,155) d=5 terrain=10 cost=3.10
    neigh(155,154) d=6 terrain=10 cost=3.70
    neigh(155,153) d=7 terrain=1 cost=4.30
  expand #6: (155,154) boat=1 g=5.22 terrain=10 f_top=94.26
    neigh(155,153) d=0 terrain=1 cost=4.30
    neigh(156,153) d=1 terrain=1 cost=4.20
    neigh(156,154) d=2 terrain=10 cost=3.60
    neigh(156,155) d=3 terrain=10 cost=3.00
    neigh(155,155) d=4 terrain=10 cost=3.10
    neigh(154,155) d=5 terrain=10 cost=3.20
    neigh(154,154) d=6 terrain=10 cost=3.70
    neigh(154,153) d=7 terrain=1 cost=4.30
  expand #7: (157,155) boat=1 g=2.90 terrain=10 f_top=94.35
    neigh(157,154) d=0 terrain=10 cost=3.40
    neigh(158,154) d=1 terrain=10 cost=3.20
    neigh(158,155) d=2 terrain=10 cost=2.70
    neigh(158,156) d=3 terrain=10 cost=2.00
    neigh(157,156) d=4 terrain=10 cost=2.00
    neigh(156,156) d=5 terrain=10 cost=2.00
    neigh(156,155) d=6 terrain=10 cost=3.00
    neigh(156,154) d=7 terrain=10 cost=3.60
  expand #8: (157,156) boat=1 g=2.82 terrain=10 f_top=94.68
    neigh(157,155) d=0 terrain=10 cost=2.90
    neigh(158,155) d=1 terrain=10 cost=2.70
    neigh(158,156) d=2 terrain=10 cost=2.00
    neigh(158,157) d=3 terrain=10 cost=2.00
    neigh(157,157) d=4 terrain=10 cost=2.00
    neigh(156,157) d=5 terrain=10 cost=2.00
    neigh(156,156) d=6 terrain=10 cost=2.00
    neigh(156,155) d=7 terrain=10 cost=3.00
  expand #9: (154,155) boat=1 g=6.30 terrain=10 f_top=94.75
    neigh(154,154) d=0 terrain=10 cost=3.70
    neigh(155,154) d=1 terrain=10 cost=3.70
    neigh(155,155) d=2 terrain=10 cost=3.10
    neigh(155,156) d=3 terrain=10 cost=2.00
    neigh(154,156) d=4 terrain=10 cost=2.60
    neigh(153,156) d=5 terrain=10 cost=2.00
    neigh(153,155) d=6 terrain=10 cost=3.10
    neigh(153,154) d=7 terrain=10 cost=3.70
  expand #10: (154,157) boat=1 g=5.64 terrain=10 f_top=94.91
    neigh(154,156) d=0 terrain=10 cost=2.60
    neigh(155,156) d=1 terrain=10 cost=2.00
    neigh(155,157) d=2 terrain=10 cost=2.00
    neigh(155,158) d=3 terrain=10 cost=2.00
    neigh(154,158) d=4 terrain=10 cost=2.00
    neigh(153,158) d=5 terrain=10 cost=2.00
    neigh(153,157) d=6 terrain=10 cost=2.00
    neigh(153,156) d=7 terrain=10 cost=2.00
  expand #11: (156,157) boat=1 g=4.00 terrain=10 f_top=95.27
    neigh(156,156) d=0 terrain=10 cost=2.00
    neigh(157,156) d=1 terrain=10 cost=2.00
    neigh(157,157) d=2 terrain=10 cost=2.00
    neigh(157,158) d=3 terrain=10 cost=2.00
    neigh(156,158) d=4 terrain=10 cost=2.00
    neigh(155,158) d=5 terrain=10 cost=2.00
    neigh(155,157) d=6 terrain=10 cost=2.00
    neigh(155,156) d=7 terrain=10 cost=2.00
  expand #12: (157,154) boat=1 g=4.79 terrain=10 f_top=95.83
    neigh(157,153) d=0 terrain=1 cost=4.00
    neigh(158,153) d=1 terrain=1 cost=3.70
    neigh(158,154) d=2 terrain=10 cost=3.20
    neigh(158,155) d=3 terrain=10 cost=2.70
    neigh(157,155) d=4 terrain=10 cost=2.90
    neigh(156,155) d=5 terrain=10 cost=3.00
    neigh(156,154) d=6 terrain=10 cost=3.60
    neigh(156,153) d=7 terrain=1 cost=4.20
  expand #13: (154,156) boat=1 g=7.42 terrain=10 f_top=96.28
    neigh(154,155) d=0 terrain=10 cost=3.20
    neigh(155,155) d=1 terrain=10 cost=3.10
    neigh(155,156) d=2 terrain=10 cost=2.00
    neigh(155,157) d=3 terrain=10 cost=2.00
    neigh(154,157) d=4 terrain=10 cost=2.00
    neigh(153,157) d=5 terrain=10 cost=2.00
    neigh(153,156) d=6 terrain=10 cost=2.00
    neigh(153,155) d=7 terrain=10 cost=3.10
  expand #14: (153,155) boat=1 g=9.40 terrain=10 f_top=96.85
    neigh(153,154) d=0 terrain=10 cost=3.70
    neigh(154,154) d=1 terrain=10 cost=3.70
    neigh(154,155) d=2 terrain=10 cost=3.20
    neigh(154,156) d=3 terrain=10 cost=2.60
    neigh(153,156) d=4 terrain=10 cost=2.00
    neigh(152,156) d=5 terrain=10 cost=2.00
    neigh(152,155) d=6 terrain=10 cost=3.00
    neigh(152,154) d=7 terrain=10 cost=3.60
  expand #15: (155,157) boat=1 g=6.82 terrain=10 f_top=97.09
    neigh(155,156) d=0 terrain=10 cost=2.00
    neigh(156,156) d=1 terrain=10 cost=2.00
    neigh(156,157) d=2 terrain=10 cost=2.00
    neigh(156,158) d=3 terrain=10 cost=2.00
    neigh(155,158) d=4 terrain=10 cost=2.00
    neigh(154,158) d=5 terrain=10 cost=2.00
    neigh(154,157) d=6 terrain=10 cost=2.00
    neigh(154,156) d=7 terrain=10 cost=2.60
  expand #16: (153,158) boat=1 g=8.46 terrain=10 f_top=97.14
    neigh(153,157) d=0 terrain=10 cost=2.00
    neigh(154,157) d=1 terrain=10 cost=2.00
    neigh(154,158) d=2 terrain=10 cost=2.00
    neigh(154,159) d=3 terrain=10 cost=2.00
    neigh(153,159) d=4 terrain=10 cost=2.00
    neigh(152,159) d=5 terrain=10 cost=2.00
    neigh(152,158) d=6 terrain=10 cost=2.00
    neigh(152,157) d=7 terrain=10 cost=2.00
  expand #17: (153,156) boat=1 g=9.42 terrain=10 f_top=97.28
    neigh(153,155) d=0 terrain=10 cost=3.10
    neigh(154,155) d=1 terrain=10 cost=3.20
    neigh(154,156) d=2 terrain=10 cost=2.60
    neigh(154,157) d=3 terrain=10 cost=2.00
    neigh(153,157) d=4 terrain=10 cost=2.00
    neigh(152,157) d=5 terrain=10 cost=2.00
    neigh(152,156) d=6 terrain=10 cost=2.00
    neigh(152,155) d=7 terrain=10 cost=3.00
  expand #18: (156,153) boat=1 g=7.80 terrain=1 f_top=97.43
    neigh(156,152) d=0 terrain=1 cost=4.70
    neigh(157,152) d=1 terrain=1 cost=4.50
    neigh(157,153) d=2 terrain=1 cost=4.00
    neigh(157,154) d=3 terrain=10 cost=3.40
    neigh(156,154) d=4 terrain=10 cost=3.60
    neigh(155,154) d=5 terrain=10 cost=3.70
    neigh(155,153) d=6 terrain=1 cost=4.30
    neigh(155,152) d=7 terrain=1 cost=4.90
  expand #19: (156,158) boat=1 g=6.00 terrain=10 f_top=97.68
    neigh(156,157) d=0 terrain=10 cost=2.00
    neigh(157,157) d=1 terrain=10 cost=2.00
    neigh(157,158) d=2 terrain=10 cost=2.00
    neigh(157,159) d=3 terrain=10 cost=2.00
    neigh(156,159) d=4 terrain=10 cost=2.00
    neigh(155,159) d=5 terrain=10 cost=2.00
    neigh(155,158) d=6 terrain=10 cost=2.00
    neigh(155,157) d=7 terrain=10 cost=2.00
  expand #20: (153,157) boat=1 g=9.64 terrain=10 f_top=97.91
    neigh(153,156) d=0 terrain=10 cost=2.00
    neigh(154,156) d=1 terrain=10 cost=2.60
    neigh(154,157) d=2 terrain=10 cost=2.00
    neigh(154,158) d=3 terrain=10 cost=2.00
    neigh(153,158) d=4 terrain=10 cost=2.00
    neigh(152,158) d=5 terrain=10 cost=2.00
    neigh(152,157) d=6 terrain=10 cost=2.00
    neigh(152,156) d=7 terrain=10 cost=2.00
  FOUND dest at expand #15299, cost=272.42
  result=272.42 expanded=15299 open_remaining=2097 term=FOUND
  timing: init=12.1us search=4224.8us total=4236.9us  per-expand=0.28us
  heap: pushes=28321 pops=26224 stale_pops=10925 peak_open=2148
  neigh: total=122384 oob=0 diag_blocked=1866 cost_inf=129 already_closed=58848 worse_g=33221 relaxed=28320

=== cost_to(156,155)->(86,110) boat=1 sh=40 tr=40 mn=40 arm=40 budget=16000 src_terrain=10 dst_terrain=4 ===
  expand #1: (156,155) boat=1 g=0.00 terrain=10 f_top=88.45
    neigh(156,154) d=0 terrain=10 cost=18.00
    neigh(157,154) d=1 terrain=10 cost=16.00
    neigh(157,155) d=2 terrain=10 cost=11.00
    neigh(157,156) d=3 terrain=10 cost=2.00
    neigh(156,156) d=4 terrain=10 cost=2.00
    neigh(155,156) d=5 terrain=10 cost=2.00
    neigh(155,155) d=6 terrain=10 cost=13.00
    neigh(155,154) d=7 terrain=10 cost=19.00
  expand #2: (155,156) boat=1 g=2.82 terrain=10 f_top=90.68
    neigh(155,155) d=0 terrain=10 cost=13.00
    neigh(156,155) d=1 terrain=10 cost=12.00
    neigh(156,156) d=2 terrain=10 cost=2.00
    neigh(156,157) d=3 terrain=10 cost=2.00
    neigh(155,157) d=4 terrain=10 cost=2.00
    neigh(154,157) d=5 terrain=10 cost=2.00
    neigh(154,156) d=6 terrain=10 cost=8.00
    neigh(154,155) d=7 terrain=10 cost=14.00
  expand #3: (156,156) boat=1 g=2.00 terrain=10 f_top=90.86
    neigh(156,155) d=0 terrain=10 cost=12.00
    neigh(157,155) d=1 terrain=10 cost=11.00
    neigh(157,156) d=2 terrain=10 cost=2.00
    neigh(157,157) d=3 terrain=10 cost=2.00
    neigh(156,157) d=4 terrain=10 cost=2.00
    neigh(155,157) d=5 terrain=10 cost=2.00
    neigh(155,156) d=6 terrain=10 cost=2.00
    neigh(155,155) d=7 terrain=10 cost=13.00
  expand #4: (157,156) boat=1 g=2.82 terrain=10 f_top=92.68
    neigh(157,155) d=0 terrain=10 cost=11.00
    neigh(158,155) d=1 terrain=10 cost=9.00
    neigh(158,156) d=2 terrain=10 cost=2.00
    neigh(158,157) d=3 terrain=10 cost=2.00
    neigh(157,157) d=4 terrain=10 cost=2.00
    neigh(156,157) d=5 terrain=10 cost=2.00
    neigh(156,156) d=6 terrain=10 cost=2.00
    neigh(156,155) d=7 terrain=10 cost=12.00
  expand #5: (154,157) boat=1 g=5.64 terrain=10 f_top=92.91
    neigh(154,156) d=0 terrain=10 cost=8.00
    neigh(155,156) d=1 terrain=10 cost=2.00
    neigh(155,157) d=2 terrain=10 cost=2.00
    neigh(155,158) d=3 terrain=10 cost=2.00
    neigh(154,158) d=4 terrain=10 cost=2.00
    neigh(153,158) d=5 terrain=10 cost=2.00
    neigh(153,157) d=6 terrain=10 cost=2.00
    neigh(153,156) d=7 terrain=10 cost=2.00
  expand #6: (156,157) boat=1 g=4.00 terrain=10 f_top=93.27
    neigh(156,156) d=0 terrain=10 cost=2.00
    neigh(157,156) d=1 terrain=10 cost=2.00
    neigh(157,157) d=2 terrain=10 cost=2.00
    neigh(157,158) d=3 terrain=10 cost=2.00
    neigh(156,158) d=4 terrain=10 cost=2.00
    neigh(155,158) d=5 terrain=10 cost=2.00
    neigh(155,157) d=6 terrain=10 cost=2.00
    neigh(155,156) d=7 terrain=10 cost=2.00
  expand #7: (155,157) boat=1 g=6.82 terrain=10 f_top=95.09
    neigh(155,156) d=0 terrain=10 cost=2.00
    neigh(156,156) d=1 terrain=10 cost=2.00
    neigh(156,157) d=2 terrain=10 cost=2.00
    neigh(156,158) d=3 terrain=10 cost=2.00
    neigh(155,158) d=4 terrain=10 cost=2.00
    neigh(154,158) d=5 terrain=10 cost=2.00
    neigh(154,157) d=6 terrain=10 cost=2.00
    neigh(154,156) d=7 terrain=10 cost=8.00
  expand #8: (153,158) boat=1 g=8.46 terrain=10 f_top=95.14
    neigh(153,157) d=0 terrain=10 cost=2.00
    neigh(154,157) d=1 terrain=10 cost=2.00
    neigh(154,158) d=2 terrain=10 cost=2.00
    neigh(154,159) d=3 terrain=10 cost=2.00
    neigh(153,159) d=4 terrain=10 cost=2.00
    neigh(152,159) d=5 terrain=10 cost=2.00
    neigh(152,158) d=6 terrain=10 cost=2.00
    neigh(152,157) d=7 terrain=10 cost=2.00
  expand #9: (156,158) boat=1 g=6.00 terrain=10 f_top=95.68
    neigh(156,157) d=0 terrain=10 cost=2.00
    neigh(157,157) d=1 terrain=10 cost=2.00
    neigh(157,158) d=2 terrain=10 cost=2.00
    neigh(157,159) d=3 terrain=10 cost=2.00
    neigh(156,159) d=4 terrain=10 cost=2.00
    neigh(155,159) d=5 terrain=10 cost=2.00
    neigh(155,158) d=6 terrain=10 cost=2.00
    neigh(155,157) d=7 terrain=10 cost=2.00
  expand #10: (153,157) boat=1 g=9.64 terrain=10 f_top=95.91
    neigh(153,156) d=0 terrain=10 cost=2.00
    neigh(154,156) d=1 terrain=10 cost=8.00
    neigh(154,157) d=2 terrain=10 cost=2.00
    neigh(154,158) d=3 terrain=10 cost=2.00
    neigh(153,158) d=4 terrain=10 cost=2.00
    neigh(152,158) d=5 terrain=10 cost=2.00
    neigh(152,157) d=6 terrain=10 cost=2.00
    neigh(152,156) d=7 terrain=10 cost=2.00
  expand #11: (158,157) boat=1 g=5.64 terrain=10 f_top=96.91
    neigh(158,156) d=0 terrain=10 cost=2.00
    neigh(159,156) d=1 terrain=10 cost=2.00
    neigh(159,157) d=2 terrain=10 cost=2.00
    neigh(159,158) d=3 terrain=10 cost=2.00
    neigh(158,158) d=4 terrain=10 cost=2.00
    neigh(157,158) d=5 terrain=10 cost=2.00
    neigh(157,157) d=6 terrain=10 cost=2.00
    neigh(157,156) d=7 terrain=10 cost=2.00
  expand #12: (152,157) boat=1 g=11.64 terrain=10 f_top=96.91
    neigh(152,156) d=0 terrain=10 cost=2.00
    neigh(153,156) d=1 terrain=10 cost=2.00
    neigh(153,157) d=2 terrain=10 cost=2.00
    neigh(153,158) d=3 terrain=10 cost=2.00
    neigh(152,158) d=4 terrain=10 cost=2.00
    neigh(151,158) d=5 terrain=10 cost=2.00
    neigh(151,157) d=6 terrain=10 cost=2.00
    neigh(151,156) d=7 terrain=10 cost=2.00
  expand #13: (157,157) boat=1 g=6.82 terrain=10 f_top=97.09
    neigh(157,156) d=0 terrain=10 cost=2.00
    neigh(158,156) d=1 terrain=10 cost=2.00
    neigh(158,157) d=2 terrain=10 cost=2.00
    neigh(158,158) d=3 terrain=10 cost=2.00
    neigh(157,158) d=4 terrain=10 cost=2.00
    neigh(156,158) d=5 terrain=10 cost=2.00
    neigh(156,157) d=6 terrain=10 cost=2.00
    neigh(156,156) d=7 terrain=10 cost=2.00
  expand #14: (154,158) boat=1 g=9.64 terrain=10 f_top=97.32
    neigh(154,157) d=0 terrain=10 cost=2.00
    neigh(155,157) d=1 terrain=10 cost=2.00
    neigh(155,158) d=2 terrain=10 cost=2.00
    neigh(155,159) d=3 terrain=10 cost=2.00
    neigh(154,159) d=4 terrain=10 cost=2.00
    neigh(153,159) d=5 terrain=10 cost=2.00
    neigh(153,158) d=6 terrain=10 cost=2.00
    neigh(153,157) d=7 terrain=10 cost=2.00
  expand #15: (152,159) boat=1 g=11.28 terrain=10 f_top=97.37
    neigh(152,158) d=0 terrain=10 cost=2.00
    neigh(153,158) d=1 terrain=10 cost=2.00
    neigh(153,159) d=2 terrain=10 cost=2.00
    neigh(153,160) d=3 terrain=10 cost=2.00
    neigh(152,160) d=4 terrain=10 cost=2.00
    neigh(151,160) d=5 terrain=10 cost=2.00
    neigh(151,159) d=6 terrain=10 cost=2.00
    neigh(151,158) d=7 terrain=10 cost=2.00
  expand #16: (155,158) boat=1 g=8.82 terrain=10 f_top=97.50
    neigh(155,157) d=0 terrain=10 cost=2.00
    neigh(156,157) d=1 terrain=10 cost=2.00
    neigh(156,158) d=2 terrain=10 cost=2.00
    neigh(156,159) d=3 terrain=10 cost=2.00
    neigh(155,159) d=4 terrain=10 cost=2.00
    neigh(154,159) d=5 terrain=10 cost=2.00
    neigh(154,158) d=6 terrain=10 cost=2.00
    neigh(154,157) d=7 terrain=10 cost=2.00
  expand #17: (158,156) boat=1 g=6.82 terrain=10 f_top=97.68
    neigh(158,155) d=0 terrain=10 cost=9.00
    neigh(159,155) d=1 terrain=10 cost=2.00
    neigh(159,156) d=2 terrain=10 cost=2.00
    neigh(159,157) d=3 terrain=10 cost=2.00
    neigh(158,157) d=4 terrain=10 cost=2.00
    neigh(157,157) d=5 terrain=10 cost=2.00
    neigh(157,156) d=6 terrain=10 cost=2.00
    neigh(157,155) d=7 terrain=10 cost=11.00
  expand #18: (151,157) boat=1 g=13.64 terrain=10 f_top=97.91
    neigh(151,156) d=0 terrain=10 cost=2.00
    neigh(152,156) d=1 terrain=10 cost=2.00
    neigh(152,157) d=2 terrain=10 cost=2.00
    neigh(152,158) d=3 terrain=10 cost=2.00
    neigh(151,158) d=4 terrain=10 cost=2.00
    neigh(150,158) d=5 terrain=10 cost=2.00
    neigh(150,157) d=6 terrain=10 cost=2.00
    neigh(150,156) d=7 terrain=10 cost=2.00
  expand #19: (156,159) boat=1 g=8.00 terrain=10 f_top=98.09
    neigh(156,158) d=0 terrain=10 cost=2.00
    neigh(157,158) d=1 terrain=10 cost=2.00
    neigh(157,159) d=2 terrain=10 cost=2.00
    neigh(157,160) d=3 terrain=10 cost=2.00
    neigh(156,160) d=4 terrain=10 cost=2.00
    neigh(155,160) d=5 terrain=10 cost=2.00
    neigh(155,159) d=6 terrain=10 cost=2.00
    neigh(155,158) d=7 terrain=10 cost=2.00
  expand #20: (152,158) boat=1 g=12.46 terrain=10 f_top=98.14
    neigh(152,157) d=0 terrain=10 cost=2.00
    neigh(153,157) d=1 terrain=10 cost=2.00
    neigh(153,158) d=2 terrain=10 cost=2.00
    neigh(153,159) d=3 terrain=10 cost=2.00
    neigh(152,159) d=4 terrain=10 cost=2.00
    neigh(151,159) d=5 terrain=10 cost=2.00
    neigh(151,158) d=6 terrain=10 cost=2.00
    neigh(151,157) d=7 terrain=10 cost=2.00
  result=1000000015047466219876688855040.00 expanded=16000 open_remaining=2283 term=BUDGET_EXHAUSTED
  timing: init=19.4us search=4362.4us total=4381.8us  per-expand=0.27us
  heap: pushes=30314 pops=28031 stale_pops=12031 peak_open=2283
  neigh: total=128000 oob=0 diag_blocked=1474 cost_inf=132 already_closed=61705 worse_g=34376 relaxed=30313

=== cost_to(172,99)->(167,124) boat=1 sh=40 tr=40 mn=40 arm=40 budget=16000 src_terrain=10 dst_terrain=7 ===
  expand #1: (172,99) boat=1 g=0.00 terrain=10 f_top=27.05
    neigh(172,98) d=0 terrain=10 cost=2.00
    neigh(173,98) d=1 terrain=10 cost=2.00
    neigh(173,99) d=2 terrain=10 cost=2.00
    neigh(173,100) d=3 terrain=10 cost=2.00
    neigh(172,100) d=4 terrain=10 cost=2.00
    neigh(171,100) d=5 terrain=10 cost=2.60
    neigh(171,99) d=6 terrain=10 cost=2.00
    neigh(171,98) d=7 terrain=10 cost=2.00
  expand #2: (172,100) boat=1 g=2.00 terrain=10 f_top=28.05
    neigh(172,99) d=0 terrain=10 cost=2.00
    neigh(173,99) d=1 terrain=10 cost=2.00
    neigh(173,100) d=2 terrain=10 cost=2.00
    neigh(173,101) d=3 terrain=10 cost=3.00
    neigh(172,101) d=4 terrain=10 cost=3.10
    neigh(171,101) d=5 terrain=10 cost=3.20
    neigh(171,100) d=6 terrain=10 cost=2.60
    neigh(171,99) d=7 terrain=10 cost=2.00
  expand #3: (171,99) boat=1 g=2.00 terrain=10 f_top=28.64
    neigh(171,98) d=0 terrain=10 cost=2.00
    neigh(172,98) d=1 terrain=10 cost=2.00
    neigh(172,99) d=2 terrain=10 cost=2.00
    neigh(172,100) d=3 terrain=10 cost=2.00
    neigh(171,100) d=4 terrain=10 cost=2.60
    neigh(170,100) d=5 terrain=10 cost=2.00
    neigh(170,99) d=6 terrain=10 cost=2.00
    neigh(170,98) d=7 terrain=10 cost=2.00
  expand #4: (173,100) boat=1 g=2.82 terrain=10 f_top=29.28
    neigh(173,99) d=0 terrain=10 cost=2.00
    neigh(174,99) d=1 terrain=10 cost=2.00
    neigh(174,100) d=2 terrain=10 cost=2.00
    neigh(174,101) d=3 terrain=10 cost=2.50
    neigh(173,101) d=4 terrain=10 cost=3.00
    neigh(172,101) d=5 terrain=10 cost=3.10
    neigh(172,100) d=6 terrain=10 cost=2.00
    neigh(172,99) d=7 terrain=10 cost=2.00
  expand #5: (171,100) boat=1 g=3.67 terrain=10 f_top=29.31
    neigh(171,99) d=0 terrain=10 cost=2.00
    neigh(172,99) d=1 terrain=10 cost=2.00
    neigh(172,100) d=2 terrain=10 cost=2.00
    neigh(172,101) d=3 terrain=10 cost=3.10
    neigh(171,101) d=4 terrain=10 cost=3.20
    neigh(170,101) d=5 terrain=10 cost=3.10
    neigh(170,100) d=6 terrain=10 cost=2.00
    neigh(170,99) d=7 terrain=10 cost=2.00
  expand #6: (173,99) boat=1 g=2.00 terrain=10 f_top=29.46
    neigh(173,98) d=0 terrain=10 cost=2.00
    neigh(174,98) d=1 terrain=10 cost=2.00
    neigh(174,99) d=2 terrain=10 cost=2.00
    neigh(174,100) d=3 terrain=10 cost=2.00
    neigh(173,100) d=4 terrain=10 cost=2.00
    neigh(172,100) d=5 terrain=10 cost=2.00
    neigh(172,99) d=6 terrain=10 cost=2.00
    neigh(172,98) d=7 terrain=10 cost=2.00
  expand #7: (172,98) boat=1 g=2.00 terrain=10 f_top=30.05
    neigh(172,97) d=0 terrain=10 cost=2.00
    neigh(173,97) d=1 terrain=10 cost=2.00
    neigh(173,98) d=2 terrain=10 cost=2.00
    neigh(173,99) d=3 terrain=10 cost=2.00
    neigh(172,99) d=4 terrain=10 cost=2.00
    neigh(171,99) d=5 terrain=10 cost=2.00
    neigh(171,98) d=6 terrain=10 cost=2.00
    neigh(171,97) d=7 terrain=10 cost=2.00
  expand #8: (172,101) boat=1 g=5.10 terrain=10 f_top=30.15
    neigh(172,100) d=0 terrain=10 cost=2.00
    neigh(173,100) d=1 terrain=10 cost=2.00
    neigh(173,101) d=2 terrain=10 cost=3.00
    neigh(173,102) d=3 terrain=1 cost=3.60
    neigh(172,102) d=4 terrain=1 cost=3.70
    neigh(171,102) d=5 terrain=1 cost=3.70
    neigh(171,101) d=6 terrain=10 cost=3.20
    neigh(171,100) d=7 terrain=10 cost=2.60
  expand #9: (170,99) boat=1 g=4.00 terrain=10 f_top=30.23
    neigh(170,98) d=0 terrain=10 cost=2.00
    neigh(171,98) d=1 terrain=10 cost=2.00
    neigh(171,99) d=2 terrain=10 cost=2.00
    neigh(171,100) d=3 terrain=10 cost=2.60
    neigh(170,100) d=4 terrain=10 cost=2.00
    neigh(169,100) d=5 terrain=10 cost=2.00
    neigh(169,99) d=6 terrain=10 cost=2.00
    neigh(169,98) d=7 terrain=10 cost=2.00
  expand #10: (171,98) boat=1 g=2.82 terrain=10 f_top=30.46
    neigh(171,97) d=0 terrain=10 cost=2.00
    neigh(172,97) d=1 terrain=10 cost=2.00
    neigh(172,98) d=2 terrain=10 cost=2.00
    neigh(172,99) d=3 terrain=10 cost=2.00
    neigh(171,99) d=4 terrain=10 cost=2.00
    neigh(170,99) d=5 terrain=10 cost=2.00
    neigh(170,98) d=6 terrain=10 cost=2.00
    neigh(170,97) d=7 terrain=10 cost=2.00
  expand #11: (173,98) boat=1 g=2.82 terrain=10 f_top=31.28
    neigh(173,97) d=0 terrain=10 cost=2.00
    neigh(174,97) d=1 terrain=10 cost=2.00
    neigh(174,98) d=2 terrain=10 cost=2.00
    neigh(174,99) d=3 terrain=10 cost=2.00
    neigh(173,99) d=4 terrain=10 cost=2.00
    neigh(172,99) d=5 terrain=10 cost=2.00
    neigh(172,98) d=6 terrain=10 cost=2.00
    neigh(172,97) d=7 terrain=10 cost=2.00
  expand #12: (169,99) boat=1 g=6.00 terrain=10 f_top=31.82
    neigh(169,98) d=0 terrain=10 cost=2.00
    neigh(170,98) d=1 terrain=10 cost=2.00
    neigh(170,99) d=2 terrain=10 cost=2.00
    neigh(170,100) d=3 terrain=10 cost=2.00
    neigh(169,100) d=4 terrain=10 cost=2.00
    neigh(168,100) d=5 terrain=10 cost=2.00
    neigh(168,99) d=6 terrain=10 cost=2.00
    neigh(168,98) d=7 terrain=10 cost=2.00
  expand #13: (174,99) boat=1 g=4.00 terrain=10 f_top=31.87
    neigh(174,98) d=0 terrain=10 cost=2.00
    neigh(175,98) d=1 terrain=10 cost=2.00
    neigh(175,99) d=2 terrain=10 cost=2.00
    neigh(175,100) d=3 terrain=10 cost=2.00
    neigh(174,100) d=4 terrain=10 cost=2.00
    neigh(173,100) d=5 terrain=10 cost=2.00
    neigh(173,99) d=6 terrain=10 cost=2.00
    neigh(173,98) d=7 terrain=10 cost=2.00
  expand #14: (174,101) boat=1 g=6.34 terrain=10 f_top=32.22
    neigh(174,100) d=0 terrain=10 cost=2.00
    neigh(175,100) d=1 terrain=10 cost=2.00
    neigh(175,101) d=2 terrain=10 cost=2.40
    neigh(175,102) d=3 terrain=1 cost=2.70
    neigh(174,102) d=4 terrain=1 cost=2.90
    neigh(173,102) d=5 terrain=1 cost=3.60
    neigh(173,101) d=6 terrain=10 cost=3.00
    neigh(173,100) d=7 terrain=10 cost=2.00
  expand #15: (170,101) boat=1 g=8.04 terrain=10 f_top=32.27
    neigh(170,100) d=0 terrain=10 cost=2.00
    neigh(171,100) d=1 terrain=10 cost=2.60
    neigh(171,101) d=2 terrain=10 cost=3.20
    neigh(171,102) d=3 terrain=1 cost=3.70
    neigh(170,102) d=4 terrain=1 cost=3.70
    neigh(169,102) d=5 terrain=1 cost=3.60
    neigh(169,101) d=6 terrain=10 cost=3.00
    neigh(169,100) d=7 terrain=10 cost=2.00
  expand #16: (172,102) boat=1 g=8.80 terrain=1 f_top=32.85
    neigh(172,101) d=0 terrain=10 cost=3.10
    neigh(173,101) d=1 terrain=10 cost=3.00
    neigh(173,102) d=2 terrain=1 cost=3.60
    neigh(172,103) d=4 terrain=2 cost=20.27
    neigh(171,102) d=6 terrain=1 cost=3.70
    neigh(171,101) d=7 terrain=10 cost=3.20
  expand #17: (170,100) boat=1 g=7.64 terrain=10 f_top=32.87
    neigh(170,99) d=0 terrain=10 cost=2.00
    neigh(171,99) d=1 terrain=10 cost=2.00
    neigh(171,100) d=2 terrain=10 cost=2.60
    neigh(171,101) d=3 terrain=10 cost=3.20
    neigh(170,101) d=4 terrain=10 cost=3.10
    neigh(169,101) d=5 terrain=10 cost=3.00
    neigh(169,100) d=6 terrain=10 cost=2.00
    neigh(169,99) d=7 terrain=10 cost=2.00
  expand #18: (172,97) boat=1 g=4.00 terrain=10 f_top=33.05
    neigh(172,96) d=0 terrain=10 cost=2.00
    neigh(173,96) d=1 terrain=10 cost=2.00
    neigh(173,97) d=2 terrain=10 cost=2.00
    neigh(173,98) d=3 terrain=10 cost=2.00
    neigh(172,98) d=4 terrain=10 cost=2.00
    neigh(171,98) d=5 terrain=10 cost=2.00
    neigh(171,97) d=6 terrain=10 cost=2.00
    neigh(171,96) d=7 terrain=10 cost=2.00
  expand #19: (173,101) boat=1 g=7.82 terrain=10 f_top=33.28
    neigh(173,100) d=0 terrain=10 cost=2.00
    neigh(174,100) d=1 terrain=10 cost=2.00
    neigh(174,101) d=2 terrain=10 cost=2.50
    neigh(174,102) d=3 terrain=1 cost=2.90
    neigh(173,102) d=4 terrain=1 cost=3.60
    neigh(172,102) d=5 terrain=1 cost=3.70
    neigh(172,101) d=6 terrain=10 cost=3.10
    neigh(172,100) d=7 terrain=10 cost=2.00
  expand #20: (168,99) boat=1 g=8.00 terrain=10 f_top=33.41
    neigh(168,98) d=0 terrain=10 cost=2.00
    neigh(169,98) d=1 terrain=10 cost=2.00
    neigh(169,99) d=2 terrain=10 cost=2.00
    neigh(169,100) d=3 terrain=10 cost=2.00
    neigh(168,100) d=4 terrain=10 cost=2.00
    neigh(167,100) d=5 terrain=10 cost=2.00
    neigh(167,99) d=6 terrain=10 cost=2.00
    neigh(167,98) d=7 terrain=10 cost=2.00
  FOUND dest at expand #2503, cost=111.29
  result=111.29 expanded=2503 open_remaining=766 term=FOUND
  timing: init=35.2us search=1277.8us total=1313.0us  per-expand=0.51us
  heap: pushes=4794 pops=4028 stale_pops=1525 peak_open=767
  neigh: total=20016 oob=0 diag_blocked=371 cost_inf=28 already_closed=9187 worse_g=5637 relaxed=4793

=== cost_to(172,99)->(168,132) boat=1 sh=40 tr=40 mn=40 arm=40 budget=16000 src_terrain=10 dst_terrain=7 ===
  expand #1: (172,99) boat=1 g=0.00 terrain=10 f_top=34.64
    neigh(172,98) d=0 terrain=10 cost=2.00
    neigh(173,98) d=1 terrain=10 cost=2.00
    neigh(173,99) d=2 terrain=10 cost=2.00
    neigh(173,100) d=3 terrain=10 cost=2.00
    neigh(172,100) d=4 terrain=10 cost=2.00
    neigh(171,100) d=5 terrain=10 cost=2.60
    neigh(171,99) d=6 terrain=10 cost=2.00
    neigh(171,98) d=7 terrain=10 cost=2.00
  expand #2: (172,100) boat=1 g=2.00 terrain=10 f_top=35.64
    neigh(172,99) d=0 terrain=10 cost=2.00
    neigh(173,99) d=1 terrain=10 cost=2.00
    neigh(173,100) d=2 terrain=10 cost=2.00
    neigh(173,101) d=3 terrain=10 cost=3.00
    neigh(172,101) d=4 terrain=10 cost=3.10
    neigh(171,101) d=5 terrain=10 cost=3.20
    neigh(171,100) d=6 terrain=10 cost=2.60
    neigh(171,99) d=7 terrain=10 cost=2.00
  expand #3: (171,99) boat=1 g=2.00 terrain=10 f_top=36.23
    neigh(171,98) d=0 terrain=10 cost=2.00
    neigh(172,98) d=1 terrain=10 cost=2.00
    neigh(172,99) d=2 terrain=10 cost=2.00
    neigh(172,100) d=3 terrain=10 cost=2.00
    neigh(171,100) d=4 terrain=10 cost=2.60
    neigh(170,100) d=5 terrain=10 cost=2.00
    neigh(170,99) d=6 terrain=10 cost=2.00
    neigh(170,98) d=7 terrain=10 cost=2.00
  expand #4: (173,100) boat=1 g=2.82 terrain=10 f_top=36.87
    neigh(173,99) d=0 terrain=10 cost=2.00
    neigh(174,99) d=1 terrain=10 cost=2.00
    neigh(174,100) d=2 terrain=10 cost=2.00
    neigh(174,101) d=3 terrain=10 cost=2.50
    neigh(173,101) d=4 terrain=10 cost=3.00
    neigh(172,101) d=5 terrain=10 cost=3.10
    neigh(172,100) d=6 terrain=10 cost=2.00
    neigh(172,99) d=7 terrain=10 cost=2.00
  expand #5: (171,100) boat=1 g=3.67 terrain=10 f_top=36.90
    neigh(171,99) d=0 terrain=10 cost=2.00
    neigh(172,99) d=1 terrain=10 cost=2.00
    neigh(172,100) d=2 terrain=10 cost=2.00
    neigh(172,101) d=3 terrain=10 cost=3.10
    neigh(171,101) d=4 terrain=10 cost=3.20
    neigh(170,101) d=5 terrain=10 cost=3.10
    neigh(170,100) d=6 terrain=10 cost=2.00
    neigh(170,99) d=7 terrain=10 cost=2.00
  expand #6: (173,99) boat=1 g=2.00 terrain=10 f_top=37.05
    neigh(173,98) d=0 terrain=10 cost=2.00
    neigh(174,98) d=1 terrain=10 cost=2.00
    neigh(174,99) d=2 terrain=10 cost=2.00
    neigh(174,100) d=3 terrain=10 cost=2.00
    neigh(173,100) d=4 terrain=10 cost=2.00
    neigh(172,100) d=5 terrain=10 cost=2.00
    neigh(172,99) d=6 terrain=10 cost=2.00
    neigh(172,98) d=7 terrain=10 cost=2.00
  expand #7: (172,98) boat=1 g=2.00 terrain=10 f_top=37.64
    neigh(172,97) d=0 terrain=10 cost=2.00
    neigh(173,97) d=1 terrain=10 cost=2.00
    neigh(173,98) d=2 terrain=10 cost=2.00
    neigh(173,99) d=3 terrain=10 cost=2.00
    neigh(172,99) d=4 terrain=10 cost=2.00
    neigh(171,99) d=5 terrain=10 cost=2.00
    neigh(171,98) d=6 terrain=10 cost=2.00
    neigh(171,97) d=7 terrain=10 cost=2.00
  expand #8: (172,101) boat=1 g=5.10 terrain=10 f_top=37.74
    neigh(172,100) d=0 terrain=10 cost=2.00
    neigh(173,100) d=1 terrain=10 cost=2.00
    neigh(173,101) d=2 terrain=10 cost=3.00
    neigh(173,102) d=3 terrain=1 cost=3.60
    neigh(172,102) d=4 terrain=1 cost=3.70
    neigh(171,102) d=5 terrain=1 cost=3.70
    neigh(171,101) d=6 terrain=10 cost=3.20
    neigh(171,100) d=7 terrain=10 cost=2.60
  expand #9: (170,99) boat=1 g=4.00 terrain=10 f_top=37.82
    neigh(170,98) d=0 terrain=10 cost=2.00
    neigh(171,98) d=1 terrain=10 cost=2.00
    neigh(171,99) d=2 terrain=10 cost=2.00
    neigh(171,100) d=3 terrain=10 cost=2.60
    neigh(170,100) d=4 terrain=10 cost=2.00
    neigh(169,100) d=5 terrain=10 cost=2.00
    neigh(169,99) d=6 terrain=10 cost=2.00
    neigh(169,98) d=7 terrain=10 cost=2.00
  expand #10: (171,98) boat=1 g=2.82 terrain=10 f_top=38.05
    neigh(171,97) d=0 terrain=10 cost=2.00
    neigh(172,97) d=1 terrain=10 cost=2.00
    neigh(172,98) d=2 terrain=10 cost=2.00
    neigh(172,99) d=3 terrain=10 cost=2.00
    neigh(171,99) d=4 terrain=10 cost=2.00
    neigh(170,99) d=5 terrain=10 cost=2.00
    neigh(170,98) d=6 terrain=10 cost=2.00
    neigh(170,97) d=7 terrain=10 cost=2.00
  expand #11: (173,98) boat=1 g=2.82 terrain=10 f_top=38.87
    neigh(173,97) d=0 terrain=10 cost=2.00
    neigh(174,97) d=1 terrain=10 cost=2.00
    neigh(174,98) d=2 terrain=10 cost=2.00
    neigh(174,99) d=3 terrain=10 cost=2.00
    neigh(173,99) d=4 terrain=10 cost=2.00
    neigh(172,99) d=5 terrain=10 cost=2.00
    neigh(172,98) d=6 terrain=10 cost=2.00
    neigh(172,97) d=7 terrain=10 cost=2.00
  expand #12: (169,99) boat=1 g=6.00 terrain=10 f_top=39.41
    neigh(169,98) d=0 terrain=10 cost=2.00
    neigh(170,98) d=1 terrain=10 cost=2.00
    neigh(170,99) d=2 terrain=10 cost=2.00
    neigh(170,100) d=3 terrain=10 cost=2.00
    neigh(169,100) d=4 terrain=10 cost=2.00
    neigh(168,100) d=5 terrain=10 cost=2.00
    neigh(168,99) d=6 terrain=10 cost=2.00
    neigh(168,98) d=7 terrain=10 cost=2.00
  expand #13: (174,99) boat=1 g=4.00 terrain=10 f_top=39.46
    neigh(174,98) d=0 terrain=10 cost=2.00
    neigh(175,98) d=1 terrain=10 cost=2.00
    neigh(175,99) d=2 terrain=10 cost=2.00
    neigh(175,100) d=3 terrain=10 cost=2.00
    neigh(174,100) d=4 terrain=10 cost=2.00
    neigh(173,100) d=5 terrain=10 cost=2.00
    neigh(173,99) d=6 terrain=10 cost=2.00
    neigh(173,98) d=7 terrain=10 cost=2.00
  expand #14: (174,101) boat=1 g=6.34 terrain=10 f_top=39.81
    neigh(174,100) d=0 terrain=10 cost=2.00
    neigh(175,100) d=1 terrain=10 cost=2.00
    neigh(175,101) d=2 terrain=10 cost=2.40
    neigh(175,102) d=3 terrain=1 cost=2.70
    neigh(174,102) d=4 terrain=1 cost=2.90
    neigh(173,102) d=5 terrain=1 cost=3.60
    neigh(173,101) d=6 terrain=10 cost=3.00
    neigh(173,100) d=7 terrain=10 cost=2.00
  expand #15: (170,101) boat=1 g=8.04 terrain=10 f_top=39.86
    neigh(170,100) d=0 terrain=10 cost=2.00
    neigh(171,100) d=1 terrain=10 cost=2.60
    neigh(171,101) d=2 terrain=10 cost=3.20
    neigh(171,102) d=3 terrain=1 cost=3.70
    neigh(170,102) d=4 terrain=1 cost=3.70
    neigh(169,102) d=5 terrain=1 cost=3.60
    neigh(169,101) d=6 terrain=10 cost=3.00
    neigh(169,100) d=7 terrain=10 cost=2.00
  expand #16: (172,102) boat=1 g=8.80 terrain=1 f_top=40.44
    neigh(172,101) d=0 terrain=10 cost=3.10
    neigh(173,101) d=1 terrain=10 cost=3.00
    neigh(173,102) d=2 terrain=1 cost=3.60
    neigh(172,103) d=4 terrain=2 cost=20.27
    neigh(171,102) d=6 terrain=1 cost=3.70
    neigh(171,101) d=7 terrain=10 cost=3.20
  expand #17: (170,100) boat=1 g=7.64 terrain=10 f_top=40.46
    neigh(170,99) d=0 terrain=10 cost=2.00
    neigh(171,99) d=1 terrain=10 cost=2.00
    neigh(171,100) d=2 terrain=10 cost=2.60
    neigh(171,101) d=3 terrain=10 cost=3.20
    neigh(170,101) d=4 terrain=10 cost=3.10
    neigh(169,101) d=5 terrain=10 cost=3.00
    neigh(169,100) d=6 terrain=10 cost=2.00
    neigh(169,99) d=7 terrain=10 cost=2.00
  expand #18: (172,97) boat=1 g=4.00 terrain=10 f_top=40.64
    neigh(172,96) d=0 terrain=10 cost=2.00
    neigh(173,96) d=1 terrain=10 cost=2.00
    neigh(173,97) d=2 terrain=10 cost=2.00
    neigh(173,98) d=3 terrain=10 cost=2.00
    neigh(172,98) d=4 terrain=10 cost=2.00
    neigh(171,98) d=5 terrain=10 cost=2.00
    neigh(171,97) d=6 terrain=10 cost=2.00
    neigh(171,96) d=7 terrain=10 cost=2.00
  expand #19: (173,101) boat=1 g=7.82 terrain=10 f_top=40.87
    neigh(173,100) d=0 terrain=10 cost=2.00
    neigh(174,100) d=1 terrain=10 cost=2.00
    neigh(174,101) d=2 terrain=10 cost=2.50
    neigh(174,102) d=3 terrain=1 cost=2.90
    neigh(173,102) d=4 terrain=1 cost=3.60
    neigh(172,102) d=5 terrain=1 cost=3.70
    neigh(172,101) d=6 terrain=10 cost=3.10
    neigh(172,100) d=7 terrain=10 cost=2.00
  expand #20: (168,99) boat=1 g=8.00 terrain=10 f_top=41.00
    neigh(168,98) d=0 terrain=10 cost=2.00
    neigh(169,98) d=1 terrain=10 cost=2.00
    neigh(169,99) d=2 terrain=10 cost=2.00
    neigh(169,100) d=3 terrain=10 cost=2.00
    neigh(168,100) d=4 terrain=10 cost=2.00
    neigh(167,100) d=5 terrain=10 cost=2.00
    neigh(167,99) d=6 terrain=10 cost=2.00
    neigh(167,98) d=7 terrain=10 cost=2.00
  FOUND dest at expand #3633, cost=130.95
  result=130.95 expanded=3633 open_remaining=877 term=FOUND
  timing: init=33.0us search=1401.3us total=1434.3us  per-expand=0.39us
  heap: pushes=6804 pops=5927 stale_pops=2294 peak_open=890
  neigh: total=29056 oob=0 diag_blocked=501 cost_inf=43 already_closed=13493 worse_g=8216 relaxed=6803

=== cost_to(172,99)->(134,112) boat=1 sh=40 tr=40 mn=40 arm=40 budget=16000 src_terrain=10 dst_terrain=7 ===
  expand #1: (172,99) boat=1 g=0.00 terrain=10 f_top=43.33
    neigh(172,98) d=0 terrain=10 cost=2.00
    neigh(173,98) d=1 terrain=10 cost=2.00
    neigh(173,99) d=2 terrain=10 cost=2.00
    neigh(173,100) d=3 terrain=10 cost=2.00
    neigh(172,100) d=4 terrain=10 cost=2.00
    neigh(171,100) d=5 terrain=10 cost=2.60
    neigh(171,99) d=6 terrain=10 cost=2.00
    neigh(171,98) d=7 terrain=10 cost=2.00
  expand #2: (171,99) boat=1 g=2.00 terrain=10 f_top=44.33
    neigh(171,98) d=0 terrain=10 cost=2.00
    neigh(172,98) d=1 terrain=10 cost=2.00
    neigh(172,99) d=2 terrain=10 cost=2.00
    neigh(172,100) d=3 terrain=10 cost=2.00
    neigh(171,100) d=4 terrain=10 cost=2.60
    neigh(170,100) d=5 terrain=10 cost=2.00
    neigh(170,99) d=6 terrain=10 cost=2.00
    neigh(170,98) d=7 terrain=10 cost=2.00
  expand #3: (172,100) boat=1 g=2.00 terrain=10 f_top=44.92
    neigh(172,99) d=0 terrain=10 cost=2.00
    neigh(173,99) d=1 terrain=10 cost=2.00
    neigh(173,100) d=2 terrain=10 cost=2.00
    neigh(173,101) d=3 terrain=10 cost=3.00
    neigh(172,101) d=4 terrain=10 cost=3.10
    neigh(171,101) d=5 terrain=10 cost=3.20
    neigh(171,100) d=6 terrain=10 cost=2.60
    neigh(171,99) d=7 terrain=10 cost=2.00
  expand #4: (170,99) boat=1 g=4.00 terrain=10 f_top=45.33
    neigh(170,98) d=0 terrain=10 cost=2.00
    neigh(171,98) d=1 terrain=10 cost=2.00
    neigh(171,99) d=2 terrain=10 cost=2.00
    neigh(171,100) d=3 terrain=10 cost=2.60
    neigh(170,100) d=4 terrain=10 cost=2.00
    neigh(169,100) d=5 terrain=10 cost=2.00
    neigh(169,99) d=6 terrain=10 cost=2.00
    neigh(169,98) d=7 terrain=10 cost=2.00
  expand #5: (171,98) boat=1 g=2.82 terrain=10 f_top=45.56
    neigh(171,97) d=0 terrain=10 cost=2.00
    neigh(172,97) d=1 terrain=10 cost=2.00
    neigh(172,98) d=2 terrain=10 cost=2.00
    neigh(172,99) d=3 terrain=10 cost=2.00
    neigh(171,99) d=4 terrain=10 cost=2.00
    neigh(170,99) d=5 terrain=10 cost=2.00
    neigh(170,98) d=6 terrain=10 cost=2.00
    neigh(170,97) d=7 terrain=10 cost=2.00
  expand #6: (171,100) boat=1 g=3.67 terrain=10 f_top=45.59
    neigh(171,99) d=0 terrain=10 cost=2.00
    neigh(172,99) d=1 terrain=10 cost=2.00
    neigh(172,100) d=2 terrain=10 cost=2.00
    neigh(172,101) d=3 terrain=10 cost=3.10
    neigh(171,101) d=4 terrain=10 cost=3.20
    neigh(170,101) d=5 terrain=10 cost=3.10
    neigh(170,100) d=6 terrain=10 cost=2.00
    neigh(170,99) d=7 terrain=10 cost=2.00
  expand #7: (172,98) boat=1 g=2.00 terrain=10 f_top=45.74
    neigh(172,97) d=0 terrain=10 cost=2.00
    neigh(173,97) d=1 terrain=10 cost=2.00
    neigh(173,98) d=2 terrain=10 cost=2.00
    neigh(173,99) d=3 terrain=10 cost=2.00
    neigh(172,99) d=4 terrain=10 cost=2.00
    neigh(171,99) d=5 terrain=10 cost=2.00
    neigh(171,98) d=6 terrain=10 cost=2.00
    neigh(171,97) d=7 terrain=10 cost=2.00
  expand #8: (173,99) boat=1 g=2.00 terrain=10 f_top=46.33
    neigh(173,98) d=0 terrain=10 cost=2.00
    neigh(174,98) d=1 terrain=10 cost=2.00
    neigh(174,99) d=2 terrain=10 cost=2.00
    neigh(174,100) d=3 terrain=10 cost=2.00
    neigh(173,100) d=4 terrain=10 cost=2.00
    neigh(172,100) d=5 terrain=10 cost=2.00
    neigh(172,99) d=6 terrain=10 cost=2.00
    neigh(172,98) d=7 terrain=10 cost=2.00
  expand #9: (169,99) boat=1 g=6.00 terrain=10 f_top=46.33
    neigh(169,98) d=0 terrain=10 cost=2.00
    neigh(170,98) d=1 terrain=10 cost=2.00
    neigh(170,99) d=2 terrain=10 cost=2.00
    neigh(170,100) d=3 terrain=10 cost=2.00
    neigh(169,100) d=4 terrain=10 cost=2.00
    neigh(168,100) d=5 terrain=10 cost=2.00
    neigh(168,99) d=6 terrain=10 cost=2.00
    neigh(168,98) d=7 terrain=10 cost=2.00
  expand #10: (173,100) boat=1 g=2.82 terrain=10 f_top=46.74
    neigh(173,99) d=0 terrain=10 cost=2.00
    neigh(174,99) d=1 terrain=10 cost=2.00
    neigh(174,100) d=2 terrain=10 cost=2.00
    neigh(174,101) d=3 terrain=10 cost=2.50
    neigh(173,101) d=4 terrain=10 cost=3.00
    neigh(172,101) d=5 terrain=10 cost=3.10
    neigh(172,100) d=6 terrain=10 cost=2.00
    neigh(172,99) d=7 terrain=10 cost=2.00
  expand #11: (168,99) boat=1 g=8.00 terrain=10 f_top=47.33
    neigh(168,98) d=0 terrain=10 cost=2.00
    neigh(169,98) d=1 terrain=10 cost=2.00
    neigh(169,99) d=2 terrain=10 cost=2.00
    neigh(169,100) d=3 terrain=10 cost=2.00
    neigh(168,100) d=4 terrain=10 cost=2.00
    neigh(167,100) d=5 terrain=10 cost=2.00
    neigh(167,99) d=6 terrain=10 cost=2.00
    neigh(167,98) d=7 terrain=10 cost=2.00
  expand #12: (173,98) boat=1 g=2.82 terrain=10 f_top=47.56
    neigh(173,97) d=0 terrain=10 cost=2.00
    neigh(174,97) d=1 terrain=10 cost=2.00
    neigh(174,98) d=2 terrain=10 cost=2.00
    neigh(174,99) d=3 terrain=10 cost=2.00
    neigh(173,99) d=4 terrain=10 cost=2.00
    neigh(172,99) d=5 terrain=10 cost=2.00
    neigh(172,98) d=6 terrain=10 cost=2.00
    neigh(172,97) d=7 terrain=10 cost=2.00
  expand #13: (172,101) boat=1 g=5.10 terrain=10 f_top=47.61
    neigh(172,100) d=0 terrain=10 cost=2.00
    neigh(173,100) d=1 terrain=10 cost=2.00
    neigh(173,101) d=2 terrain=10 cost=3.00
    neigh(173,102) d=3 terrain=1 cost=3.60
    neigh(172,102) d=4 terrain=1 cost=3.70
    neigh(171,102) d=5 terrain=1 cost=3.70
    neigh(171,101) d=6 terrain=10 cost=3.20
    neigh(171,100) d=7 terrain=10 cost=2.60
  expand #14: (170,97) boat=1 g=5.64 terrain=10 f_top=47.79
    neigh(170,96) d=0 terrain=10 cost=2.00
    neigh(171,96) d=1 terrain=10 cost=2.00
    neigh(171,97) d=2 terrain=10 cost=2.00
    neigh(171,98) d=3 terrain=10 cost=2.00
    neigh(170,98) d=4 terrain=10 cost=2.00
    neigh(169,98) d=5 terrain=10 cost=2.00
    neigh(169,97) d=6 terrain=10 cost=2.00
    neigh(169,96) d=7 terrain=10 cost=2.00
  expand #15: (172,97) boat=1 g=4.00 terrain=10 f_top=48.15
    neigh(172,96) d=0 terrain=10 cost=2.00
    neigh(173,96) d=1 terrain=10 cost=2.00
    neigh(173,97) d=2 terrain=10 cost=2.00
    neigh(173,98) d=3 terrain=10 cost=2.00
    neigh(172,98) d=4 terrain=10 cost=2.00
    neigh(171,98) d=5 terrain=10 cost=2.00
    neigh(171,97) d=6 terrain=10 cost=2.00
    neigh(171,96) d=7 terrain=10 cost=2.00
  expand #16: (167,99) boat=1 g=10.00 terrain=10 f_top=48.33
    neigh(167,98) d=0 terrain=10 cost=2.00
    neigh(168,98) d=1 terrain=10 cost=2.00
    neigh(168,99) d=2 terrain=10 cost=2.00
    neigh(168,100) d=3 terrain=10 cost=2.00
    neigh(167,100) d=4 terrain=10 cost=2.00
    neigh(166,100) d=5 terrain=10 cost=2.00
    neigh(166,99) d=6 terrain=10 cost=2.00
    neigh(166,98) d=7 terrain=10 cost=2.00
  expand #17: (170,101) boat=1 g=8.04 terrain=10 f_top=48.55
    neigh(170,100) d=0 terrain=10 cost=2.00
    neigh(171,100) d=1 terrain=10 cost=2.60
    neigh(171,101) d=2 terrain=10 cost=3.20
    neigh(171,102) d=3 terrain=1 cost=3.70
    neigh(170,102) d=4 terrain=1 cost=3.70
    neigh(169,102) d=5 terrain=1 cost=3.60
    neigh(169,101) d=6 terrain=10 cost=3.00
    neigh(169,100) d=7 terrain=10 cost=2.00
  expand #18: (170,100) boat=1 g=7.64 terrain=10 f_top=48.56
    neigh(170,99) d=0 terrain=10 cost=2.00
    neigh(171,99) d=1 terrain=10 cost=2.00
    neigh(171,100) d=2 terrain=10 cost=2.60
    neigh(171,101) d=3 terrain=10 cost=3.20
    neigh(170,101) d=4 terrain=10 cost=3.10
    neigh(169,101) d=5 terrain=10 cost=3.00
    neigh(169,100) d=6 terrain=10 cost=2.00
    neigh(169,99) d=7 terrain=10 cost=2.00
  expand #19: (170,98) boat=1 g=6.82 terrain=10 f_top=48.56
    neigh(170,97) d=0 terrain=10 cost=2.00
    neigh(171,97) d=1 terrain=10 cost=2.00
    neigh(171,98) d=2 terrain=10 cost=2.00
    neigh(171,99) d=3 terrain=10 cost=2.00
    neigh(170,99) d=4 terrain=10 cost=2.00
    neigh(169,99) d=5 terrain=10 cost=2.00
    neigh(169,98) d=6 terrain=10 cost=2.00
    neigh(169,97) d=7 terrain=10 cost=2.00
  expand #20: (166,99) boat=1 g=12.00 terrain=10 f_top=49.33
    neigh(166,98) d=0 terrain=10 cost=2.00
    neigh(167,98) d=1 terrain=10 cost=2.00
    neigh(167,99) d=2 terrain=10 cost=2.00
    neigh(167,100) d=3 terrain=10 cost=2.00
    neigh(166,100) d=4 terrain=10 cost=2.00
    neigh(165,100) d=5 terrain=10 cost=2.00
    neigh(165,99) d=6 terrain=10 cost=2.00
    neigh(165,98) d=7 terrain=10 cost=2.00
  FOUND dest at expand #2787, cost=122.85
  result=122.85 expanded=2787 open_remaining=754 term=FOUND
  timing: init=35.3us search=1207.4us total=1242.7us  per-expand=0.43us
  heap: pushes=5305 pops=4551 stale_pops=1764 peak_open=761
  neigh: total=22288 oob=0 diag_blocked=478 cost_inf=39 already_closed=10279 worse_g=6188 relaxed=5304

=== cost_to(157,155)->(154,139) boat=1 sh=40 tr=40 mn=40 arm=40 budget=16000 src_terrain=10 dst_terrain=4 ===
  expand #1: (157,155) boat=1 g=0.00 terrain=10 f_top=17.23
    neigh(157,154) d=0 terrain=10 cost=3.40
    neigh(158,154) d=1 terrain=10 cost=3.20
    neigh(158,155) d=2 terrain=10 cost=2.70
    neigh(158,156) d=3 terrain=10 cost=2.00
    neigh(157,156) d=4 terrain=10 cost=2.00
    neigh(156,156) d=5 terrain=10 cost=2.00
    neigh(156,155) d=6 terrain=10 cost=3.00
    neigh(156,154) d=7 terrain=10 cost=3.60
  expand #2: (157,154) boat=1 g=3.40 terrain=10 f_top=19.63
    neigh(157,153) d=0 terrain=1 cost=4.00
    neigh(158,153) d=1 terrain=1 cost=3.70
    neigh(158,154) d=2 terrain=10 cost=3.20
    neigh(158,155) d=3 terrain=10 cost=2.70
    neigh(157,155) d=4 terrain=10 cost=2.90
    neigh(156,155) d=5 terrain=10 cost=3.00
    neigh(156,154) d=6 terrain=10 cost=3.60
    neigh(156,153) d=7 terrain=1 cost=4.20
  expand #3: (156,155) boat=1 g=3.00 terrain=10 f_top=19.82
    neigh(156,154) d=0 terrain=10 cost=3.60
    neigh(157,154) d=1 terrain=10 cost=3.40
    neigh(157,155) d=2 terrain=10 cost=2.90
    neigh(157,156) d=3 terrain=10 cost=2.00
    neigh(156,156) d=4 terrain=10 cost=2.00
    neigh(155,156) d=5 terrain=10 cost=2.00
    neigh(155,155) d=6 terrain=10 cost=3.10
    neigh(155,154) d=7 terrain=10 cost=3.70
  expand #4: (157,156) boat=1 g=2.00 terrain=10 f_top=20.23
    neigh(157,155) d=0 terrain=10 cost=2.90
    neigh(158,155) d=1 terrain=10 cost=2.70
    neigh(158,156) d=2 terrain=10 cost=2.00
    neigh(158,157) d=3 terrain=10 cost=2.00
    neigh(157,157) d=4 terrain=10 cost=2.00
    neigh(156,157) d=5 terrain=10 cost=2.00
    neigh(156,156) d=6 terrain=10 cost=2.00
    neigh(156,155) d=7 terrain=10 cost=3.00
  expand #5: (158,155) boat=1 g=2.70 terrain=10 f_top=20.34
    neigh(158,154) d=0 terrain=10 cost=3.20
    neigh(159,154) d=1 terrain=10 cost=2.90
    neigh(159,155) d=2 terrain=10 cost=2.00
    neigh(159,156) d=3 terrain=10 cost=2.00
    neigh(158,156) d=4 terrain=10 cost=2.00
    neigh(157,156) d=5 terrain=10 cost=2.00
    neigh(157,155) d=6 terrain=10 cost=2.90
    neigh(157,154) d=7 terrain=10 cost=3.40
  expand #6: (156,156) boat=1 g=2.82 terrain=10 f_top=20.64
    neigh(156,155) d=0 terrain=10 cost=3.00
    neigh(157,155) d=1 terrain=10 cost=2.90
    neigh(157,156) d=2 terrain=10 cost=2.00
    neigh(157,157) d=3 terrain=10 cost=2.00
    neigh(156,157) d=4 terrain=10 cost=2.00
    neigh(155,157) d=5 terrain=10 cost=2.00
    neigh(155,156) d=6 terrain=10 cost=2.00
    neigh(155,155) d=7 terrain=10 cost=3.10
  expand #7: (156,154) boat=1 g=5.08 terrain=10 f_top=20.90
    neigh(156,153) d=0 terrain=1 cost=4.20
    neigh(157,153) d=1 terrain=1 cost=4.00
    neigh(157,154) d=2 terrain=10 cost=3.40
    neigh(157,155) d=3 terrain=10 cost=2.90
    neigh(156,155) d=4 terrain=10 cost=3.00
    neigh(155,155) d=5 terrain=10 cost=3.10
    neigh(155,154) d=6 terrain=10 cost=3.70
    neigh(155,153) d=7 terrain=1 cost=4.30
  expand #8: (158,154) boat=1 g=4.51 terrain=10 f_top=21.15
    neigh(158,153) d=0 terrain=1 cost=3.70
    neigh(159,153) d=1 terrain=1 cost=3.40
    neigh(159,154) d=2 terrain=10 cost=2.90
    neigh(159,155) d=3 terrain=10 cost=2.00
    neigh(158,155) d=4 terrain=10 cost=2.70
    neigh(157,155) d=5 terrain=10 cost=2.90
    neigh(157,154) d=6 terrain=10 cost=3.40
    neigh(157,153) d=7 terrain=1 cost=4.00
  expand #9: (158,156) boat=1 g=2.82 terrain=10 f_top=21.46
    neigh(158,155) d=0 terrain=10 cost=2.70
    neigh(159,155) d=1 terrain=10 cost=2.00
    neigh(159,156) d=2 terrain=10 cost=2.00
    neigh(159,157) d=3 terrain=10 cost=2.00
    neigh(158,157) d=4 terrain=10 cost=2.00
    neigh(157,157) d=5 terrain=10 cost=2.00
    neigh(157,156) d=6 terrain=10 cost=2.00
    neigh(157,155) d=7 terrain=10 cost=2.90
  expand #10: (155,155) boat=1 g=6.10 terrain=10 f_top=22.51
    neigh(155,154) d=0 terrain=10 cost=3.70
    neigh(156,154) d=1 terrain=10 cost=3.60
    neigh(156,155) d=2 terrain=10 cost=3.00
    neigh(156,156) d=3 terrain=10 cost=2.00
    neigh(155,156) d=4 terrain=10 cost=2.00
    neigh(154,156) d=5 terrain=10 cost=2.60
    neigh(154,155) d=6 terrain=10 cost=3.20
    neigh(154,154) d=7 terrain=10 cost=3.70
  expand #11: (157,153) boat=1 g=7.40 terrain=1 f_top=22.63
    neigh(157,152) d=0 terrain=1 cost=4.50
    neigh(158,152) d=1 terrain=1 cost=4.20
    neigh(158,153) d=2 terrain=1 cost=3.70
    neigh(158,154) d=3 terrain=10 cost=3.20
    neigh(157,154) d=4 terrain=10 cost=3.40
    neigh(156,154) d=5 terrain=10 cost=3.60
    neigh(156,153) d=6 terrain=1 cost=4.20
    neigh(156,152) d=7 terrain=1 cost=4.70
  expand #12: (159,155) boat=1 g=4.70 terrain=10 f_top=22.75
    neigh(159,154) d=0 terrain=10 cost=2.90
    neigh(160,154) d=1 terrain=10 cost=2.60
    neigh(160,155) d=2 terrain=10 cost=2.00
    neigh(160,156) d=3 terrain=10 cost=2.00
    neigh(159,156) d=4 terrain=10 cost=2.00
    neigh(158,156) d=5 terrain=10 cost=2.00
    neigh(158,155) d=6 terrain=10 cost=2.70
    neigh(158,154) d=7 terrain=10 cost=3.20
  expand #13: (157,157) boat=1 g=4.00 terrain=10 f_top=23.23
    neigh(157,156) d=0 terrain=10 cost=2.00
    neigh(158,156) d=1 terrain=10 cost=2.00
    neigh(158,157) d=2 terrain=10 cost=2.00
    neigh(158,158) d=3 terrain=10 cost=2.00
    neigh(157,158) d=4 terrain=10 cost=2.00
    neigh(156,158) d=5 terrain=10 cost=2.00
    neigh(156,157) d=6 terrain=10 cost=2.00
    neigh(156,156) d=7 terrain=10 cost=2.00
  expand #14: (155,157) boat=1 g=5.64 terrain=10 f_top=24.05
    neigh(155,156) d=0 terrain=10 cost=2.00
    neigh(156,156) d=1 terrain=10 cost=2.00
    neigh(156,157) d=2 terrain=10 cost=2.00
    neigh(156,158) d=3 terrain=10 cost=2.00
    neigh(155,158) d=4 terrain=10 cost=2.00
    neigh(154,158) d=5 terrain=10 cost=2.00
    neigh(154,157) d=6 terrain=10 cost=2.00
    neigh(154,156) d=7 terrain=10 cost=2.60
  expand #15: (155,156) boat=1 g=6.82 terrain=10 f_top=24.23
    neigh(155,155) d=0 terrain=10 cost=3.10
    neigh(156,155) d=1 terrain=10 cost=3.00
    neigh(156,156) d=2 terrain=10 cost=2.00
    neigh(156,157) d=3 terrain=10 cost=2.00
    neigh(155,157) d=4 terrain=10 cost=2.00
    neigh(154,157) d=5 terrain=10 cost=2.00
    neigh(154,156) d=6 terrain=10 cost=2.60
    neigh(154,155) d=7 terrain=10 cost=3.20
  expand #16: (160,155) boat=1 g=6.70 terrain=10 f_top=25.16
    neigh(160,154) d=0 terrain=10 cost=2.60
    neigh(161,154) d=1 terrain=10 cost=2.00
    neigh(161,155) d=2 terrain=10 cost=2.00
    neigh(161,156) d=3 terrain=10 cost=2.00
    neigh(160,156) d=4 terrain=10 cost=2.00
    neigh(159,156) d=5 terrain=10 cost=2.00
    neigh(159,155) d=6 terrain=10 cost=2.00
    neigh(159,154) d=7 terrain=10 cost=2.90
  expand #17: (154,155) boat=1 g=9.30 terrain=10 f_top=25.30
    neigh(154,154) d=0 terrain=10 cost=3.70
    neigh(155,154) d=1 terrain=10 cost=3.70
    neigh(155,155) d=2 terrain=10 cost=3.10
    neigh(155,156) d=3 terrain=10 cost=2.00
    neigh(154,156) d=4 terrain=10 cost=2.60
    neigh(153,156) d=5 terrain=10 cost=2.00
    neigh(153,155) d=6 terrain=10 cost=3.10
    neigh(153,154) d=7 terrain=10 cost=3.70
  expand #18: (159,153) boat=1 g=9.31 terrain=1 f_top=25.36
    neigh(159,152) d=0 terrain=0 cost=30.00
    neigh(160,153) d=2 terrain=1 cost=2.80
    neigh(160,154) d=3 terrain=10 cost=2.60
    neigh(159,154) d=4 terrain=10 cost=2.90
    neigh(158,154) d=5 terrain=10 cost=3.20
    neigh(158,153) d=6 terrain=1 cost=3.70
  expand #19: (155,153) boat=1 g=11.14 terrain=1 f_top=25.55
    neigh(155,152) d=0 terrain=1 cost=4.90
    neigh(156,152) d=1 terrain=1 cost=4.70
    neigh(156,153) d=2 terrain=1 cost=4.20
    neigh(156,154) d=3 terrain=10 cost=3.60
    neigh(155,154) d=4 terrain=10 cost=3.70
    neigh(154,154) d=5 terrain=10 cost=3.70
    neigh(154,153) d=6 terrain=1 cost=4.30
    neigh(154,152) d=7 terrain=1 cost=4.90
  expand #20: (156,157) boat=1 g=6.82 terrain=10 f_top=25.64
    neigh(156,156) d=0 terrain=10 cost=2.00
    neigh(157,156) d=1 terrain=10 cost=2.00
    neigh(157,157) d=2 terrain=10 cost=2.00
    neigh(157,158) d=3 terrain=10 cost=2.00
    neigh(156,158) d=4 terrain=10 cost=2.00
    neigh(155,158) d=5 terrain=10 cost=2.00
    neigh(155,157) d=6 terrain=10 cost=2.00
    neigh(155,156) d=7 terrain=10 cost=2.00
  FOUND dest at expand #721, cost=68.44
  result=68.44 expanded=721 open_remaining=438 term=FOUND
  timing: init=33.8us search=686.8us total=720.6us  per-expand=0.95us
  heap: pushes=1537 pops=1099 stale_pops=378 peak_open=444
  neigh: total=5760 oob=0 diag_blocked=117 cost_inf=4 already_closed=2486 worse_g=1617 relaxed=1536

=== cost_to(157,155)->(168,132) boat=1 sh=40 tr=40 mn=40 arm=40 budget=16000 src_terrain=10 dst_terrain=7 ===
  expand #1: (157,155) boat=1 g=0.00 terrain=10 f_top=27.51
    neigh(157,154) d=0 terrain=10 cost=3.40
    neigh(158,154) d=1 terrain=10 cost=3.20
    neigh(158,155) d=2 terrain=10 cost=2.70
    neigh(158,156) d=3 terrain=10 cost=2.00
    neigh(157,156) d=4 terrain=10 cost=2.00
    neigh(156,156) d=5 terrain=10 cost=2.00
    neigh(156,155) d=6 terrain=10 cost=3.00
    neigh(156,154) d=7 terrain=10 cost=3.60
  expand #2: (158,155) boat=1 g=2.70 terrain=10 f_top=29.80
    neigh(158,154) d=0 terrain=10 cost=3.20
    neigh(159,154) d=1 terrain=10 cost=2.90
    neigh(159,155) d=2 terrain=10 cost=2.00
    neigh(159,156) d=3 terrain=10 cost=2.00
    neigh(158,156) d=4 terrain=10 cost=2.00
    neigh(157,156) d=5 terrain=10 cost=2.00
    neigh(157,155) d=6 terrain=10 cost=2.90
    neigh(157,154) d=7 terrain=10 cost=3.40
  expand #3: (157,154) boat=1 g=3.40 terrain=10 f_top=29.91
    neigh(157,153) d=0 terrain=1 cost=4.00
    neigh(158,153) d=1 terrain=1 cost=3.70
    neigh(158,154) d=2 terrain=10 cost=3.20
    neigh(158,155) d=3 terrain=10 cost=2.70
    neigh(157,155) d=4 terrain=10 cost=2.90
    neigh(156,155) d=5 terrain=10 cost=3.00
    neigh(156,154) d=6 terrain=10 cost=3.60
    neigh(156,153) d=7 terrain=1 cost=4.20
  expand #4: (157,156) boat=1 g=2.00 terrain=10 f_top=30.51
    neigh(157,155) d=0 terrain=10 cost=2.90
    neigh(158,155) d=1 terrain=10 cost=2.70
    neigh(158,156) d=2 terrain=10 cost=2.00
    neigh(158,157) d=3 terrain=10 cost=2.00
    neigh(157,157) d=4 terrain=10 cost=2.00
    neigh(156,157) d=5 terrain=10 cost=2.00
    neigh(156,156) d=6 terrain=10 cost=2.00
    neigh(156,155) d=7 terrain=10 cost=3.00
  expand #5: (158,154) boat=1 g=4.51 terrain=10 f_top=30.61
    neigh(158,153) d=0 terrain=1 cost=3.70
    neigh(159,153) d=1 terrain=1 cost=3.40
    neigh(159,154) d=2 terrain=10 cost=2.90
    neigh(159,155) d=3 terrain=10 cost=2.00
    neigh(158,155) d=4 terrain=10 cost=2.70
    neigh(157,155) d=5 terrain=10 cost=2.90
    neigh(157,154) d=6 terrain=10 cost=3.40
    neigh(157,153) d=7 terrain=1 cost=4.00
  expand #6: (158,156) boat=1 g=2.82 terrain=10 f_top=30.92
    neigh(158,155) d=0 terrain=10 cost=2.70
    neigh(159,155) d=1 terrain=10 cost=2.00
    neigh(159,156) d=2 terrain=10 cost=2.00
    neigh(159,157) d=3 terrain=10 cost=2.00
    neigh(158,157) d=4 terrain=10 cost=2.00
    neigh(157,157) d=5 terrain=10 cost=2.00
    neigh(157,156) d=6 terrain=10 cost=2.00
    neigh(157,155) d=7 terrain=10 cost=2.90
  expand #7: (156,155) boat=1 g=3.00 terrain=10 f_top=30.92
    neigh(156,154) d=0 terrain=10 cost=3.60
    neigh(157,154) d=1 terrain=10 cost=3.40
    neigh(157,155) d=2 terrain=10 cost=2.90
    neigh(157,156) d=3 terrain=10 cost=2.00
    neigh(156,156) d=4 terrain=10 cost=2.00
    neigh(155,156) d=5 terrain=10 cost=2.00
    neigh(155,155) d=6 terrain=10 cost=3.10
    neigh(155,154) d=7 terrain=10 cost=3.70
  expand #8: (159,155) boat=1 g=4.70 terrain=10 f_top=31.39
    neigh(159,154) d=0 terrain=10 cost=2.90
    neigh(160,154) d=1 terrain=10 cost=2.60
    neigh(160,155) d=2 terrain=10 cost=2.00
    neigh(160,156) d=3 terrain=10 cost=2.00
    neigh(159,156) d=4 terrain=10 cost=2.00
    neigh(158,156) d=5 terrain=10 cost=2.00
    neigh(158,155) d=6 terrain=10 cost=2.70
    neigh(158,154) d=7 terrain=10 cost=3.20
  expand #9: (156,156) boat=1 g=2.82 terrain=10 f_top=31.74
    neigh(156,155) d=0 terrain=10 cost=3.00
    neigh(157,155) d=1 terrain=10 cost=2.90
    neigh(157,156) d=2 terrain=10 cost=2.00
    neigh(157,157) d=3 terrain=10 cost=2.00
    neigh(156,157) d=4 terrain=10 cost=2.00
    neigh(155,157) d=5 terrain=10 cost=2.00
    neigh(155,156) d=6 terrain=10 cost=2.00
    neigh(155,155) d=7 terrain=10 cost=3.10
  expand #10: (156,154) boat=1 g=5.08 terrain=10 f_top=32.00
    neigh(156,153) d=0 terrain=1 cost=4.20
    neigh(157,153) d=1 terrain=1 cost=4.00
    neigh(157,154) d=2 terrain=10 cost=3.40
    neigh(157,155) d=3 terrain=10 cost=2.90
    neigh(156,155) d=4 terrain=10 cost=3.00
    neigh(155,155) d=5 terrain=10 cost=3.10
    neigh(155,154) d=6 terrain=10 cost=3.70
    neigh(155,153) d=7 terrain=1 cost=4.30
  expand #11: (157,153) boat=1 g=7.40 terrain=1 f_top=32.91
    neigh(157,152) d=0 terrain=1 cost=4.50
    neigh(158,152) d=1 terrain=1 cost=4.20
    neigh(158,153) d=2 terrain=1 cost=3.70
    neigh(158,154) d=3 terrain=10 cost=3.20
    neigh(157,154) d=4 terrain=10 cost=3.40
    neigh(156,154) d=5 terrain=10 cost=3.60
    neigh(156,153) d=6 terrain=1 cost=4.20
    neigh(156,152) d=7 terrain=1 cost=4.70
  expand #12: (160,155) boat=1 g=6.70 terrain=10 f_top=32.98
    neigh(160,154) d=0 terrain=10 cost=2.60
    neigh(161,154) d=1 terrain=10 cost=2.00
    neigh(161,155) d=2 terrain=10 cost=2.00
    neigh(161,156) d=3 terrain=10 cost=2.00
    neigh(160,156) d=4 terrain=10 cost=2.00
    neigh(159,156) d=5 terrain=10 cost=2.00
    neigh(159,155) d=6 terrain=10 cost=2.00
    neigh(159,154) d=7 terrain=10 cost=2.90
  expand #13: (157,157) boat=1 g=4.00 terrain=10 f_top=33.51
    neigh(157,156) d=0 terrain=10 cost=2.00
    neigh(158,156) d=1 terrain=10 cost=2.00
    neigh(158,157) d=2 terrain=10 cost=2.00
    neigh(158,158) d=3 terrain=10 cost=2.00
    neigh(157,158) d=4 terrain=10 cost=2.00
    neigh(156,158) d=5 terrain=10 cost=2.00
    neigh(156,157) d=6 terrain=10 cost=2.00
    neigh(156,156) d=7 terrain=10 cost=2.00
  expand #14: (159,153) boat=1 g=9.31 terrain=1 f_top=34.00
    neigh(159,152) d=0 terrain=0 cost=30.00
    neigh(160,153) d=2 terrain=1 cost=2.80
    neigh(160,154) d=3 terrain=10 cost=2.60
    neigh(159,154) d=4 terrain=10 cost=2.90
    neigh(158,154) d=5 terrain=10 cost=3.20
    neigh(158,153) d=6 terrain=1 cost=3.70
  expand #15: (159,157) boat=1 g=5.64 terrain=10 f_top=34.33
    neigh(159,156) d=0 terrain=10 cost=2.00
    neigh(160,156) d=1 terrain=10 cost=2.00
    neigh(160,157) d=2 terrain=10 cost=2.00
    neigh(160,158) d=3 terrain=10 cost=2.00
    neigh(159,158) d=4 terrain=10 cost=2.00
    neigh(158,158) d=5 terrain=10 cost=2.00
    neigh(158,157) d=6 terrain=10 cost=2.00
    neigh(158,156) d=7 terrain=10 cost=2.00
  expand #16: (155,155) boat=1 g=6.10 terrain=10 f_top=34.43
    neigh(155,154) d=0 terrain=10 cost=3.70
    neigh(156,154) d=1 terrain=10 cost=3.60
    neigh(156,155) d=2 terrain=10 cost=3.00
    neigh(156,156) d=3 terrain=10 cost=2.00
    neigh(155,156) d=4 terrain=10 cost=2.00
    neigh(154,156) d=5 terrain=10 cost=2.60
    neigh(154,155) d=6 terrain=10 cost=3.20
    neigh(154,154) d=7 terrain=10 cost=3.70
  expand #17: (159,156) boat=1 g=6.82 terrain=10 f_top=34.51
    neigh(159,155) d=0 terrain=10 cost=2.00
    neigh(160,155) d=1 terrain=10 cost=2.00
    neigh(160,156) d=2 terrain=10 cost=2.00
    neigh(160,157) d=3 terrain=10 cost=2.00
    neigh(159,157) d=4 terrain=10 cost=2.00
    neigh(158,157) d=5 terrain=10 cost=2.00
    neigh(158,156) d=6 terrain=10 cost=2.00
    neigh(158,155) d=7 terrain=10 cost=2.70
  expand #18: (161,155) boat=1 g=8.70 terrain=10 f_top=34.57
    neigh(161,154) d=0 terrain=10 cost=2.00
    neigh(162,154) d=1 terrain=10 cost=2.00
    neigh(162,155) d=2 terrain=10 cost=2.00
    neigh(162,156) d=3 terrain=10 cost=2.00
    neigh(161,156) d=4 terrain=10 cost=2.00
    neigh(160,156) d=5 terrain=10 cost=2.00
    neigh(160,155) d=6 terrain=10 cost=2.00
    neigh(160,154) d=7 terrain=10 cost=2.60
  expand #19: (159,154) boat=1 g=9.41 terrain=10 f_top=35.10
    neigh(159,153) d=0 terrain=1 cost=3.40
    neigh(160,153) d=1 terrain=1 cost=2.80
    neigh(160,154) d=2 terrain=10 cost=2.60
    neigh(160,155) d=3 terrain=10 cost=2.00
    neigh(159,155) d=4 terrain=10 cost=2.00
    neigh(158,155) d=5 terrain=10 cost=2.70
    neigh(158,154) d=6 terrain=10 cost=3.20
    neigh(158,153) d=7 terrain=1 cost=3.70
  expand #20: (158,153) boat=1 g=10.21 terrain=1 f_top=35.31
    neigh(158,152) d=0 terrain=1 cost=4.20
    neigh(159,152) d=1 terrain=0 cost=30.00
    neigh(159,153) d=2 terrain=1 cost=3.40
    neigh(159,154) d=3 terrain=10 cost=2.90
    neigh(158,154) d=4 terrain=10 cost=3.20
    neigh(157,154) d=5 terrain=10 cost=3.40
    neigh(157,153) d=6 terrain=1 cost=4.00
    neigh(157,152) d=7 terrain=1 cost=4.50
  FOUND dest at expand #2303, cost=108.25
  result=108.25 expanded=2303 open_remaining=850 term=FOUND
  timing: init=37.9us search=1187.4us total=1225.3us  per-expand=0.52us
  heap: pushes=4533 pops=3683 stale_pops=1380 peak_open=857
  neigh: total=18416 oob=0 diag_blocked=349 cost_inf=27 already_closed=8373 worse_g=5135 relaxed=4532

